  N       20.859        2.701      -12.174    -0.066    3.50        0.160
 HD       20.838        2.264      -11.231     0.275    2.00        0.000
 HD       21.829        2.490      -12.486     0.275    2.00        0.000
 HD       20.144        2.139      -12.678     0.275    2.00        0.000
  C       20.786        4.129      -12.133     0.284    4.00        0.150
  C       19.455        4.498      -11.420     0.128    4.00        0.150
 SA       17.883        3.846      -12.056    -0.095    4.00        0.200
  C       21.972        4.786      -11.539     0.249    4.00        0.150
 OA       22.415        4.497      -10.447    -0.271    3.20        0.200
  N       22.505        5.870      -12.247    -0.346    3.50        0.160
 HD       22.183        6.126      -13.155     0.163    2.00        0.000
  C       23.514        6.694      -11.647     0.185    4.00        0.150
  C       24.549        7.166      -12.697     0.137    4.00        0.150
  C       25.334        5.954      -13.261     0.217    4.00        0.150
 OA       25.169        4.727      -12.941    -0.274    3.20        0.200
  N       26.013        6.115      -14.438    -0.370    3.50        0.160
 HD       26.465        5.362      -14.916     0.159    2.00        0.000
 HD       26.089        7.038      -14.813     0.159    2.00        0.000
  C       22.909        7.835      -10.868     0.241    4.00        0.150
 OA       23.579        8.437      -10.009    -0.271    3.20        0.200
  N       21.708        8.222      -11.221    -0.346    3.50        0.160
 HD       21.113        7.615      -11.742     0.163    2.00        0.000
  C       21.008        9.398      -10.767     0.180    4.00        0.150
  C       21.216       10.594      -11.694     0.073    4.00        0.150
  A       20.294       11.846      -11.533    -0.056    4.00        0.150
  A       19.231       12.080      -12.501     0.007    4.00        0.150
  A       18.276       13.061      -12.273     0.001    4.00        0.150
  A       18.371       13.892      -11.132     0.000    4.00        0.150
  A       20.229       12.596      -10.393     0.007    4.00        0.150
  A       19.379       13.651      -10.202     0.001    4.00        0.150
  C       19.473        9.026      -10.604     0.241    4.00        0.150
 OA       19.029        8.101      -11.199    -0.271    3.20        0.200
  N       18.665        9.694       -9.781    -0.344    3.50        0.160
 HD       19.038       10.514       -9.354     0.163    2.00        0.000
  C       17.280        9.265       -9.496     0.205    4.00        0.150
  C       17.029        8.522       -8.165     0.146    4.00        0.150
 OA       17.387        7.153       -8.236    -0.393    3.20        0.200
 HD       18.342        7.251       -8.236     0.210    2.00        0.000
  C       15.514        8.614       -7.717     0.042    4.00        0.150
  C       16.388       10.397       -9.733     0.243    4.00        0.150
 OA       16.673       11.398       -9.065    -0.271    3.20        0.200
  N       15.285       10.304      -10.571    -0.346    3.50        0.160
 HD       15.132        9.372      -10.892     0.163    2.00        0.000
  C       14.337       11.339      -10.836     0.182    4.00        0.150
  C       13.132       10.770      -11.548     0.093    4.00        0.150
  N       13.949       11.069      -13.859    -0.353    3.50        0.160
 HD       14.196       12.010      -13.630     0.166    2.00        0.000
  A       13.310       10.288      -12.984     0.030    4.00        0.150
  A       14.079       10.333      -15.052     0.207    4.00        0.150
 NA       13.544        9.134      -14.926    -0.254    3.50        0.160
  A       13.042        9.098      -13.656     0.143    4.00        0.150
  C       13.943       12.420       -9.848     0.241    4.00        0.150
 OA       13.844       12.277       -8.615    -0.271    3.20        0.200
  N       13.683       13.649      -10.364    -0.346    3.50        0.160
 HD       13.994       13.791      -11.300     0.163    2.00        0.000
  C       13.099       14.733       -9.686     0.172    4.00        0.150
  C       14.092       15.791       -9.962     0.042    4.00        0.150
  C       11.717       15.091      -10.254     0.240    4.00        0.150
 OA       10.871       15.799       -9.614    -0.271    3.20        0.200
  N       11.253       14.414      -11.350    -0.344    3.50        0.160
 HD       11.819       13.798      -11.894     0.163    2.00        0.000
  C       10.065       14.815      -12.090     0.205    4.00        0.150
  C       10.413       15.499      -13.377     0.146    4.00        0.150
 OA       10.849       16.785      -12.965    -0.393    3.20        0.200
 HD       10.025       17.249      -12.801     0.210    2.00        0.000
  C        9.330       15.761      -14.439     0.042    4.00        0.150
  C        9.373       13.539      -12.503     0.243    4.00        0.150
 OA        9.983       12.656      -13.101    -0.271    3.20        0.200
  N        8.076       13.320      -12.156    -0.346    3.50        0.160
 HD        7.747       13.847      -11.376     0.163    2.00        0.000
  C        7.278       12.344      -12.768     0.180    4.00        0.150
  C        6.379       11.546      -11.875     0.073    4.00        0.150
  A        7.120       10.830      -10.663    -0.056    4.00        0.150
  A        7.039       11.362       -9.346     0.007    4.00        0.150
  A        7.592       10.644       -8.259     0.001    4.00        0.150
  A        8.175        9.377       -8.540     0.000    4.00        0.150
  A        7.664        9.531      -10.897     0.007    4.00        0.150
  A        8.136        8.782       -9.783     0.001    4.00        0.150
  C        6.519       13.054      -13.863     0.241    4.00        0.150
 OA        6.121       14.219      -13.652    -0.271    3.20        0.200
  N        6.246       12.283      -14.897    -0.346    3.50        0.160
 HD        6.739       11.417      -14.925     0.163    2.00        0.000
  C        5.338       12.633      -15.922     0.180    4.00        0.150
  C        5.948       12.409      -17.309     0.009    4.00        0.150
  C        4.966       12.431      -18.441     0.012    4.00        0.150
  C        6.999       13.541      -17.453     0.012    4.00        0.150
  C        3.981       11.984      -15.701     0.241    4.00        0.150
 OA        3.808       10.786      -15.804    -0.271    3.20        0.200
  N        2.916       12.802      -15.438    -0.346    3.50        0.160
 HD        3.048       13.789      -15.410     0.163    2.00        0.000
  C        1.578       12.382      -15.254     0.177    4.00        0.150
  C        0.857       13.531      -14.430     0.038    4.00        0.150
  C        1.182       13.475      -12.942    -0.020    4.00        0.150
  C        0.368       14.556      -12.236     0.009    4.00        0.150
  C        0.898       12.082      -12.302     0.009    4.00        0.150
  C        1.109       12.122      -16.651     0.241    4.00        0.150
 OA        1.030       13.042      -17.386    -0.271    3.20        0.200
  N        0.769       10.887      -17.154    -0.346    3.50        0.160
 HD        0.659       10.168      -16.474     0.163    2.00        0.000
  C        0.434       10.602      -18.545     0.180    4.00        0.150
  C        0.293        9.037      -18.799     0.013    4.00        0.150
  C       -0.818        8.529      -17.894     0.012    4.00        0.150
  C        0.170        8.569      -20.310     0.002    4.00        0.150
  C        1.347        8.786      -21.199     0.005    4.00        0.150
  C       -0.788       11.222      -19.137     0.241    4.00        0.150
 OA       -0.841       11.612      -20.295    -0.271    3.20        0.200
  N       -1.882       11.416      -18.314    -0.351    3.50        0.160
 HD       -1.777       11.249      -17.337     0.163    2.00        0.000
  C       -3.164       11.804      -18.835     0.225    4.00        0.150
  C       -3.766       10.835      -19.771     0.236    4.00        0.150
 OA       -4.009        9.675      -19.429    -0.272    3.20        0.200
  N       -4.098       11.336      -20.999    -0.346    3.50        0.160
 HD       -3.889       12.267      -21.289     0.163    2.00        0.000
  C       -4.737       10.653      -22.086     0.180    4.00        0.150
  C       -6.083       11.254      -22.425     0.013    4.00        0.150
  C       -6.673       10.361      -23.524     0.012    4.00        0.150
  C       -6.948       11.172      -21.147     0.002    4.00        0.150
  C       -8.310       11.713      -21.306     0.005    4.00        0.150
  C       -3.758       10.861      -23.272     0.243    4.00        0.150
 OA       -3.656       12.041      -23.704    -0.271    3.20        0.200
  N       -2.988        9.857      -23.733    -0.337    3.50        0.160
  C       -2.820        8.606      -22.953     0.127    4.00        0.150
  C       -2.273        9.815      -25.012     0.179    4.00        0.150
  C       -1.510        8.550      -25.072     0.037    4.00        0.150
  C       -2.263        7.647      -24.037     0.022    4.00        0.150
  C       -3.263        9.897      -26.213     0.241    4.00        0.150
 OA       -4.331        9.305      -26.139    -0.271    3.20        0.200
  N       -2.863       10.577      -27.284    -0.351    3.50        0.160
 HD       -1.923       10.868      -27.449     0.163    2.00        0.000
  C       -3.662       10.837      -28.517     0.225    4.00        0.150
  C       -4.883       11.714      -28.319     0.236    4.00        0.150
 OA       -5.414       11.821      -27.182    -0.272    3.20        0.200
  N       -5.432       12.350      -29.421    -0.346    3.50        0.160
 HD       -5.071       12.336      -30.349     0.163    2.00        0.000
  C       -6.602       13.204      -29.363     0.177    4.00        0.150
  C       -7.886       12.514      -28.793     0.038    4.00        0.150
  C       -9.174       13.335      -28.800    -0.020    4.00        0.150
  C       -9.573       13.503      -30.215     0.009    4.00        0.150
  C      -10.408       12.625      -28.155     0.009    4.00        0.150
  C       -6.313       14.495      -28.734     0.241    4.00        0.150
 OA       -6.085       14.569      -27.481    -0.271    3.20        0.200
  N       -6.269       15.591      -29.567    -0.346    3.50        0.160
 HD       -6.560       15.562      -30.521     0.163    2.00        0.000
  C       -5.915       16.917      -29.093     0.177    4.00        0.150
  C       -5.850       17.862      -30.339     0.045    4.00        0.150
  C       -4.860       17.432      -31.498     0.116    4.00        0.150
  C       -4.495       18.629      -32.437     0.172    4.00        0.150
 OA       -4.369       19.807      -32.065    -0.648    3.20        0.200
 OA       -4.362       18.373      -33.621    -0.648    3.20        0.200
  C       -6.755       17.499      -27.863     0.241    4.00        0.150
 OA       -6.301       18.175      -26.987    -0.271    3.20        0.200
  N       -8.064       17.133      -27.824    -0.346    3.50        0.160
 HD       -8.544       16.555      -28.480     0.163    2.00        0.000
  C       -8.949       17.658      -26.736     0.176    4.00        0.150
  C      -10.215       18.466      -27.285     0.035    4.00        0.150
  C       -9.836       19.745      -28.096     0.004    4.00        0.150
  C       -9.360       21.038      -27.283     0.027    4.00        0.150
  C       -9.810       22.429      -27.796     0.229    4.00        0.150
  N       -8.895       23.329      -27.070    -0.079    3.50        0.160
 HD       -8.460       22.896      -26.231     0.274    2.00        0.000
 HD       -9.329       24.210      -26.728     0.274    2.00        0.000
 HD       -8.101       23.488      -27.723     0.274    2.00        0.000
  C       -9.410       16.676      -25.700     0.241    4.00        0.150
 OA      -10.319       16.922      -24.973    -0.271    3.20        0.200
  N       -8.762       15.528      -25.552    -0.346    3.50        0.160
 HD       -8.068       15.360      -26.248     0.163    2.00        0.000
  C       -9.023       14.480      -24.623     0.172    4.00        0.150
  C       -8.099       13.366      -24.962     0.042    4.00        0.150
  C       -8.899       14.862      -23.181     0.240    4.00        0.150
 OA       -9.763       14.723      -22.335    -0.271    3.20        0.200
  N       -7.815       15.539      -22.913    -0.346    3.50        0.160
 HD       -7.082       15.626      -23.584     0.163    2.00        0.000
  C       -7.625       16.039      -21.543     0.182    4.00        0.150
  C       -6.276       16.656      -21.431     0.093    4.00        0.150
  N       -4.475       15.289      -22.538    -0.353    3.50        0.160
 HD       -4.855       15.378      -23.458     0.166    2.00        0.000
  A       -5.102       15.641      -21.331     0.030    4.00        0.150
  A       -3.417       14.602      -22.241     0.207    4.00        0.150
 NA       -3.295       14.427      -20.948    -0.254    3.50        0.160
  A       -4.324       15.162      -20.372     0.143    4.00        0.150
  C       -8.655       17.117      -21.165     0.241    4.00        0.150
 OA       -9.219       17.035      -20.073    -0.271    3.20        0.200
  N       -8.967       18.078      -22.034    -0.346    3.50        0.160
 HD       -8.251       18.221      -22.713     0.163    2.00        0.000
  C      -10.041       19.029      -21.983     0.180    4.00        0.150
  C       -9.988       19.958      -23.262     0.073    4.00        0.150
  A      -11.078       20.870      -23.517    -0.056    4.00        0.150
  A      -10.960       22.257      -23.198     0.007    4.00        0.150
  A      -12.001       23.143      -23.359     0.001    4.00        0.150
  A      -13.196       22.659      -23.951     0.000    4.00        0.150
  A      -12.281       20.387      -24.100     0.007    4.00        0.150
  A      -13.391       21.244      -24.284     0.001    4.00        0.150
  C      -11.419       18.402      -21.788     0.241    4.00        0.150
 OA      -12.267       18.934      -21.154    -0.271    3.20        0.200
  N      -11.658       17.249      -22.402    -0.346    3.50        0.160
 HD      -10.978       16.929      -23.057     0.163    2.00        0.000
  C      -12.865       16.555      -22.244     0.181    4.00        0.150
  C      -13.061       15.422      -23.294     0.075    4.00        0.150
  A      -14.085       14.256      -23.107    -0.028    4.00        0.150
  A      -13.904       12.990      -22.773     0.096    4.00        0.150
  N      -15.108       12.348      -22.651    -0.365    3.50        0.160
 HD      -15.272       11.387      -22.716     0.165    2.00        0.000
  A      -16.103       13.236      -23.007     0.042    4.00        0.150
  A      -15.477       14.499      -23.214    -0.002    4.00        0.150
  A      -16.223       15.697      -23.446     0.014    4.00        0.150
  A      -17.558       15.443      -23.800     0.001    4.00        0.150
  A      -17.442       13.051      -23.285     0.030    4.00        0.150
  A      -18.107       14.148      -23.838     0.002    4.00        0.150
  C      -13.126       16.048      -20.803     0.241    4.00        0.150
 OA      -14.213       16.166      -20.254    -0.271    3.20        0.200
  N      -12.089       15.512      -20.144    -0.346    3.50        0.160
 HD      -11.285       15.391      -20.722     0.163    2.00        0.000
  C      -12.034       15.156      -18.677     0.180    4.00        0.150
  C      -10.794       14.177      -18.395     0.009    4.00        0.150
  C      -10.591       14.053      -16.857     0.012    4.00        0.150
  C      -10.989       12.788      -19.068     0.012    4.00        0.150
  C      -11.988       16.315      -17.735     0.241    4.00        0.150
 OA      -12.692       16.350      -16.708    -0.271    3.20        0.200
  N      -11.185       17.335      -18.119    -0.351    3.50        0.160
 HD      -10.569       17.218      -18.894     0.163    2.00        0.000
  C      -11.013       18.604      -17.412     0.225    4.00        0.150
  C      -12.339       19.505      -17.363     0.236    4.00        0.150
 OA      -12.627       20.060      -16.310    -0.272    3.20        0.200
  N      -13.154       19.547      -18.413    -0.346    3.50        0.160
 HD      -12.823       19.216      -19.293     0.163    2.00        0.000
  C      -14.423       20.219      -18.488     0.181    4.00        0.150
  C      -15.078       20.166      -19.913     0.073    4.00        0.150
  A      -16.590       20.758      -19.924    -0.056    4.00        0.150
  A      -16.945       22.105      -19.545     0.007    4.00        0.150
  A      -18.275       22.510      -19.509     0.001    4.00        0.150
  A      -19.312       21.686      -19.977     0.000    4.00        0.150
  A      -17.655       19.934      -20.357     0.007    4.00        0.150
  A      -19.023       20.431      -20.406     0.001    4.00        0.150
  C      -15.363       19.970      -17.275     0.243    4.00        0.150
 OA      -15.639       20.877      -16.532    -0.271    3.20        0.200
  N      -15.826       18.757      -16.888    -0.337    3.50        0.160
  C      -15.641       17.550      -17.707     0.127    4.00        0.150
  C      -16.750       18.545      -15.789     0.179    4.00        0.150
  C      -17.406       17.202      -16.188     0.037    4.00        0.150
  C      -16.305       16.406      -16.882     0.022    4.00        0.150
  C      -15.973       18.612      -14.498     0.241    4.00        0.150
 OA      -16.589       18.729      -13.472    -0.271    3.20        0.200
  N      -14.576       18.510      -14.426    -0.346    3.50        0.160
 HD      -14.154       18.443      -15.326     0.163    2.00        0.000
  C      -13.703       18.480      -13.265     0.177    4.00        0.150
  C      -12.155       18.262      -13.553     0.038    4.00        0.150
  C      -11.237       18.151      -12.312    -0.020    4.00        0.150
  C      -11.545       16.811      -11.634     0.009    4.00        0.150
  C       -9.759       18.186      -12.682     0.009    4.00        0.150
  C      -13.803       19.756      -12.499     0.241    4.00        0.150
 OA      -13.762       19.737      -11.240    -0.271    3.20        0.200
  N      -14.014       20.898      -13.202    -0.346    3.50        0.160
 HD      -13.821       21.005      -14.174     0.163    2.00        0.000
  C      -14.402       22.190      -12.636     0.177    4.00        0.150
  C      -14.571       23.178      -13.829     0.038    4.00        0.150
  C      -13.359       23.238      -14.872    -0.020    4.00        0.150
  C      -13.922       23.821      -16.160     0.009    4.00        0.150
  C      -12.254       24.050      -14.217     0.009    4.00        0.150
  C      -15.702       22.168      -11.762     0.241    4.00        0.150
 OA      -15.660       22.641      -10.595    -0.271    3.20        0.200
  N      -16.788       21.605      -12.224    -0.344    3.50        0.160
 HD      -16.654       21.156      -13.104     0.163    2.00        0.000
  C      -18.066       21.409      -11.446     0.200    4.00        0.150
  C      -19.260       20.978      -12.441     0.199    4.00        0.150
 OA      -20.385       20.504      -11.735    -0.398    3.20        0.200
 HD      -20.210       19.585      -11.519     0.209    2.00        0.000
  C      -17.857       20.408      -10.328     0.243    4.00        0.150
 OA      -18.196       20.601       -9.188    -0.271    3.20        0.200
  N      -17.215       19.300      -10.641    -0.346    3.50        0.160
 HD      -16.992       19.310      -11.612     0.163    2.00        0.000
  C      -16.774       18.367       -9.585     0.177    4.00        0.150
  C      -16.195       17.032      -10.291     0.045    4.00        0.150
  C      -15.227       16.136       -9.413     0.076    4.00        0.150
 SA      -14.517       14.778      -10.413    -0.173    4.00        0.200
  C      -14.795       13.495       -9.116     0.089    4.00        0.150
  C      -15.884       18.810       -8.497     0.241    4.00        0.150
 OA      -16.064       18.337       -7.316    -0.271    3.20        0.200
  N      -14.897       19.673       -8.785    -0.346    3.50        0.160
 HD      -14.625       19.740       -9.742     0.163    2.00        0.000
  C      -13.994       20.344       -7.793     0.180    4.00        0.150
  C      -12.707       20.933       -8.427     0.073    4.00        0.150
  A      -11.730       21.604       -7.482    -0.056    4.00        0.150
  A      -11.531       21.144       -6.159     0.010    4.00        0.150
  A      -10.652       21.751       -5.190     0.037    4.00        0.150
  A       -9.917       22.928       -5.566     0.065    4.00        0.150
 OA       -8.965       23.658       -4.868    -0.361    3.20        0.200
 HD       -8.971       23.420       -3.937     0.217    2.00        0.000
  A      -11.010       22.751       -7.843     0.010    4.00        0.150
  A      -10.144       23.384       -6.919     0.037    4.00        0.150
  C      -14.750       21.321       -6.998     0.241    4.00        0.150
 OA      -14.577       21.360       -5.809    -0.271    3.20        0.200
  N      -15.583       22.124       -7.578    -0.346    3.50        0.160
 HD      -15.608       22.033       -8.571     0.163    2.00        0.000
  C      -16.599       22.893       -6.816     0.180    4.00        0.150
  C      -17.460       23.769       -7.677     0.009    4.00        0.150
  C      -18.738       24.266       -7.028     0.012    4.00        0.150
  C      -16.671       25.057       -8.147     0.012    4.00        0.150
  C      -17.382       22.156       -5.816     0.241    4.00        0.150
 OA      -17.275       22.385       -4.615    -0.271    3.20        0.200
  N      -18.261       21.198       -6.228    -0.346    3.50        0.160
 HD      -18.427       20.898       -7.164     0.163    2.00        0.000
  C      -19.129       20.410       -5.407     0.180    4.00        0.150
  C      -20.028       19.532       -6.329     0.009    4.00        0.150
  C      -20.775       18.609       -5.381     0.012    4.00        0.150
  C      -21.095       20.411       -7.082     0.012    4.00        0.150
  C      -18.425       19.662       -4.290     0.241    4.00        0.150
 OA      -18.856       19.627       -3.152    -0.271    3.20        0.200
  N      -17.265       19.088       -4.609    -0.346    3.50        0.160
 HD      -16.760       19.107       -5.469     0.163    2.00        0.000
  C      -16.449       18.351       -3.659     0.172    4.00        0.150
  C      -15.247       17.771       -4.549     0.042    4.00        0.150
  C      -16.031       19.233       -2.518     0.240    4.00        0.150
 OA      -16.225       18.990       -1.355    -0.271    3.20        0.200
  N      -15.458       20.427       -2.832    -0.346    3.50        0.160
 HD      -15.334       20.756       -3.765     0.163    2.00        0.000
  C      -15.201       21.368       -1.799     0.177    4.00        0.150
  C      -14.345       22.556       -2.311     0.045    4.00        0.150
  C      -12.922       22.205       -2.878     0.076    4.00        0.150
 SA      -11.795       21.398       -1.673    -0.173    4.00        0.200
  C      -11.703       22.833       -0.560     0.089    4.00        0.150
  C      -16.431       21.969       -1.094     0.241    4.00        0.150
 OA      -16.552       22.099        0.124    -0.271    3.20        0.200
  N      -17.493       22.511       -1.826    -0.346    3.50        0.160
 HD      -17.521       22.516       -2.823     0.163    2.00        0.000
  C      -18.491       23.297       -1.188     0.180    4.00        0.150
  C      -19.301       24.136       -2.238     0.073    4.00        0.150
  A      -18.509       25.264       -2.809    -0.056    4.00        0.150
  A      -18.950       26.179       -3.839     0.007    4.00        0.150
  A      -18.107       27.179       -4.375     0.001    4.00        0.150
  A      -16.800       27.353       -3.853     0.000    4.00        0.150
  A      -17.237       25.589       -2.269     0.007    4.00        0.150
  A      -16.388       26.596       -2.740     0.001    4.00        0.150
  C      -19.484       22.477       -0.307     0.241    4.00        0.150
 OA      -20.033       23.005        0.643    -0.271    3.20        0.200
  N      -19.654       21.170       -0.631    -0.351    3.50        0.160
 HD      -19.055       20.819       -1.347     0.163    2.00        0.000
  C      -20.649       20.298       -0.006     0.225    4.00        0.150
  C      -20.232       20.076        1.403     0.236    4.00        0.150
 OA      -20.971       20.023        2.366    -0.272    3.20        0.200
  N      -18.907       19.815        1.512    -0.346    3.50        0.160
 HD      -18.402       19.883        0.656     0.163    2.00        0.000
  C      -18.204       19.740        2.792     0.185    4.00        0.150
  C      -16.768       19.112        2.519     0.137    4.00        0.150
  C      -17.011       17.647        2.088     0.217    4.00        0.150
 OA      -17.467       16.792        2.821    -0.274    3.20        0.200
  N      -16.687       17.322        0.802    -0.370    3.50        0.160
 HD      -16.684       16.375        0.481     0.159    2.00        0.000
 HD      -16.263       17.993        0.194     0.159    2.00        0.000
  C      -18.168       21.047        3.605     0.241    4.00        0.150
 OA      -18.503       21.054        4.762    -0.271    3.20        0.200
  N      -17.780       22.158        2.974    -0.345    3.50        0.160
 HD      -17.431       22.133        2.041     0.163    2.00        0.000
  C      -17.659       23.393        3.680     0.185    4.00        0.150
  C      -17.050       24.544        2.892     0.105    4.00        0.150
 SA      -15.376       24.202        2.374    -0.180    4.00        0.200
 HD      -15.580       23.478        1.282     0.101    2.00        0.000
  C      -18.932       23.926        4.379     0.241    4.00        0.150
 OA      -18.856       24.456        5.504    -0.271    3.20        0.200
  N      -20.137       23.843        3.808    -0.346    3.50        0.160
 HD      -20.269       23.530        2.871     0.163    2.00        0.000
  C      -21.361       24.358        4.514     0.180    4.00        0.150
  C      -22.598       24.517        3.656     0.013    4.00        0.150
  C      -23.055       23.123        3.146     0.012    4.00        0.150
  C      -23.819       25.328        4.183     0.002    4.00        0.150
  C      -23.498       26.682        4.818     0.005    4.00        0.150
  C      -21.670       23.460        5.809     0.241    4.00        0.150
 OA      -22.207       23.897        6.734    -0.271    3.20        0.200
  N      -21.361       22.168        5.751    -0.346    3.50        0.160
 HD      -21.134       21.822        4.844     0.163    2.00        0.000
  C      -21.553       21.155        6.780     0.180    4.00        0.150
  C      -21.447       19.746        6.322     0.009    4.00        0.150
  C      -21.518       18.667        7.483     0.012    4.00        0.150
  C      -22.651       19.509        5.363     0.012    4.00        0.150
  C      -20.522       21.333        7.892     0.241    4.00        0.150
 OA      -20.960       21.216        9.042    -0.271    3.20        0.200
  N      -19.279       21.686        7.546    -0.346    3.50        0.160
 HD      -19.001       21.592        6.593     0.163    2.00        0.000
  C      -18.238       22.186        8.476     0.180    4.00        0.150
  C      -16.820       22.286        7.822     0.009    4.00        0.150
  C      -15.839       23.369        8.362     0.012    4.00        0.150
  C      -16.046       20.929        7.858     0.012    4.00        0.150
  C      -18.656       23.436        9.181     0.241    4.00        0.150
 OA      -18.580       23.492       10.382    -0.271    3.20        0.200
  N      -19.088       24.492        8.435    -0.346    3.50        0.160
 HD      -19.123       24.424        7.441     0.163    2.00        0.000
  C      -19.493       25.777        8.923     0.180    4.00        0.150
  C      -19.695       26.732        7.681     0.073    4.00        0.150
  A      -20.096       28.078        8.066    -0.056    4.00        0.150
  A      -19.098       29.051        8.417     0.007    4.00        0.150
  A      -19.559       30.313        8.876     0.001    4.00        0.150
  A      -20.906       30.541        9.070     0.000    4.00        0.150
  A      -21.509       28.350        8.281     0.007    4.00        0.150
  A      -21.863       29.583        8.769     0.001    4.00        0.150
  C      -20.695       25.640        9.793     0.241    4.00        0.150
 OA      -20.749       26.139       10.922    -0.271    3.20        0.200
  N      -21.736       24.896        9.396    -0.346    3.50        0.160
 HD      -21.720       24.278        8.614     0.163    2.00        0.000
  C      -22.987       24.763       10.105     0.180    4.00        0.150
  C      -24.114       24.191        9.246     0.013    4.00        0.150
  C      -25.292       23.798       10.213     0.012    4.00        0.150
  C      -24.755       25.254        8.204     0.002    4.00        0.150
  C      -25.362       26.578        8.650     0.005    4.00        0.150
  C      -22.778       24.016       11.418     0.241    4.00        0.150
 OA      -23.464       24.296       12.421    -0.271    3.20        0.200
  N      -22.019       22.901       11.374    -0.346    3.50        0.160
 HD      -21.696       22.518       10.512     0.163    2.00        0.000
  C      -21.891       22.083       12.634     0.180    4.00        0.150
  C      -21.122       20.719       12.466     0.009    4.00        0.150
  C      -20.551       20.138       13.730     0.012    4.00        0.150
  C      -21.988       19.641       11.737     0.012    4.00        0.150
  C      -21.295       22.901       13.748     0.241    4.00        0.150
 OA      -21.700       22.863       14.895    -0.271    3.20        0.200
  N      -20.221       23.698       13.447    -0.346    3.50        0.160
 HD      -19.843       23.653       12.526     0.163    2.00        0.000
  C      -19.532       24.463       14.485     0.176    4.00        0.150
  C      -18.073       24.839       14.059     0.036    4.00        0.150
  C      -17.129       23.633       14.094     0.023    4.00        0.150
  C      -17.094       22.838       15.404     0.138    4.00        0.150
  N      -15.893       22.071       15.444    -0.227    3.50        0.160
 HD      -15.335       21.909       14.629     0.177    2.00        0.000
  C      -15.526       21.333       16.441     0.665    4.00        0.150
  N      -16.120       21.484       17.609    -0.235    3.50        0.160
 HD      -16.956       22.023       17.508     0.174    2.00        0.000
 HD      -15.538       21.185       18.365     0.174    2.00        0.000
  N      -14.382       20.656       16.270    -0.235    3.50        0.160
 HD      -13.988       20.697       15.352     0.174    2.00        0.000
 HD      -14.032       20.046       16.982     0.174    2.00        0.000
  C      -20.332       25.707       14.913     0.241    4.00        0.150
 OA      -20.088       26.234       15.949    -0.271    3.20        0.200
  N      -21.267       26.172       14.074    -0.344    3.50        0.160
 HD      -21.451       25.653       13.242     0.163    2.00        0.000
  C      -21.888       27.427       14.458     0.205    4.00        0.150
  C      -22.026       28.353       13.229     0.146    4.00        0.150
 OA      -22.672       27.723       12.212    -0.393    3.20        0.200
 HD      -21.961       27.239       11.786     0.210    2.00        0.000
  C      -20.559       28.738       12.829     0.042    4.00        0.150
  C      -23.275       27.260       15.041     0.243    4.00        0.150
 OA      -23.605       28.008       15.979    -0.271    3.20        0.200
  N      -24.085       26.311       14.573    -0.346    3.50        0.160
 HD      -23.759       25.634       13.916     0.163    2.00        0.000
  C      -25.441       26.220       15.100     0.177    4.00        0.150
  C      -26.392       25.559       14.080     0.045    4.00        0.150
  C      -26.447       26.405       12.706     0.116    4.00        0.150
  C      -27.080       27.733       12.763     0.172    4.00        0.150
 OA      -26.568       28.668       13.450    -0.648    3.20        0.200
 OA      -28.128       27.886       12.047    -0.648    3.20        0.200
  C      -25.325       25.521       16.508     0.241    4.00        0.150
 OA      -24.766       24.425       16.681    -0.271    3.20        0.200
  N      -25.821       26.235       17.561    -0.346    3.50        0.160
 HD      -26.361       27.059       17.411     0.163    2.00        0.000
  C      -25.434       26.048       18.958     0.176    4.00        0.150
  C      -25.539       27.334       19.837     0.036    4.00        0.150
  C      -24.547       28.451       19.460     0.023    4.00        0.150
  C      -24.705       29.660       20.404     0.138    4.00        0.150
  N      -23.460       30.429       20.272    -0.227    3.50        0.160
 HD      -22.752       30.044       20.865     0.177    2.00        0.000
  C      -23.043       31.032       19.182     0.665    4.00        0.150
  N      -23.855       31.398       18.205    -0.235    3.50        0.160
 HD      -24.811       31.105       18.201     0.174    2.00        0.000
 HD      -23.608       32.047       17.484     0.174    2.00        0.000
  N      -21.819       31.423       19.259    -0.235    3.50        0.160
 HD      -21.498       31.570       20.194     0.174    2.00        0.000
 HD      -21.471       32.048       18.561     0.174    2.00        0.000
  C      -26.414       25.018       19.584     0.241    4.00        0.150
 OA      -26.104       24.396       20.609    -0.271    3.20        0.200
  N      -27.484       24.611       18.867    -0.344    3.50        0.160
 HD      -27.643       25.098       18.012     0.163    2.00        0.000
  C      -28.318       23.447       19.158     0.200    4.00        0.150
  C      -29.732       23.476       18.563     0.199    4.00        0.150
 OA      -29.783       23.567       17.136    -0.398    3.20        0.200
 HD      -29.885       24.519       17.079     0.209    2.00        0.000
  C      -27.648       22.112       18.907     0.243    4.00        0.150
 OA      -27.784       21.166       19.710    -0.271    3.20        0.200
  N      -26.796       22.045       17.871    -0.346    3.50        0.160
 HD      -26.628       22.837       17.287     0.163    2.00        0.000
  C      -26.097       20.820       17.532     0.177    4.00        0.150
  C      -25.552       20.927       16.065     0.038    4.00        0.150
  C      -26.506       21.464       15.035    -0.020    4.00        0.150
  C      -25.786       21.633       13.616     0.009    4.00        0.150
  C      -27.782       20.682       14.815     0.009    4.00        0.150
  C      -24.923       20.735       18.471     0.241    4.00        0.150
 OA      -23.928       21.431       18.389    -0.271    3.20        0.200
  N      -25.098       19.796       19.417    -0.346    3.50        0.160
 HD      -25.988       19.363       19.296     0.163    2.00        0.000
  C      -24.122       19.520       20.464     0.182    4.00        0.150
  C      -24.635       20.278       21.684     0.093    4.00        0.150
  N      -22.820       21.333       22.981    -0.353    3.50        0.160
 HD      -22.683       22.004       22.252     0.166    2.00        0.000
  A      -23.706       20.315       22.880     0.030    4.00        0.150
  A      -22.326       21.300       24.219     0.207    4.00        0.150
 NA      -22.891       20.361       24.998    -0.254    3.50        0.160
  A      -23.736       19.696       24.107     0.143    4.00        0.150
  C      -23.940       18.106       20.890     0.241    4.00        0.150
 OA      -23.921       17.647       22.079    -0.271    3.20        0.200
  N      -23.634       17.250       19.859    -0.346    3.50        0.160
 HD      -23.267       17.555       18.984     0.163    2.00        0.000
  C      -23.457       15.822       20.207     0.172    4.00        0.150
  C      -24.817       15.028       20.029     0.042    4.00        0.150
  C      -22.327       15.162       19.466     0.243    4.00        0.150
 OA      -21.939       15.712       18.383    -0.271    3.20        0.200
  N      -21.741       14.076       19.909    -0.337    3.50        0.160
  C      -22.127       13.419       21.113     0.127    4.00        0.150
  C      -20.802       13.246       19.171     0.179    4.00        0.150
  C      -20.741       11.909       19.820     0.037    4.00        0.150
  C      -21.087       12.277       21.287     0.022    4.00        0.150
  C      -20.914       13.141       17.648     0.241    4.00        0.150
 OA      -19.953       13.494       16.930    -0.271    3.20        0.200
  N      -22.104       12.743       17.209    -0.346    3.50        0.160
 HD      -22.744       12.447       17.915     0.163    2.00        0.000
  C      -22.426       12.524       15.834     0.177    4.00        0.150
  C      -23.835       11.828       15.782     0.045    4.00        0.150
  C      -25.086       12.607       16.044     0.076    4.00        0.150
 SA      -26.494       11.712       15.331    -0.173    4.00        0.200
  C      -27.721       12.736       16.196     0.089    4.00        0.150
  C      -22.362       13.707       14.837     0.241    4.00        0.150
 OA      -22.055       13.486       13.631    -0.271    3.20        0.200
  N      -22.613       14.881       15.316    -0.346    3.50        0.160
 HD      -22.909       14.965       16.263     0.163    2.00        0.000
  C      -22.285       16.091       14.519     0.180    4.00        0.150
  C      -23.002       17.379       15.057     0.073    4.00        0.150
  A      -24.400       17.104       15.381    -0.056    4.00        0.150
  A      -25.380       17.368       14.449     0.010    4.00        0.150
  A      -26.750       17.279       14.753     0.037    4.00        0.150
  A      -27.127       17.052       16.050     0.065    4.00        0.150
 OA      -28.490       16.813       16.181    -0.361    3.20        0.200
 HD      -28.488       16.433       17.063     0.217    2.00        0.000
  A      -24.818       16.774       16.640     0.010    4.00        0.150
  A      -26.166       16.703       17.031     0.037    4.00        0.150
  C      -20.791       16.319       14.323     0.241    4.00        0.150
 OA      -20.302       16.536       13.245    -0.271    3.20        0.200
  N      -20.004       16.194       15.447    -0.346    3.50        0.160
 HD      -20.451       15.809       16.252     0.163    2.00        0.000
  C      -18.629       16.399       15.385     0.177    4.00        0.150
  C      -18.042       16.225       16.817     0.038    4.00        0.150
  C      -18.716       17.027       17.877    -0.020    4.00        0.150
  C      -18.120       16.673       19.252     0.009    4.00        0.150
  C      -18.533       18.500       17.728     0.009    4.00        0.150
  C      -17.939       15.374       14.513     0.241    4.00        0.150
 OA      -16.980       15.676       13.779    -0.271    3.20        0.200
  N      -18.290       14.100       14.545    -0.346    3.50        0.160
 HD      -19.057       13.838       15.126     0.163    2.00        0.000
  C      -17.836       13.088       13.631     0.180    4.00        0.150
  C      -18.281       11.633       13.974     0.073    4.00        0.150
  A      -17.894       11.100       15.268    -0.056    4.00        0.150
  A      -16.584       11.163       15.655     0.007    4.00        0.150
  A      -16.083       10.769       16.877     0.001    4.00        0.150
  A      -16.969       10.226       17.780     0.000    4.00        0.150
  A      -18.786       10.498       16.170     0.007    4.00        0.150
  A      -18.296       10.054       17.393     0.001    4.00        0.150
  C      -18.118       13.433       12.176     0.241    4.00        0.150
 OA      -17.362       13.200       11.254    -0.271    3.20        0.200
  N      -19.217       14.058       11.847    -0.346    3.50        0.160
 HD      -19.971       14.198       12.484     0.163    2.00        0.000
  C      -19.437       14.499       10.499     0.177    4.00        0.150
  C      -20.971       14.902       10.184     0.038    4.00        0.150
  C      -21.970       13.735       10.132    -0.020    4.00        0.150
  C      -23.200       14.170        9.337     0.009    4.00        0.150
  C      -21.360       12.426        9.600     0.009    4.00        0.150
  C      -18.470       15.675       10.112     0.241    4.00        0.150
 OA      -17.967       15.771        9.012    -0.271    3.20        0.200
  N      -18.111       16.568       11.066    -0.345    3.50        0.160
 HD      -18.433       16.442       12.002     0.163    2.00        0.000
  C      -17.137       17.692       10.736     0.185    4.00        0.150
  C      -17.090       18.654       12.022     0.105    4.00        0.150
 SA      -17.155       20.357       11.644    -0.180    4.00        0.200
 HD      -15.846       20.508       11.772     0.101    2.00        0.000
  C      -15.787       17.077       10.469     0.241    4.00        0.150
 OA      -15.132       17.574        9.597    -0.271    3.20        0.200
  N      -15.404       16.044       11.276    -0.346    3.50        0.160
 HD      -15.857       15.793       12.129     0.163    2.00        0.000
  C      -14.221       15.261       11.050     0.177    4.00        0.150
  C      -13.848       14.287       12.208     0.045    4.00        0.150
  C      -13.619       15.026       13.567     0.076    4.00        0.150
 SA      -13.157       13.990       15.056    -0.173    4.00        0.200
  C      -12.875       15.308       16.241     0.089    4.00        0.150
  C      -14.142       14.475        9.760     0.241    4.00        0.150
 OA      -13.129       14.512        9.117    -0.271    3.20        0.200
  N      -15.253       13.819        9.321    -0.346    3.50        0.160
 HD      -16.050       13.817        9.921     0.163    2.00        0.000
  C      -15.332       13.103        8.007     0.177    4.00        0.150
  C      -16.676       12.310        7.951     0.038    4.00        0.150
  C      -16.965       11.686        6.594    -0.020    4.00        0.150
  C      -15.808       10.821        6.140     0.009    4.00        0.150
  C      -18.310       10.913        6.611     0.009    4.00        0.150
  C      -15.210       14.131        6.895     0.241    4.00        0.150
 OA      -14.436       14.038        5.955    -0.271    3.20        0.200
  N      -15.924       15.243        6.942    -0.346    3.50        0.160
 HD      -16.607       15.302        7.666     0.163    2.00        0.000
  C      -15.842       16.354        6.001     0.172    4.00        0.150
  C      -16.912       17.307        6.376     0.042    4.00        0.150
  C      -14.485       17.035        5.970     0.240    4.00        0.150
 OA      -14.033       17.361        4.887    -0.271    3.20        0.200
  N      -13.787       17.268        7.081    -0.346    3.50        0.160
 HD      -14.133       17.012        7.981     0.163    2.00        0.000
  C      -12.423       17.850        7.168     0.172    4.00        0.150
  C      -12.025       18.036        8.672     0.042    4.00        0.150
  C      -11.490       16.869        6.484     0.240    4.00        0.150
 OA      -10.503       17.282        5.880    -0.271    3.20        0.200
  N      -11.624       15.487        6.624    -0.346    3.50        0.160
 HD      -12.293       15.165        7.289     0.163    2.00        0.000
  C      -10.960       14.483        5.771     0.180    4.00        0.150
  C      -11.489       13.066        6.224     0.013    4.00        0.150
  C      -11.268       12.010        5.117     0.012    4.00        0.150
  C      -10.624       12.634        7.450     0.002    4.00        0.150
  C      -11.376       11.602        8.395     0.005    4.00        0.150
  C      -11.188       14.737        4.283     0.241    4.00        0.150
 OA      -10.217       14.853        3.512    -0.271    3.20        0.200
  N      -12.426       14.902        3.894    -0.345    3.50        0.160
 HD      -13.167       14.740        4.540     0.163    2.00        0.000
  C      -12.794       15.195        2.453     0.186    4.00        0.150
  C      -14.354       15.213        2.362     0.144    4.00        0.150
  C      -14.940       13.760        2.502     0.141    4.00        0.150
 OA      -15.893       13.373        3.097    -0.650    3.20        0.200
 OA      -14.169       12.860        1.796    -0.776    3.20        0.200
 HD      -14.313       11.957        2.087     0.167    2.00        0.000
  C      -12.218       16.561        1.920     0.241    4.00        0.150
 OA      -11.744       16.580        0.825    -0.271    3.20        0.200
  N      -12.158       17.631        2.758    -0.346    3.50        0.160
 HD      -12.660       17.520        3.611     0.163    2.00        0.000
  C      -11.477       18.894        2.397     0.177    4.00        0.150
  C      -11.762       19.992        3.451     0.038    4.00        0.150
  C      -13.313       20.351        3.507    -0.020    4.00        0.150
  C      -13.503       21.304        4.709     0.009    4.00        0.150
  C      -13.814       20.996        2.224     0.009    4.00        0.150
  C      -10.019       18.699        2.204     0.241    4.00        0.150
 OA       -9.408       19.369        1.356    -0.271    3.20        0.200
  N       -9.363       17.884        3.124    -0.346    3.50        0.160
 HD       -9.816       17.445        3.897     0.163    2.00        0.000
  C       -7.947       17.639        3.018     0.172    4.00        0.150
  C       -7.502       16.991        4.334     0.042    4.00        0.150
  C       -7.596       16.746        1.851     0.240    4.00        0.150
 OA       -6.684       16.984        1.061    -0.271    3.20        0.200
  N       -8.433       15.672        1.716    -0.346    3.50        0.160
 HD       -9.066       15.458        2.456     0.163    2.00        0.000
  C       -8.311       14.704        0.576     0.177    4.00        0.150
  C       -9.386       13.624        0.612     0.038    4.00        0.150
  C       -9.633       12.618       -0.604    -0.020    4.00        0.150
  C       -8.325       11.878       -1.009     0.009    4.00        0.150
  C      -10.629       11.567       -0.119     0.009    4.00        0.150
  C       -8.470       15.403       -0.788     0.241    4.00        0.150
 OA       -7.702       15.263       -1.713    -0.271    3.20        0.200
  N       -9.487       16.249       -0.981    -0.344    3.50        0.160
 HD      -10.149       16.338       -0.241     0.163    2.00        0.000
  C       -9.905       17.054       -2.145     0.200    4.00        0.150
  C      -11.230       17.771       -1.983     0.199    4.00        0.150
 OA      -11.727       18.133       -3.236    -0.398    3.20        0.200
 HD      -12.271       18.920       -3.164     0.209    2.00        0.000
  C       -8.785       18.059       -2.415     0.243    4.00        0.150
 OA       -8.217       18.133       -3.498    -0.271    3.20        0.200
  N       -8.191       18.651       -1.398    -0.344    3.50        0.160
 HD       -8.628       18.558       -0.506     0.163    2.00        0.000
  C       -7.038       19.586       -1.542     0.205    4.00        0.150
  C       -6.734       20.431       -0.279     0.146    4.00        0.150
 OA       -7.892       21.155        0.150    -0.393    3.20        0.200
 HD       -8.434       20.559        0.670     0.210    2.00        0.000
  C       -5.663       21.475       -0.383     0.042    4.00        0.150
  C       -5.808       18.855       -2.012     0.243    4.00        0.150
 OA       -5.009       19.414       -2.746    -0.271    3.20        0.200
  N       -5.548       17.623       -1.543    -0.344    3.50        0.160
 HD       -6.232       17.218       -0.941     0.163    2.00        0.000
  C       -4.311       16.758       -1.771     0.200    4.00        0.150
  C       -4.087       15.822       -0.529     0.199    4.00        0.150
 OA       -4.219       16.428        0.789    -0.398    3.20        0.200
 HD       -5.079       16.850        0.734     0.209    2.00        0.000
  C       -4.510       15.879       -3.003     0.243    4.00        0.150
 OA       -3.752       14.922       -3.226    -0.271    3.20        0.200
  N       -5.498       16.151       -3.842    -0.344    3.50        0.160
 HD       -5.987       16.927       -3.452     0.163    2.00        0.000
  C       -5.672       15.536       -5.082     0.205    4.00        0.150
  C       -6.880       14.444       -5.114     0.146    4.00        0.150
 OA       -7.978       15.001       -4.397    -0.393    3.20        0.200
 HD       -7.629       15.096       -3.507     0.210    2.00        0.000
  C       -6.402       13.211       -4.332     0.042    4.00        0.150
  C       -5.928       16.529       -6.163     0.243    4.00        0.150
 OA       -5.182       16.740       -7.112    -0.271    3.20        0.200
  N       -7.152       17.097       -6.167    -0.346    3.50        0.160
 HD       -7.747       16.977       -5.375     0.163    2.00        0.000
  C       -7.823       17.774       -7.179     0.177    4.00        0.150
  C       -9.178       18.339       -6.617     0.045    4.00        0.150
  C      -10.218       17.233       -6.390     0.076    4.00        0.150
 SA      -10.793       16.553       -7.938    -0.173    4.00        0.200
  C      -12.114       15.614       -7.219     0.089    4.00        0.150
  C       -7.096       18.967       -7.747     0.243    4.00        0.150
 OA       -7.132       19.083       -8.984    -0.271    3.20        0.200
  N       -6.381       19.904       -7.028    -0.337    3.50        0.160
  C       -6.380       20.084       -5.570     0.127    4.00        0.150
  C       -5.791       21.069       -7.656     0.179    4.00        0.150
  C       -5.230       21.919       -6.523     0.037    4.00        0.150
  C       -6.042       21.572       -5.332     0.022    4.00        0.150
  C       -4.671       20.639       -8.593     0.241    4.00        0.150
 OA       -4.569       21.129       -9.696    -0.271    3.20        0.200
  N       -3.858       19.588       -8.219    -0.346    3.50        0.160
 HD       -4.041       19.062       -7.391     0.163    2.00        0.000
  C       -2.784       19.018       -9.067     0.176    4.00        0.150
  C       -1.824       18.164       -8.195     0.035    4.00        0.150
  C       -0.890       18.919       -7.303     0.004    4.00        0.150
  C        0.195       19.656       -8.182     0.027    4.00        0.150
  C        1.380       20.358       -7.374     0.229    4.00        0.150
  N        0.653       21.211       -6.412    -0.079    3.50        0.160
 HD        1.357       21.871       -6.023     0.274    2.00        0.000
 HD        0.251       20.624       -5.655     0.274    2.00        0.000
 HD       -0.128       21.804       -6.759     0.274    2.00        0.000
  C       -3.298       18.336      -10.367     0.241    4.00        0.150
 OA       -2.750       18.535      -11.478    -0.271    3.20        0.200
  N       -4.459       17.639      -10.195    -0.346    3.50        0.160
 HD       -4.886       17.472       -9.309     0.163    2.00        0.000
  C       -5.238       16.998      -11.257     0.180    4.00        0.150
  C       -6.208       16.042      -10.619     0.013    4.00        0.150
  C       -7.125       15.489      -11.804     0.012    4.00        0.150
  C       -5.481       14.878       -9.909     0.002    4.00        0.150
  C       -6.521       14.014       -9.129     0.005    4.00        0.150
  C       -5.891       18.066      -12.158     0.241    4.00        0.150
 OA       -5.748       17.921      -13.396    -0.271    3.20        0.200
  N       -6.429       19.182      -11.655    -0.346    3.50        0.160
 HD       -6.757       19.281      -10.718     0.163    2.00        0.000
  C       -6.985       20.289      -12.408     0.177    4.00        0.150
  C       -7.690       21.309      -11.476     0.038    4.00        0.150
  C       -8.423       22.559      -12.125    -0.020    4.00        0.150
  C       -9.468       22.233      -13.168     0.009    4.00        0.150
  C       -9.016       23.416      -11.053     0.009    4.00        0.150
  C       -5.919       21.009      -13.223     0.241    4.00        0.150
 OA       -6.162       21.449      -14.335    -0.271    3.20        0.200
  N       -4.752       21.227      -12.632    -0.346    3.50        0.160
 HD       -4.468       21.026      -11.697     0.163    2.00        0.000
  C       -3.555       21.684      -13.380     0.172    4.00        0.150
  C       -2.439       21.880      -12.343     0.042    4.00        0.150
  C       -3.126       20.825      -14.644     0.240    4.00        0.150
 OA       -2.731       21.355      -15.698    -0.271    3.20        0.200
  N       -3.334       19.504      -14.490    -0.346    3.50        0.160
 HD       -3.603       19.145      -13.600     0.163    2.00        0.000
  C       -3.076       18.585      -15.643     0.177    4.00        0.150
  C       -2.855       17.174      -15.069     0.038    4.00        0.150
  C       -3.237       15.863      -15.774    -0.020    4.00        0.150
  C       -2.467       15.692      -17.128     0.009    4.00        0.150
  C       -3.001       14.637      -14.802     0.009    4.00        0.150
  C       -4.120       18.540      -16.723     0.241    4.00        0.150
 OA       -3.843       18.861      -17.894    -0.271    3.20        0.200
  N       -5.426       18.377      -16.353    -0.346    3.50        0.160
 HD       -5.718       18.251      -15.407     0.163    2.00        0.000
  C       -6.480       18.331      -17.345     0.180    4.00        0.150
  C       -7.667       17.488      -16.831     0.073    4.00        0.150
  A       -7.243       16.063      -16.789    -0.056    4.00        0.150
  A       -7.106       15.447      -15.508     0.007    4.00        0.150
  A       -6.749       14.053      -15.502     0.001    4.00        0.150
  A       -6.332       13.434      -16.679     0.000    4.00        0.150
  A       -6.931       15.399      -18.000     0.007    4.00        0.150
  A       -6.389       14.112      -17.916     0.001    4.00        0.150
  C       -6.918       19.672      -17.841     0.241    4.00        0.150
 OA       -7.355       19.780      -18.975    -0.271    3.20        0.200
  N       -6.887       20.730      -16.982    -0.346    3.50        0.160
 HD       -6.605       20.592      -16.036     0.163    2.00        0.000
  C       -7.279       22.056      -17.396     0.181    4.00        0.150
  C       -8.376       22.544      -16.343     0.075    4.00        0.150
  A       -9.288       23.684      -16.776    -0.028    4.00        0.150
  A       -9.285       25.021      -16.478     0.096    4.00        0.150
  N      -10.204       25.634      -17.249    -0.365    3.50        0.160
 HD      -10.473       26.567      -17.138     0.165    2.00        0.000
  A      -10.744       24.766      -18.115     0.042    4.00        0.150
  A      -10.224       23.480      -17.833    -0.002    4.00        0.150
  A      -10.602       22.360      -18.640     0.014    4.00        0.150
  A      -11.481       22.572      -19.703     0.001    4.00        0.150
  A      -11.700       24.867      -19.080     0.030    4.00        0.150
  A      -12.130       23.797      -19.875     0.002    4.00        0.150
  C       -6.194       23.002      -17.710     0.241    4.00        0.150
 OA       -6.403       23.981      -18.466    -0.271    3.20        0.200
  N       -4.917       22.836      -17.263    -0.346    3.50        0.160
 HD       -4.644       22.045      -16.724     0.163    2.00        0.000
  C       -3.894       23.807      -17.746     0.180    4.00        0.150
  C       -3.262       24.526      -16.551     0.073    4.00        0.150
  A       -4.310       25.385      -15.843    -0.056    4.00        0.150
  A       -4.552       26.707      -16.297     0.007    4.00        0.150
  A       -5.680       27.422      -15.818     0.001    4.00        0.150
  A       -6.365       26.910      -14.765     0.000    4.00        0.150
  A       -5.158       24.818      -14.868     0.007    4.00        0.150
  A       -6.167       25.591      -14.279     0.001    4.00        0.150
  C       -2.751       23.082      -18.442     0.241    4.00        0.150
 OA       -1.653       23.693      -18.658    -0.271    3.20        0.200
  N       -2.955       21.779      -18.779    -0.345    3.50        0.160
 HD       -3.790       21.332      -18.470     0.163    2.00        0.000
  C       -2.047       21.006      -19.551     0.186    4.00        0.150
  C       -1.943       21.522      -21.055     0.147    4.00        0.150
  C       -3.254       21.236      -21.811     0.175    4.00        0.150
 OA       -4.196       20.621      -21.236    -0.648    3.20        0.200
 OA       -3.382       21.704      -22.981    -0.648    3.20        0.200
  C       -0.600       20.940      -18.983     0.241    4.00        0.150
 OA        0.343       20.700      -19.721    -0.271    3.20        0.200
  N       -0.398       21.104      -17.676    -0.344    3.50        0.160
 HD       -1.200       21.132      -17.085     0.163    2.00        0.000
  C        0.960       20.902      -17.092     0.200    4.00        0.150
  C        1.219       21.870      -15.917     0.199    4.00        0.150
 OA        2.568       21.998      -15.445    -0.398    3.20        0.200
 HD        3.179       21.679      -16.113     0.209    2.00        0.000
  C        1.003       19.453      -16.520     0.243    4.00        0.150
 OA        0.209       19.077      -15.671    -0.271    3.20        0.200
  N        1.895       18.609      -16.965    -0.346    3.50        0.160
 HD        2.568       18.789      -17.678     0.163    2.00        0.000
  C        1.912       17.233      -16.637     0.176    4.00        0.150
  C        1.760       16.419      -17.986     0.036    4.00        0.150
  C        0.581       16.843      -18.915     0.023    4.00        0.150
  C        0.156       15.869      -20.012     0.138    4.00        0.150
  N       -0.989       16.481      -20.737    -0.227    3.50        0.160
 HD       -1.902       16.077      -20.673     0.177    2.00        0.000
  C       -0.860       17.339      -21.721     0.665    4.00        0.150
  N        0.293       17.829      -22.226    -0.235    3.50        0.160
 HD        1.128       17.604      -21.724     0.174    2.00        0.000
 HD        0.454       18.325      -23.079     0.174    2.00        0.000
  N       -1.934       17.666      -22.390    -0.235    3.50        0.160
 HD       -2.806       17.424      -21.965     0.174    2.00        0.000
 HD       -1.871       18.394      -23.073     0.174    2.00        0.000
  C        3.118       16.784      -15.885     0.241    4.00        0.150
 OA        3.397       15.581      -15.729    -0.271    3.20        0.200
  N        3.947       17.763      -15.367    -0.346    3.50        0.160
 HD        3.778       18.746      -15.366     0.163    2.00        0.000
  C        5.144       17.396      -14.657     0.177    4.00        0.150
  C        6.471       17.973      -15.319     0.045    4.00        0.150
  C        6.832       17.270      -16.600     0.116    4.00        0.150
  C        7.925       18.112      -17.305     0.172    4.00        0.150
 OA        9.058       18.213      -16.791    -0.648    3.20        0.200
 OA        7.660       18.598      -18.427    -0.648    3.20        0.200
  C        5.020       17.684      -13.162     0.241    4.00        0.150
 OA        4.770       18.853      -12.726    -0.271    3.20        0.200
  N        5.127       16.642      -12.278    -0.346    3.50        0.160
 HD        5.493       15.744      -12.507     0.163    2.00        0.000
  C        5.098       16.753      -10.853     0.180    4.00        0.150
  C        3.874       16.164      -10.091     0.013    4.00        0.150
  C        3.867       14.587      -10.423     0.012    4.00        0.150
  C        3.839       16.306       -8.540     0.002    4.00        0.150
  C        2.437       16.028       -7.962     0.005    4.00        0.150
  C        6.392       16.391      -10.215     0.241    4.00        0.150
 OA        6.950       15.300      -10.376    -0.271    3.20        0.200
  N        6.855       17.336       -9.324    -0.344    3.50        0.160
 HD        6.327       18.173       -9.194     0.163    2.00        0.000
  C        7.922       17.156       -8.359     0.200    4.00        0.150
  C        7.984       18.341       -7.371     0.199    4.00        0.150
 OA        9.087       18.122       -6.393    -0.398    3.20        0.200
 HD        9.957       18.040       -6.791     0.209    2.00        0.000
  C        7.870       15.809       -7.692     0.243    4.00        0.150
 OA        6.867       15.417       -7.157    -0.271    3.20        0.200
  N        8.920       14.941       -7.730    -0.346    3.50        0.160
 HD        9.698       15.205       -8.294     0.163    2.00        0.000
  C        9.012       13.702       -7.086     0.180    4.00        0.150
  C       10.389       13.065       -7.416     0.073    4.00        0.150
  A       10.825       11.789       -6.859    -0.056    4.00        0.150
  A       11.217       11.727       -5.529     0.007    4.00        0.150
  A       11.666       10.497       -5.051     0.001    4.00        0.150
  A       11.799        9.349       -5.845     0.000    4.00        0.150
  A       10.933       10.664       -7.684     0.007    4.00        0.150
  A       11.468        9.487       -7.198     0.001    4.00        0.150
  C        8.728       13.827       -5.588     0.241    4.00        0.150
 OA        7.869       13.194       -5.062    -0.271    3.20        0.200
  N        9.328       14.881       -4.959    -0.346    3.50        0.160
 HD        9.914       15.506       -5.471     0.163    2.00        0.000
  C        9.051       15.209       -3.574     0.177    4.00        0.150
  C        9.850       16.509       -3.187     0.045    4.00        0.150
  C       11.354       16.280       -3.167     0.116    4.00        0.150
  C       11.978       16.554       -1.818     0.172    4.00        0.150
 OA       11.757       17.645       -1.197    -0.648    3.20        0.200
 OA       12.888       15.781       -1.479    -0.648    3.20        0.200
  C        7.563       15.525       -3.311     0.241    4.00        0.150
 OA        6.910       15.157       -2.287    -0.271    3.20        0.200
  N        6.924       16.319       -4.193    -0.346    3.50        0.160
 HD        7.393       16.646       -5.010     0.163    2.00        0.000
  C        5.542       16.742       -4.065     0.172    4.00        0.150
  C        5.231       17.952       -4.948     0.042    4.00        0.150
  C        4.514       15.671       -4.221     0.240    4.00        0.150
 OA        3.473       15.570       -3.570    -0.271    3.20        0.200
  N        4.881       14.701       -5.115    -0.345    3.50        0.160
 HD        5.733       14.819       -5.619     0.163    2.00        0.000
  C        4.206       13.408       -5.336     0.186    4.00        0.150
  C        4.755       12.974       -6.625     0.120    4.00        0.150
 SA        4.227       11.329       -7.283    -0.095    4.00        0.200
  C        4.297       12.464       -4.140     0.241    4.00        0.150
 OA        3.305       11.904       -3.693    -0.271    3.20        0.200
  N        5.518       12.258       -3.541    -0.346    3.50        0.160
 HD        6.365       12.585       -3.955     0.163    2.00        0.000
  C        5.707       11.348       -2.414     0.177    4.00        0.150
  C        7.243       10.982       -2.016     0.038    4.00        0.150
  C        8.257       10.629       -3.118    -0.020    4.00        0.150
  C        9.319       10.014       -2.312     0.009    4.00        0.150
  C        7.701        9.753       -4.338     0.009    4.00        0.150
  C        4.980       11.866       -1.172     0.241    4.00        0.150
 OA        4.473       11.016       -0.410    -0.271    3.20        0.200
  N        4.924       13.227       -0.967    -0.344    3.50        0.160
 HD        5.386       13.764       -1.669     0.163    2.00        0.000
  C        4.120       13.878        0.050     0.205    4.00        0.150
  C        4.435       15.358        0.080     0.146    4.00        0.150
 OA        5.821       15.672        0.219    -0.393    3.20        0.200
 HD        6.091       15.874       -0.681     0.210    2.00        0.000
  C        3.788       15.883        1.318     0.042    4.00        0.150
  C        2.608       13.672       -0.154     0.243    4.00        0.150
 OA        1.857       13.361        0.851    -0.271    3.20        0.200
  N        2.052       13.777       -1.371    -0.346    3.50        0.160
 HD        2.615       14.231       -2.058     0.163    2.00        0.000
  C        0.737       13.395       -1.715     0.177    4.00        0.150
  C        0.417       13.845       -3.147     0.044    4.00        0.150
  C       -0.719       13.049       -3.937     0.105    4.00        0.150
  C       -0.959       13.635       -5.320     0.215    4.00        0.150
 OA       -0.291       13.208       -6.241    -0.274    3.20        0.200
  N       -1.955       14.506       -5.435    -0.370    3.50        0.160
 HD       -2.481       14.917       -4.689     0.159    2.00        0.000
 HD       -2.236       14.768       -6.358     0.159    2.00        0.000
  C        0.450       11.928       -1.424     0.241    4.00        0.150
 OA       -0.592       11.620       -0.854    -0.271    3.20        0.200
  N        1.357       10.972       -1.738    -0.346    3.50        0.160
 HD        2.163       11.338       -2.196     0.163    2.00        0.000
  C        1.255        9.496       -1.508     0.177    4.00        0.150
  C        2.514        8.788       -2.109     0.045    4.00        0.150
  C        2.640        7.223       -1.853     0.076    4.00        0.150
 SA        3.351        6.816       -0.220    -0.173    4.00        0.200
  C        5.031        7.369       -0.492     0.089    4.00        0.150
  C        1.082        9.148       -0.016     0.241    4.00        0.150
 OA        0.207        8.387        0.366    -0.271    3.20        0.200
  N        1.862        9.862        0.875    -0.346    3.50        0.160
 HD        2.598       10.421        0.498     0.163    2.00        0.000
  C        1.722        9.894        2.311     0.180    4.00        0.150
  C        2.691       10.867        3.033     0.073    4.00        0.150
  A        2.581       11.060        4.520    -0.056    4.00        0.150
  A        2.638       12.442        4.941     0.007    4.00        0.150
  A        2.413       12.665        6.362     0.001    4.00        0.150
  A        1.982       11.652        7.188     0.000    4.00        0.150
  A        2.271       10.007        5.376     0.007    4.00        0.150
  A        2.063       10.319        6.766     0.001    4.00        0.150
  C        0.297       10.394        2.732     0.241    4.00        0.150
 OA       -0.472        9.636        3.273    -0.271    3.20        0.200
  N       -0.112       11.637        2.381    -0.346    3.50        0.160
 HD        0.490       12.223        1.843     0.163    2.00        0.000
  C       -1.302       12.260        2.766     0.180    4.00        0.150
  C       -1.422       13.632        1.937     0.073    4.00        0.150
  A       -0.604       14.709        2.558    -0.056    4.00        0.150
  A       -0.559       15.910        1.793     0.007    4.00        0.150
  A        0.041       17.042        2.290     0.001    4.00        0.150
  A        0.729       16.985        3.518     0.000    4.00        0.150
  A        0.174       14.668        3.743     0.007    4.00        0.150
  A        0.871       15.752        4.211     0.001    4.00        0.150
  C       -2.578       11.476        2.481     0.241    4.00        0.150
 OA       -3.340       11.217        3.395    -0.271    3.20        0.200
  N       -2.770       10.994        1.237    -0.346    3.50        0.160
 HD       -1.979       11.150        0.652     0.163    2.00        0.000
  C       -4.012       10.331        0.879     0.180    4.00        0.150
  C       -4.252       10.291       -0.621     0.013    4.00        0.150
  C       -4.253       11.799       -1.086     0.012    4.00        0.150
  C       -3.204        9.401       -1.432     0.002    4.00        0.150
  C       -3.057        9.493       -2.948     0.005    4.00        0.150
  C       -4.223        8.978        1.523     0.241    4.00        0.150
 OA       -5.310        8.539        1.955    -0.271    3.20        0.200
  N       -3.167        8.153        1.628    -0.346    3.50        0.160
 HD       -2.295        8.362        1.192     0.163    2.00        0.000
  C       -3.283        6.837        2.411     0.182    4.00        0.150
  C       -1.916        6.107        2.211     0.093    4.00        0.150
  N       -2.740        5.503       -0.066    -0.353    3.50        0.160
 HD       -3.726        5.598        0.075     0.166    2.00        0.000
  A       -1.686        5.773        0.800     0.030    4.00        0.150
  A       -2.176        5.167       -1.264     0.207    4.00        0.150
 NA       -0.829        5.255       -1.255    -0.254    3.50        0.160
  A       -0.551        5.750        0.024     0.143    4.00        0.150
  C       -3.322        7.206        3.905     0.241    4.00        0.150
 OA       -3.892        6.422        4.696    -0.271    3.20        0.200
  N       -2.594        8.243        4.439    -0.346    3.50        0.160
 HD       -1.867        8.633        3.879     0.163    2.00        0.000
  C       -2.638        8.577        5.796     0.172    4.00        0.150
  C       -1.645        9.710        6.020     0.042    4.00        0.150
  C       -4.029        9.073        6.303     0.240    4.00        0.150
 OA       -4.487        8.739        7.401    -0.271    3.20        0.200
  N       -4.636        9.874        5.419    -0.346    3.50        0.160
 HD       -4.213       10.201        4.577     0.163    2.00        0.000
  C       -6.024       10.171        5.686     0.177    4.00        0.150
  C       -6.623       11.118        4.547     0.038    4.00        0.150
  C       -6.032       12.559        4.407    -0.020    4.00        0.150
  C       -5.981       13.088        2.951     0.009    4.00        0.150
  C       -6.762       13.539        5.326     0.009    4.00        0.150
  C       -6.938        8.969        5.770     0.241    4.00        0.150
 OA       -7.820        8.955        6.677    -0.271    3.20        0.200
  N       -6.813        7.931        4.920    -0.344    3.50        0.160
 HD       -6.105        7.924        4.217     0.163    2.00        0.000
  C       -7.674        6.818        5.049     0.200    4.00        0.150
  C       -7.330        5.691        3.992     0.199    4.00        0.150
 OA       -7.472        6.167        2.653    -0.398    3.20        0.200
 HD       -8.382        6.470        2.608     0.209    2.00        0.000
  C       -7.641        6.107        6.311     0.243    4.00        0.150
 OA       -8.624        5.511        6.822    -0.271    3.20        0.200
  N       -6.412        6.098        6.971    -0.346    3.50        0.160
 HD       -5.571        6.442        6.561     0.163    2.00        0.000
  C       -6.225        5.479        8.273     0.172    4.00        0.150
  C       -4.728        5.267        8.620     0.042    4.00        0.150
  C       -7.020        6.308        9.342     0.240    4.00        0.150
 OA       -7.663        5.765       10.231    -0.271    3.20        0.200
  N       -6.950        7.678        9.165    -0.346    3.50        0.160
 HD       -6.368        8.060        8.451     0.163    2.00        0.000
  C       -7.778        8.604       10.088     0.180    4.00        0.150
  C       -7.498       10.058        9.776     0.013    4.00        0.150
  C       -8.254       10.922       10.784     0.012    4.00        0.150
  C       -6.047       10.321        9.810     0.002    4.00        0.150
  C       -5.694       11.789        9.385     0.005    4.00        0.150
  C       -9.240        8.270        9.850     0.241    4.00        0.150
 OA      -10.072        8.274       10.800    -0.271    3.20        0.200
  N       -9.605        8.005        8.612    -0.346    3.50        0.160
 HD       -8.962        8.254        7.891     0.163    2.00        0.000
  C      -11.048        7.898        8.331     0.177    4.00        0.150
  C      -11.290        8.048        6.793     0.045    4.00        0.150
  C      -12.744        7.926        6.321     0.116    4.00        0.150
  C      -12.828        8.045        4.799     0.172    4.00        0.150
 OA      -11.832        7.997        4.046    -0.648    3.20        0.200
 OA      -13.979        8.369        4.373    -0.648    3.20        0.200
  C      -11.539        6.547        8.874     0.241    4.00        0.150
 OA      -12.651        6.439        9.365    -0.271    3.20        0.200
  N      -10.810        5.403        8.671    -0.344    3.50        0.160
 HD      -10.102        5.431        7.968     0.163    2.00        0.000
  C      -11.113        4.180        9.315     0.200    4.00        0.150
  C       -9.968        3.174        9.033     0.199    4.00        0.150
 OA      -10.106        1.864        9.536    -0.398    3.20        0.200
 HD       -9.878        1.741       10.461     0.209    2.00        0.000
  C      -11.266        4.356       10.850     0.243    4.00        0.150
 OA      -12.197        3.828       11.424    -0.271    3.20        0.200
  N      -10.314        5.106       11.466    -0.344    3.50        0.160
 HD       -9.555        5.490       10.948     0.163    2.00        0.000
  C      -10.495        5.459       12.874     0.205    4.00        0.150
  C       -9.299        6.323       13.330     0.146    4.00        0.150
 OA       -7.983        5.821       12.908    -0.393    3.20        0.200
 HD       -7.969        5.839       11.948     0.210    2.00        0.000
  C       -9.137        6.530       14.770     0.042    4.00        0.150
  C      -11.791        6.233       13.169     0.243    4.00        0.150
 OA      -12.453        5.955       14.216    -0.271    3.20        0.200
  N      -12.163        7.250       12.326    -0.346    3.50        0.160
 HD      -11.564        7.561       11.592     0.163    2.00        0.000
  C      -13.376        8.125       12.528     0.180    4.00        0.150
  C      -13.284        9.588       11.918     0.013    4.00        0.150
  C      -14.620       10.341       11.769     0.012    4.00        0.150
  C      -12.259       10.435       12.752     0.002    4.00        0.150
  C      -12.644       10.470       14.231     0.005    4.00        0.150
  C      -14.679        7.456       12.162     0.241    4.00        0.150
 OA      -15.630        7.591       12.925    -0.271    3.20        0.200
  N      -14.692        6.628       11.116    -0.346    3.50        0.160
 HD      -13.884        6.531       10.541     0.163    2.00        0.000
  C      -15.894        5.869       10.829     0.177    4.00        0.150
  C      -15.694        5.298        9.374     0.038    4.00        0.150
  C      -16.801        4.331        8.941    -0.020    4.00        0.150
  C      -18.111        5.162        8.701     0.009    4.00        0.150
  C      -16.412        3.778        7.615     0.009    4.00        0.150
  C      -16.122        4.696       11.849     0.241    4.00        0.150
 OA      -17.263        4.319       12.163    -0.271    3.20        0.200
  N      -15.061        4.177       12.503    -0.346    3.50        0.160
 HD      -14.231        4.330       11.972     0.163    2.00        0.000
  C      -15.062        3.279       13.670     0.177    4.00        0.150
  C      -13.769        2.485       13.852     0.038    4.00        0.150
  C      -13.536        1.791       15.239    -0.020    4.00        0.150
  C      -14.599        0.799       15.628     0.009    4.00        0.150
  C      -12.148        1.207       15.248     0.009    4.00        0.150
  C      -15.524        4.000       14.872     0.241    4.00        0.150
 OA      -16.397        3.521       15.599    -0.271    3.20        0.200
  N      -15.032        5.219       15.128    -0.346    3.50        0.160
 HD      -14.202        5.522       14.665     0.163    2.00        0.000
  C      -15.569        6.031       16.186     0.172    4.00        0.150
  C      -14.662        7.307       16.304     0.042    4.00        0.150
  C      -17.045        6.394       16.055     0.240    4.00        0.150
 OA      -17.739        6.335       17.073    -0.271    3.20        0.200
  N      -17.621        6.582       14.813    -0.346    3.50        0.160
 HD      -17.027        6.872       14.067     0.163    2.00        0.000
  C      -19.064        6.712       14.613     0.177    4.00        0.150
  C      -19.356        7.017       13.160     0.045    4.00        0.150
  C      -19.088        8.545       12.934     0.076    4.00        0.150
 SA      -19.393        9.260       11.330    -0.173    4.00        0.200
  C      -21.121        8.805       11.142     0.089    4.00        0.150
  C      -19.795        5.348       14.993     0.241    4.00        0.150
 OA      -20.853        5.296       15.559    -0.271    3.20        0.200
  N      -19.184        4.201       14.611    -0.346    3.50        0.160
 HD      -18.327        4.294       14.110     0.163    2.00        0.000
  C      -19.627        2.839       14.957     0.172    4.00        0.150
  C      -18.712        1.750       14.188     0.042    4.00        0.150
  C      -19.627        2.624       16.425     0.240    4.00        0.150
 OA      -20.602        2.081       16.895    -0.271    3.20        0.200
  N      -18.546        3.061       17.106    -0.346    3.50        0.160
 HD      -17.813        3.472       16.568     0.163    2.00        0.000
  C      -18.371        2.977       18.503     0.180    4.00        0.150
  C      -16.933        3.325       18.911     0.073    4.00        0.150
  A      -16.740        2.892       20.382    -0.056    4.00        0.150
  A      -16.368        1.569       20.828     0.007    4.00        0.150
  A      -16.168        1.305       22.179     0.001    4.00        0.150
  A      -16.316        2.350       23.142     0.000    4.00        0.150
  A      -16.942        3.848       21.370     0.007    4.00        0.150
  A      -16.762        3.610       22.764     0.001    4.00        0.150
  C      -19.445        3.788       19.229     0.241    4.00        0.150
 OA      -20.052        3.314       20.216    -0.271    3.20        0.200
  N      -19.706        5.044       18.815    -0.345    3.50        0.160
 HD      -19.145        5.472       18.111     0.163    2.00        0.000
  C      -20.824        5.857       19.332     0.186    4.00        0.150
  C      -20.904        7.213       18.512     0.147    4.00        0.150
  C      -22.117        8.039       18.913     0.175    4.00        0.150
 OA      -22.723        8.500       17.940    -0.648    3.20        0.200
 OA      -22.361        8.353       20.089    -0.648    3.20        0.200
  C      -22.209        5.215       19.145     0.241    4.00        0.150
 OA      -22.870        4.945       20.134    -0.271    3.20        0.200
  N      -22.481        4.761       17.961    -0.346    3.50        0.160
 HD      -21.801        4.805       17.233     0.163    2.00        0.000
  C      -23.778        4.102       17.708     0.176    4.00        0.150
  C      -24.019        3.659       16.238     0.036    4.00        0.150
  C      -24.248        4.857       15.257     0.023    4.00        0.150
  C      -23.730        4.672       13.827     0.138    4.00        0.150
  N      -23.967        5.946       13.078    -0.227    3.50        0.160
 HD      -24.180        6.812       13.528     0.177    2.00        0.000
  C      -23.965        5.957       11.762     0.665    4.00        0.150
  N      -23.842        4.874       11.002    -0.235    3.50        0.160
 HD      -23.831        4.943       10.004     0.174    2.00        0.000
 HD      -23.485        3.984       11.289     0.174    2.00        0.000
  N      -24.167        7.143       11.174    -0.235    3.50        0.160
 HD      -24.106        7.994       11.694     0.174    2.00        0.000
 HD      -24.381        7.165       10.197     0.174    2.00        0.000
  C      -23.854        2.777       18.531     0.241    4.00        0.150
 OA      -24.895        2.507       19.078    -0.271    3.20        0.200
  N      -22.725        2.027       18.655    -0.346    3.50        0.160
 HD      -21.920        2.182       18.085     0.163    2.00        0.000
  C      -22.698        0.833       19.516     0.180    4.00        0.150
  C      -21.387       -0.032       19.367     0.073    4.00        0.150
  A      -20.973       -0.981       20.480    -0.056    4.00        0.150
  A      -21.560       -2.285       20.597     0.010    4.00        0.150
  A      -21.130       -3.129       21.620     0.037    4.00        0.150
  A      -20.051       -2.745       22.450     0.065    4.00        0.150
 OA      -19.448       -3.669       23.321    -0.361    3.20        0.200
 HD      -18.684       -3.229       23.702     0.217    2.00        0.000
  A      -20.028       -0.569       21.429     0.010    4.00        0.150
  A      -19.513       -1.459       22.331     0.037    4.00        0.150
  C      -22.908        1.140       20.942     0.241    4.00        0.150
 OA      -23.737        0.469       21.549    -0.271    3.20        0.200
  N      -22.184        2.154       21.524    -0.346    3.50        0.160
 HD      -21.543        2.657       20.948     0.163    2.00        0.000
  C      -22.364        2.526       22.976     0.180    4.00        0.150
  C      -21.492        3.695       23.240     0.009    4.00        0.150
  C      -21.945        4.454       24.508     0.012    4.00        0.150
  C      -20.068        3.097       23.443     0.012    4.00        0.150
  C      -23.785        2.857       23.150     0.241    4.00        0.150
 OA      -24.490        2.380       24.039    -0.271    3.20        0.200
  N      -24.257        3.624       22.203    -0.346    3.50        0.160
 HD      -23.764        3.948       21.400     0.163    2.00        0.000
  C      -25.579        4.228       22.352     0.172    4.00        0.150
  C      -25.678        5.337       21.260     0.042    4.00        0.150
  C      -26.765        3.313       22.255     0.240    4.00        0.150
 OA      -27.805        3.527       22.816    -0.271    3.20        0.200
  N      -26.687        2.259       21.422    -0.346    3.50        0.160
 HD      -25.911        2.255       20.795     0.163    2.00        0.000
  C      -27.784        1.301       21.248     0.180    4.00        0.150
  C      -27.863        0.842       19.824     0.013    4.00        0.150
  C      -28.766       -0.382       19.723     0.012    4.00        0.150
  C      -28.429        2.010       18.890     0.002    4.00        0.150
  C      -28.110        1.846       17.345     0.005    4.00        0.150
  C      -27.782        0.184       22.290     0.241    4.00        0.150
 OA      -28.819       -0.153       22.780    -0.271    3.20        0.200
  N      -26.593       -0.292       22.739    -0.345    3.50        0.160
 HD      -25.758        0.053       22.317     0.163    2.00        0.000
  C      -26.528       -1.386       23.598     0.185    4.00        0.150
  C      -25.262       -2.366       23.241     0.105    4.00        0.150
 SA      -25.478       -3.044       21.512    -0.180    4.00        0.200
 HD      -26.527       -3.764       21.881     0.101    2.00        0.000
  C      -26.473       -0.853       25.047     0.241    4.00        0.150
 OA      -26.829       -1.654       25.953    -0.271    3.20        0.200
  N      -26.072        0.346       25.369    -0.346    3.50        0.160
 HD      -25.800        0.910       24.592     0.163    2.00        0.000
  C      -25.845        0.753       26.789     0.182    4.00        0.150
  C      -24.329        0.845       27.149     0.093    4.00        0.150
  N      -23.406       -1.353       28.041    -0.353    3.50        0.160
 HD      -23.605       -1.110       28.990     0.166    2.00        0.000
  A      -23.529       -0.430       27.021     0.030    4.00        0.150
  A      -22.809       -2.429       27.589     0.207    4.00        0.150
 NA      -22.537       -2.289       26.252    -0.254    3.50        0.160
  A      -22.999       -1.067       25.901     0.143    4.00        0.150
  C      -26.391        2.172       26.955     0.243    4.00        0.150
 OA      -25.608        3.094       27.217    -0.271    3.20        0.200
  N      -27.746        2.406       26.922    -0.337    3.50        0.160
  C      -28.724        1.385       26.557     0.127    4.00        0.150
  C      -28.250        3.785       26.724     0.179    4.00        0.150
  C      -29.767        3.535       26.408     0.037    4.00        0.150
  C      -30.033        2.085       26.862     0.022    4.00        0.150
  C      -28.106        4.619       27.904     0.241    4.00        0.150
 OA      -27.923        5.810       27.839    -0.271    3.20        0.200
  N      -28.175        4.080       29.102    -0.346    3.50        0.160
 HD      -28.206        3.084       29.094     0.163    2.00        0.000
  C      -28.232        4.787       30.365     0.177    4.00        0.150
  C      -29.028        4.055       31.512     0.038    4.00        0.150
  C      -30.512        3.687       31.283    -0.020    4.00        0.150
  C      -31.253        3.023       32.506     0.009    4.00        0.150
  C      -31.290        4.962       30.807     0.009    4.00        0.150
  C      -26.775        5.088       30.873     0.241    4.00        0.150
 OA      -26.628        5.800       31.846    -0.271    3.20        0.200
  N      -25.735        4.546       30.144    -0.346    3.50        0.160
 HD      -25.967        3.958       29.372     0.163    2.00        0.000
  C      -24.324        4.778       30.507     0.176    4.00        0.150
  C      -23.678        3.328       30.415     0.036    4.00        0.150
  C      -24.331        2.190       31.208     0.023    4.00        0.150
  C      -24.403        2.531       32.709     0.138    4.00        0.150
  N      -25.197        1.480       33.403    -0.227    3.50        0.160
 HD      -25.609        0.713       32.912     0.177    2.00        0.000
  C      -25.596        1.541       34.684     0.665    4.00        0.150
  N      -25.337        2.541       35.470    -0.235    3.50        0.160
 HD      -24.717        3.244       35.124     0.174    2.00        0.000
 HD      -25.627        2.512       36.428     0.174    2.00        0.000
  N      -26.486        0.730       35.154    -0.235    3.50        0.160
 HD      -26.622       -0.063       34.560     0.174    2.00        0.000
 HD      -26.609        0.785       36.145     0.174    2.00        0.000
  C      -23.794        5.660       29.498     0.241    4.00        0.150
 OA      -22.578        5.917       29.591    -0.271    3.20        0.200
  N      -24.537        6.110       28.427    -0.346    3.50        0.160
 HD      -25.517        5.959       28.322     0.163    2.00        0.000
  C      -23.950        6.630       27.216     0.182    4.00        0.150
  C      -24.923        6.578       25.989     0.093    4.00        0.150
  N      -26.419        8.305       27.016    -0.353    3.50        0.160
 HD      -26.607        7.889       27.906     0.166    2.00        0.000
  A      -25.826        7.736       25.899     0.030    4.00        0.150
  A      -26.895        9.504       26.646     0.207    4.00        0.150
 NA      -26.660        9.776       25.360    -0.254    3.50        0.160
  A      -26.001        8.643       24.872     0.143    4.00        0.150
  C      -23.216        7.956       27.409     0.241    4.00        0.150
 OA      -22.275        8.224       26.702    -0.271    3.20        0.200
  N      -23.593        8.840       28.371    -0.346    3.50        0.160
 HD      -24.423        8.737       28.915     0.163    2.00        0.000
  C      -22.973       10.134       28.517     0.172    4.00        0.150
  C      -23.893       10.890       29.476     0.042    4.00        0.150
  C      -21.571       10.073       29.066     0.240    4.00        0.150
 OA      -20.648       10.767       28.636    -0.271    3.20        0.200
  N      -21.437        9.229       30.130    -0.346    3.50        0.160
 HD      -22.315        8.803       30.336     0.163    2.00        0.000
  C      -20.226        8.811       30.832     0.172    4.00        0.150
  C      -20.547        7.795       31.936     0.042    4.00        0.150
  C      -19.227        8.217       29.829     0.240    4.00        0.150
 OA      -18.050        8.570       29.764    -0.271    3.20        0.200
  N      -19.729        7.250       29.002    -0.346    3.50        0.160
 HD      -20.717        7.116       29.023     0.163    2.00        0.000
  C      -18.916        6.616       27.949     0.180    4.00        0.150
  C      -19.582        5.365       27.484     0.009    4.00        0.150
  C      -18.933        4.754       26.237     0.012    4.00        0.150
  C      -19.684        4.339       28.612     0.012    4.00        0.150
  C      -18.529        7.484       26.714     0.241    4.00        0.150
 OA      -17.431        7.404       26.181    -0.271    3.20        0.200
  N      -19.492        8.367       26.325    -0.346    3.50        0.160
 HD      -20.388        8.524       26.731     0.163    2.00        0.000
  C      -19.110        9.287       25.262     0.177    4.00        0.150
  C      -19.135        8.649       23.893     0.038    4.00        0.150
  C      -18.645        9.470       22.600    -0.020    4.00        0.150
  C      -17.153        9.826       22.712     0.009    4.00        0.150
  C      -18.914        8.613       21.376     0.009    4.00        0.150
  C      -19.811       10.620       25.368     0.241    4.00        0.150
 OA      -21.037       10.750       25.603    -0.271    3.20        0.200
  N      -19.002       11.705       25.215    -0.346    3.50        0.160
 HD      -18.065       11.580       24.895     0.163    2.00        0.000
  C      -19.285       13.098       25.458     0.185    4.00        0.150
  C      -19.253       13.525       26.907     0.137    4.00        0.150
  C      -17.919       13.071       27.612     0.217    4.00        0.150
 OA      -16.839       13.707       27.489    -0.274    3.20        0.200
  N      -17.966       11.875       28.301    -0.370    3.50        0.160
 HD      -17.126       11.613       28.776     0.159    2.00        0.000
 HD      -18.804       11.368       28.502     0.159    2.00        0.000
  C      -18.358       13.976       24.557     0.241    4.00        0.150
 OA      -17.384       13.539       23.955    -0.271    3.20        0.200
  N      -18.711       15.230       24.495    -0.346    3.50        0.160
 HD      -19.550       15.580       24.902     0.163    2.00        0.000
  C      -18.099       16.215       23.522     0.185    4.00        0.150
  C      -18.849       17.557       23.576     0.137    4.00        0.150
  C      -20.239       17.408       22.768     0.217    4.00        0.150
 OA      -20.473       16.564       21.923    -0.274    3.20        0.200
  N      -21.099       18.431       22.978    -0.370    3.50        0.160
 HD      -21.890       18.420       22.366     0.159    2.00        0.000
 HD      -20.938       19.088       23.714     0.159    2.00        0.000
  C      -16.606       16.457       23.625     0.241    4.00        0.150
 OA      -15.823       16.516       22.607    -0.271    3.20        0.200
  N      -16.059       16.613       24.805    -0.344    3.50        0.160
 HD      -16.710       16.585       25.560     0.163    2.00        0.000
  C      -14.582       16.765       25.059     0.205    4.00        0.150
  C      -14.118       17.261       26.373     0.146    4.00        0.150
 OA      -14.156       16.330       27.448    -0.393    3.20        0.200
 HD      -13.300       15.901       27.392     0.210    2.00        0.000
  C      -15.001       18.399       26.906     0.042    4.00        0.150
  C      -13.918       15.477       24.727     0.243    4.00        0.150
 OA      -12.827       15.523       24.134    -0.271    3.20        0.200
  N      -14.428       14.244       25.043    -0.346    3.50        0.160
 HD      -15.259       14.109       25.578     0.163    2.00        0.000
  C      -13.842       12.926       24.662     0.180    4.00        0.150
  C      -14.664       11.707       25.363     0.009    4.00        0.150
  C      -14.292       10.314       24.812     0.012    4.00        0.150
  C      -14.360       11.731       26.913     0.012    4.00        0.150
  C      -13.925       12.819       23.119     0.241    4.00        0.150
 OA      -12.897       12.540       22.538    -0.271    3.20        0.200
  N      -14.973       13.268       22.447    -0.344    3.50        0.160
 HD      -15.766       13.593       22.954     0.163    2.00        0.000
  C      -15.092       13.219       20.984     0.205    4.00        0.150
  C      -16.435       13.668       20.457     0.146    4.00        0.150
 OA      -17.420       12.816       21.012    -0.393    3.20        0.200
 HD      -17.127       12.754       21.923     0.210    2.00        0.000
  C      -16.552       13.540       18.963     0.042    4.00        0.150
  C      -13.999       14.029       20.309     0.243    4.00        0.150
 OA      -13.286       13.589       19.399    -0.271    3.20        0.200
  N      -13.833       15.280       20.865    -0.346    3.50        0.160
 HD      -14.406       15.725       21.548     0.163    2.00        0.000
  C      -12.682       16.138       20.449     0.172    4.00        0.150
  C      -12.785       17.376       21.260     0.042    4.00        0.150
  C      -11.306       15.479       20.715     0.240    4.00        0.150
 OA      -10.434       15.458       19.860    -0.271    3.20        0.200
  N      -11.185       14.766       21.837    -0.346    3.50        0.160
 HD      -11.935       14.672       22.487     0.163    2.00        0.000
  C      -10.006       14.050       22.247     0.177    4.00        0.150
  C      -10.020       13.676       23.741     0.044    4.00        0.150
  C       -8.656       12.998       24.286     0.105    4.00        0.150
  C       -7.449       13.960       24.415     0.215    4.00        0.150
 OA       -7.531       14.951       25.147    -0.274    3.20        0.200
  N       -6.458       13.682       23.561    -0.370    3.50        0.160
 HD       -5.730       14.359       23.457     0.159    2.00        0.000
 HD       -6.574       12.768       23.170     0.159    2.00        0.000
  C       -9.693       12.844       21.319     0.241    4.00        0.150
 OA       -8.501       12.632       20.900    -0.271    3.20        0.200
  N      -10.749       12.162       20.852    -0.346    3.50        0.160
 HD      -11.650       12.308       21.254     0.163    2.00        0.000
  C      -10.693       11.093       19.832     0.180    4.00        0.150
  C      -12.053       10.301       19.626     0.013    4.00        0.150
  C      -12.020        9.313       18.461     0.012    4.00        0.150
  C      -12.495        9.543       20.903     0.002    4.00        0.150
  C      -13.903        8.972       20.854     0.005    4.00        0.150
  C      -10.191       11.599       18.588     0.241    4.00        0.150
 OA       -9.353       11.027       17.938    -0.271    3.20        0.200
  N      -10.524       12.874       18.214    -0.351    3.50        0.160
 HD      -11.285       13.251       18.736     0.163    2.00        0.000
  C       -9.952       13.483       17.039     0.225    4.00        0.150
  C       -8.496       13.728       17.084     0.236    4.00        0.150
 OA       -7.898       13.928       16.022    -0.272    3.20        0.200
  N       -7.960       13.985       18.287    -0.346    3.50        0.160
 HD       -8.635       14.002       19.021     0.163    2.00        0.000
  C       -6.540       14.222       18.564     0.180    4.00        0.150
  C       -6.210       14.844       19.931     0.013    4.00        0.150
  C       -4.809       14.592       20.553     0.012    4.00        0.150
  C       -6.340       16.406       19.879     0.002    4.00        0.150
  C       -7.552       16.909       19.037     0.005    4.00        0.150
  C       -5.803       12.941       18.407     0.241    4.00        0.150
 OA       -4.749       12.949       17.827    -0.271    3.20        0.200
  N       -6.399       11.769       18.871    -0.346    3.50        0.160
 HD       -7.180       11.821       19.488     0.163    2.00        0.000
  C       -5.803       10.431       18.790     0.180    4.00        0.150
  C       -6.579        9.519       19.681     0.009    4.00        0.150
  C       -6.326        8.006       19.476     0.012    4.00        0.150
  C       -6.047        9.949       21.018     0.012    4.00        0.150
  C       -5.907        9.992       17.366     0.241    4.00        0.150
 OA       -4.922        9.509       16.815    -0.271    3.20        0.200
  N       -6.966       10.310       16.621    -0.346    3.50        0.160
 HD       -7.740       10.801       17.016     0.163    2.00        0.000
  C       -7.102        9.872       15.246     0.172    4.00        0.150
  C       -8.395       10.301       14.518     0.042    4.00        0.150
  C       -5.976       10.311       14.355     0.240    4.00        0.150
 OA       -5.535        9.584       13.454    -0.271    3.20        0.200
  N       -5.533       11.556       14.545    -0.346    3.50        0.160
 HD       -5.880       12.103       15.304     0.163    2.00        0.000
  C       -4.315       11.981       13.887     0.180    4.00        0.150
  C       -3.955       13.442       14.265     0.009    4.00        0.150
  C       -2.683       13.932       13.550     0.012    4.00        0.150
  C       -5.077       14.437       13.889     0.012    4.00        0.150
  C       -2.961       11.284       14.069     0.241    4.00        0.150
 OA       -2.493       10.764       13.088    -0.271    3.20        0.200
  N       -2.462       11.095       15.350    -0.346    3.50        0.160
 HD       -2.915       11.444       16.167     0.163    2.00        0.000
  C       -1.308       10.330       15.676     0.180    4.00        0.150
  C       -0.911       10.439       17.094     0.009    4.00        0.150
  C       -0.555       11.887       17.458     0.012    4.00        0.150
  C       -2.074        9.933       18.065     0.012    4.00        0.150
  C       -1.381        8.877       15.296     0.241    4.00        0.150
 OA       -0.377        8.357       14.769    -0.271    3.20        0.200
  N       -2.613        8.227       15.467    -0.346    3.50        0.160
 HD       -3.335        8.834       15.791     0.163    2.00        0.000
  C       -2.864        6.815       15.176     0.176    4.00        0.150
  C       -4.193        6.494       15.898     0.036    4.00        0.150
  C       -4.534        5.024       16.050     0.023    4.00        0.150
  C       -5.334        4.408       14.839     0.138    4.00        0.150
  N       -5.861        3.077       15.178    -0.227    3.50        0.160
 HD       -5.196        2.444       15.573     0.177    2.00        0.000
  C       -6.939        2.540       14.691     0.665    4.00        0.150
  N       -7.877        3.189       13.971    -0.235    3.50        0.160
 HD       -7.692        4.081       13.559     0.174    2.00        0.000
 HD       -8.451        2.561       13.446     0.174    2.00        0.000
  N       -7.187        1.258       14.768    -0.235    3.50        0.160
 HD       -6.521        0.712       15.276     0.174    2.00        0.000
 HD       -7.985        0.811       14.363     0.174    2.00        0.000
  C       -2.963        6.604       13.617     0.240    4.00        0.150
 OA       -2.408        5.660       13.007    -0.271    3.20        0.200
  N       -3.694        7.503       12.919    -0.351    3.50        0.160
 HD       -4.224        8.246       13.322     0.163    2.00        0.000
  C       -3.749        7.332       11.447     0.225    4.00        0.150
  C       -2.518        7.701       10.626     0.236    4.00        0.150
 OA       -2.112        7.088        9.661    -0.272    3.20        0.200
  N       -1.867        8.751       11.025    -0.344    3.50        0.160
 HD       -2.246        9.156       11.854     0.163    2.00        0.000
  C       -0.567        9.235       10.527     0.200    4.00        0.150
  C       -0.084       10.535       11.228     0.199    4.00        0.150
 OA        1.091       11.100       10.625    -0.398    3.20        0.200
 HD        1.740       10.769       11.250     0.209    2.00        0.000
  C        0.590        8.292       10.676     0.243    4.00        0.150
 OA        1.258        7.999        9.747    -0.271    3.20        0.200
  N        0.829        7.677       11.891    -0.346    3.50        0.160
 HD        0.117        7.841       12.570     0.163    2.00        0.000
  C        2.071        6.988       12.228     0.177    4.00        0.150
  C        2.069        6.533       13.706     0.038    4.00        0.150
  C        3.413        6.071       14.201    -0.020    4.00        0.150
  C        3.780        7.038       15.348     0.009    4.00        0.150
  C        3.540        4.606       14.607     0.009    4.00        0.150
  C        2.480        5.726       11.432     0.241    4.00        0.150
 OA        3.649        5.420       11.149    -0.271    3.20        0.200
  N        1.553        4.849       11.113    -0.346    3.50        0.160
 HD        0.630        5.059       11.427     0.163    2.00        0.000
  C        1.806        3.647       10.269     0.180    4.00        0.150
  C        0.591        2.714       10.307     0.073    4.00        0.150
  A        0.382        2.360       11.720    -0.056    4.00        0.150
  A        1.334        1.669       12.504     0.007    4.00        0.150
  A        0.949        1.172       13.716     0.001    4.00        0.150
  A       -0.384        1.385       14.235     0.000    4.00        0.150
  A       -0.886        2.651       12.267     0.007    4.00        0.150
  A       -1.241        2.138       13.497     0.001    4.00        0.150
  C        2.112        3.894        8.811     0.241    4.00        0.150
 OA        2.774        3.113        8.096    -0.271    3.20        0.200
  N        1.750        5.063        8.327    -0.346    3.50        0.160
 HD        1.354        5.807        8.861     0.163    2.00        0.000
  C        1.648        5.348        6.834     0.180    4.00        0.150
  C        0.287        5.925        6.438     0.073    4.00        0.150
  A       -0.595        4.681        6.394    -0.056    4.00        0.150
  A       -0.824        4.118        5.154     0.007    4.00        0.150
  A       -1.743        3.037        5.033     0.001    4.00        0.150
  A       -2.403        2.506        6.136     0.000    4.00        0.150
  A       -1.318        4.199        7.465     0.007    4.00        0.150
  A       -2.146        3.085        7.359     0.001    4.00        0.150
  C        2.714        6.349        6.619     0.241    4.00        0.150
 OA        3.106        6.676        5.526    -0.271    3.20        0.200
  N        3.338        6.858        7.693    -0.346    3.50        0.160
 HD        2.926        6.589        8.560     0.163    2.00        0.000
  C        4.449        7.768        7.769     0.181    4.00        0.150
  C        4.590        8.248        9.253     0.073    4.00        0.150
  A        5.784        9.167        9.648    -0.056    4.00        0.150
  A        5.727       10.502        9.325     0.007    4.00        0.150
  A        6.955       11.236        9.362     0.001    4.00        0.150
  A        8.185       10.688        9.858     0.000    4.00        0.150
  A        6.934        8.570       10.192     0.007    4.00        0.150
  A        8.082        9.437       10.416     0.001    4.00        0.150
  C        5.733        7.363        7.154     0.243    4.00        0.150
 OA        6.436        8.230        6.589    -0.271    3.20        0.200
  N        6.313        6.152        7.186    -0.337    3.50        0.160
  C        5.821        5.035        8.061     0.127    4.00        0.150
  C        7.717        5.895        6.796     0.179    4.00        0.150
  C        8.143        4.628        7.674     0.037    4.00        0.150
  C        6.824        3.860        7.870     0.022    4.00        0.150
  C        7.695        5.455        5.377     0.241    4.00        0.150
 OA        8.629        4.937        4.757    -0.271    3.20        0.200
  N        6.523        5.634        4.752    -0.346    3.50        0.160
 HD        5.729        6.033        5.205     0.163    2.00        0.000
  C        6.327        5.234        3.392     0.177    4.00        0.150
  C        4.797        5.293        2.972     0.038    4.00        0.150
  C        3.859        4.356        3.677    -0.020    4.00        0.150
  C        2.437        4.637        3.319     0.009    4.00        0.150
  C        4.187        2.866        3.315     0.009    4.00        0.150
  C        7.278        5.873        2.371     0.243    4.00        0.150
 OA        7.787        5.275        1.426    -0.271    3.20        0.200
  N        7.593        7.180        2.425    -0.337    3.50        0.160
  C        6.819        8.187        3.127     0.127    4.00        0.150
  C        8.496        7.848        1.473     0.179    4.00        0.150
  C        8.336        9.355        1.710     0.037    4.00        0.150
  C        6.974        9.524        2.304     0.022    4.00        0.150
  C        9.962        7.430        1.568     0.241    4.00        0.150
 OA       10.658        7.318        0.585    -0.271    3.20        0.200
  N       10.353        7.103        2.830    -0.346    3.50        0.160
 HD        9.694        7.002        3.572     0.163    2.00        0.000
  C       11.601        6.369        3.040     0.177    4.00        0.150
  C       11.762        5.946        4.536     0.038    4.00        0.150
  C       11.731        7.239        5.467    -0.020    4.00        0.150
  C       11.899        6.772        6.866     0.009    4.00        0.150
  C       12.783        8.318        5.033     0.009    4.00        0.150
  C       11.571        5.051        2.304     0.241    4.00        0.150
 OA       12.599        4.665        1.736    -0.271    3.20        0.200
  N       10.464        4.318        2.163    -0.346    3.50        0.160
 HD        9.670        4.594        2.697     0.163    2.00        0.000
  C       10.398        3.157        1.304     0.177    4.00        0.150
  C        9.083        2.342        1.357     0.038    4.00        0.150
  C        8.950        1.753        2.729    -0.020    4.00        0.150
  C        7.768        0.761        2.832     0.009    4.00        0.150
  C       10.234        1.034        3.276     0.009    4.00        0.150
  C       10.601        3.449       -0.155     0.241    4.00        0.150
 OA       10.958        2.540       -0.873    -0.271    3.20        0.200
  N       10.304        4.726       -0.672    -0.346    3.50        0.160
 HD        9.805        5.394       -0.126     0.163    2.00        0.000
  C       10.557        5.137       -2.056     0.180    4.00        0.150
  C        9.479        6.132       -2.533     0.013    4.00        0.150
  C        9.678        6.371       -4.005     0.012    4.00        0.150
  C        8.053        5.624       -2.256     0.002    4.00        0.150
  C        7.636        4.417       -3.174     0.005    4.00        0.150
  C       11.992        5.643       -2.224     0.241    4.00        0.150
 OA       12.529        5.567       -3.274    -0.271    3.20        0.200
  N       12.669        6.111       -1.159    -0.346    3.50        0.160
 HD       12.137        6.299       -0.336     0.163    2.00        0.000
  C       14.068        6.518       -1.149     0.176    4.00        0.150
  C       14.294        7.303        0.157     0.035    4.00        0.150
  C       13.716        8.746        0.391     0.004    4.00        0.150
  C       14.016        9.635       -0.842     0.027    4.00        0.150
  C       15.431       10.152       -1.005     0.229    4.00        0.150
  N       15.271       11.162       -2.036    -0.079    3.50        0.160
 HD       14.441       11.734       -1.783     0.274    2.00        0.000
 HD       15.034       10.532       -2.828     0.274    2.00        0.000
 HD       16.128       11.706       -2.266     0.274    2.00        0.000
  C       14.967        5.326       -1.332     0.241    4.00        0.150
 OA       16.084        5.426       -1.814    -0.271    3.20        0.200
  N       14.488        4.055       -0.976    -0.346    3.50        0.160
 HD       13.734        3.940       -0.333     0.163    2.00        0.000
  C       15.195        2.835       -1.366     0.176    4.00        0.150
  C       14.750        1.636       -0.508     0.036    4.00        0.150
  C       15.128        1.668        0.977     0.023    4.00        0.150
  C       14.694        0.609        1.973     0.138    4.00        0.150
  N       15.446       -0.687        1.630    -0.227    3.50        0.160
 HD       15.826       -0.852        0.720     0.177    2.00        0.000
  C       15.317       -1.791        2.316     0.665    4.00        0.150
  N       14.777       -1.919        3.495    -0.235    3.50        0.160
 HD       14.403       -1.054        3.831     0.174    2.00        0.000
 HD       14.607       -2.830        3.871     0.174    2.00        0.000
  N       15.929       -2.879        1.869    -0.235    3.50        0.160
 HD       15.878       -3.625        2.534     0.174    2.00        0.000
 HD       16.676       -2.746        1.220     0.174    2.00        0.000
  C       15.132        2.454       -2.881     0.241    4.00        0.150
 OA       15.987        1.796       -3.423    -0.271    3.20        0.200
  N       14.028        2.845       -3.570    -0.346    3.50        0.160
 HD       13.467        3.554       -3.150     0.163    2.00        0.000
  C       13.726        2.658       -4.956     0.177    4.00        0.150
  C       12.203        2.878       -5.261     0.038    4.00        0.150
  C       11.222        1.903       -4.649    -0.020    4.00        0.150
  C        9.828        2.207       -5.234     0.009    4.00        0.150
  C       11.587        0.425       -4.815     0.009    4.00        0.150
  C       14.536        3.646       -5.722     0.241    4.00        0.150
 OA       15.022        4.706       -5.271    -0.271    3.20        0.200
  N       14.812        3.250       -6.984    -0.346    3.50        0.160
 HD       14.443        2.391       -7.332     0.163    2.00        0.000
  C       15.540        4.174       -7.900     0.172    4.00        0.150
  C       16.933        3.751       -8.290     0.042    4.00        0.150
  C       14.647        4.418       -9.153     0.240    4.00        0.150
 OA       13.999        3.468       -9.523    -0.271    3.20        0.200
  N       14.728        5.610       -9.791    -0.346    3.50        0.160
 HD       15.253        6.316       -9.325     0.163    2.00        0.000
  C       13.987        5.919      -10.946     0.180    4.00        0.150
  C       12.920        6.883      -10.533     0.073    4.00        0.150
  A       11.926        6.174       -9.573    -0.056    4.00        0.150
  A       10.843        5.323      -10.126     0.007    4.00        0.150
  A       10.060        4.534       -9.285     0.001    4.00        0.150
  A       10.324        4.560       -7.909     0.000    4.00        0.150
  A       12.021        6.247       -8.196     0.007    4.00        0.150
  A       11.190        5.456       -7.339     0.001    4.00        0.150
  C       14.863        6.530      -11.978     0.241    4.00        0.150
 OA       15.214        7.711      -11.841    -0.271    3.20        0.200
  N       15.104        5.840      -13.127    -0.345    3.50        0.160
 HD       15.145        4.860      -12.954     0.163    2.00        0.000
  C       15.845        6.430      -14.224     0.186    4.00        0.150
  C       17.328        6.102      -13.935     0.120    4.00        0.150
 SA       17.853        4.399      -14.019    -0.095    4.00        0.200
  C       15.499        5.944      -15.617     0.242    4.00        0.150
 OA       15.821        6.594      -16.621    -0.271    3.20        0.200
  N       14.738        4.861      -15.688    -0.346    3.50        0.160
 HD       14.599        4.248      -14.915     0.163    2.00        0.000
  C       14.383        4.383      -17.017     0.182    4.00        0.150
  C       14.512        2.816      -17.098     0.093    4.00        0.150
  N       17.043        2.585      -17.417    -0.353    3.50        0.160
 HD       17.054        3.001      -18.326     0.166    2.00        0.000
  A       15.947        2.343      -16.723     0.030    4.00        0.150
  A       18.060        2.000      -16.815     0.207    4.00        0.150
 NA       17.681        1.343      -15.696    -0.254    3.50        0.160
  A       16.289        1.576      -15.661     0.143    4.00        0.150
  C       13.053        4.755      -17.416     0.241    4.00        0.150
 OA       12.589        4.438      -18.533    -0.271    3.20        0.200
  N       12.328        5.405      -16.536    -0.344    3.50        0.160
 HD       12.813        5.632      -15.695     0.163    2.00        0.000
  C       10.988        5.883      -16.804     0.200    4.00        0.150
  C        9.908        4.706      -17.027     0.199    4.00        0.150
 OA        8.597        5.225      -17.198    -0.398    3.20        0.200
 HD        8.048        4.452      -17.341     0.209    2.00        0.000
  C       10.483        6.609      -15.587     0.243    4.00        0.150
 OA       10.816        6.255      -14.451    -0.271    3.20        0.200
  N        9.750        7.691      -15.780    -0.345    3.50        0.160
 HD        9.456        8.002      -16.681     0.163    2.00        0.000
  C        9.096        8.541      -14.782     0.185    4.00        0.150
  C        9.822        9.979      -14.858     0.137    4.00        0.150
  C        9.467       10.895      -15.957     0.217    4.00        0.150
 OA        8.782       10.641      -16.941    -0.274    3.20        0.200
  N        9.912       12.154      -15.764    -0.370    3.50        0.160
 HD        9.673       12.829      -16.463     0.159    2.00        0.000
 HD       10.579       12.279      -15.032     0.159    2.00        0.000
  C        7.630        8.655      -15.034     0.241    4.00        0.150
 OA        6.896        9.426      -14.464    -0.271    3.20        0.200
  N        7.037        7.815      -15.892    -0.346    3.50        0.160
 HD        7.709        7.188      -16.277     0.163    2.00        0.000
  C        5.636        7.995      -16.282     0.180    4.00        0.150
  C        5.302        7.558      -17.723     0.009    4.00        0.150
  C        3.825        7.768      -18.069     0.012    4.00        0.150
  C        6.109        8.455      -18.680     0.012    4.00        0.150
  C        4.773        7.190      -15.284     0.241    4.00        0.150
 OA        4.575        5.982      -15.355    -0.271    3.20        0.200
  N        4.164        7.876      -14.398    -0.346    3.50        0.160
 HD        4.260        8.866      -14.463     0.163    2.00        0.000
  C        3.079        7.408      -13.558     0.177    4.00        0.150
  C        2.713        8.266      -12.385     0.038    4.00        0.150
  C        3.725        8.211      -11.116    -0.020    4.00        0.150
  C        3.522        9.394      -10.208     0.009    4.00        0.150
  C        3.680        6.847      -10.358     0.009    4.00        0.150
  C        1.798        7.106      -14.348     0.241    4.00        0.150
 OA        1.508        7.730      -15.356    -0.271    3.20        0.200
  N        1.021        6.174      -13.909    -0.344    3.50        0.160
 HD        1.272        5.765      -13.035     0.163    2.00        0.000
  C       -0.181        5.806      -14.607     0.200    4.00        0.150
  C       -0.424        4.253      -14.768     0.199    4.00        0.150
 OA       -0.838        3.600      -13.562    -0.398    3.20        0.200
 HD       -0.150        3.581      -12.894     0.209    2.00        0.000
  C       -1.408        6.383      -14.045     0.243    4.00        0.150
 OA       -2.359        6.716      -14.680    -0.271    3.20        0.200
  N       -1.415        6.596      -12.717    -0.346    3.50        0.160
 HD       -0.616        6.261      -12.223     0.163    2.00        0.000
  C       -2.486        7.365      -12.078     0.182    4.00        0.150
  C       -2.836        6.824      -10.692     0.093    4.00        0.150
  N       -4.767        5.152      -10.281    -0.353    3.50        0.160
 HD       -5.428        5.819       -9.938     0.166    2.00        0.000
  A       -3.504        5.469      -10.658     0.030    4.00        0.150
  A       -5.024        3.868      -10.519     0.207    4.00        0.150
 NA       -3.900        3.227      -10.836    -0.254    3.50        0.160
  A       -2.938        4.238      -10.993     0.143    4.00        0.150
  C       -2.146        8.830      -12.076     0.241    4.00        0.150
 OA       -0.925        9.157      -11.946    -0.271    3.20        0.200
  N       -3.213        9.653      -12.216    -0.344    3.50        0.160
 HD       -4.104        9.269      -12.442     0.163    2.00        0.000
  C       -3.155       11.087      -11.984     0.200    4.00        0.150
  C       -4.524       11.699      -12.219     0.199    4.00        0.150
 OA       -4.936       11.513      -13.569    -0.398    3.20        0.200
 HD       -5.889       11.622      -13.530     0.209    2.00        0.000
  C       -2.725       11.474      -10.600     0.243    4.00        0.150
 OA       -1.848       12.281      -10.422    -0.271    3.20        0.200
  N       -3.329       10.874       -9.612    -0.346    3.50        0.160
 HD       -4.046       10.199       -9.766     0.163    2.00        0.000
  C       -2.921       10.949       -8.228     0.180    4.00        0.150
  C       -4.237       10.814       -7.321     0.073    4.00        0.150
  A       -5.195        9.819       -7.882    -0.056    4.00        0.150
  A       -4.936        8.478       -7.516     0.010    4.00        0.150
  A       -5.614        7.388       -8.057     0.037    4.00        0.150
  A       -6.590        7.693       -9.000     0.065    4.00        0.150
 OA       -7.365        6.707       -9.564    -0.361    3.20        0.200
 HD       -8.169        7.135       -9.868     0.217    2.00        0.000
  A       -6.267       10.067       -8.758     0.010    4.00        0.150
  A       -7.000        9.034       -9.270     0.037    4.00        0.150
  C       -1.695        9.992       -7.970     0.241    4.00        0.150
 OA       -1.687        8.836       -8.362    -0.271    3.20        0.200
  N       -0.687       10.423       -7.137    -0.345    3.50        0.160
 HD       -0.579       11.384       -6.897     0.163    2.00        0.000
  C        0.284        9.504       -6.617     0.186    4.00        0.150
  C        1.681       10.261       -6.186     0.120    4.00        0.150
 SA        2.290       11.486       -7.450    -0.095    4.00        0.200
  C       -0.103        8.544       -5.461     0.242    4.00        0.150
 OA        0.209        8.703       -4.278    -0.271    3.20        0.200
  N       -0.710        7.474       -5.903    -0.346    3.50        0.160
 HD       -0.875        7.322       -6.874     0.163    2.00        0.000
  C       -1.007        6.256       -5.094     0.180    4.00        0.150
  C       -2.282        5.455       -5.543     0.009    4.00        0.150
  C       -3.541        5.870       -4.803     0.012    4.00        0.150
  C       -2.340        5.598       -7.030     0.012    4.00        0.150
  C        0.281        5.393       -5.037     0.241    4.00        0.150
 OA        0.934        5.256       -6.083    -0.271    3.20        0.200
  N        0.670        4.801       -3.839    -0.346    3.50        0.160
 HD        0.019        4.790       -3.085     0.163    2.00        0.000
  C        1.894        3.998       -3.685     0.182    4.00        0.150
  C        1.884        3.557       -2.180     0.093    4.00        0.150
  N        3.017        1.310       -1.808    -0.353    3.50        0.160
 HD        2.268        0.660       -1.935     0.166    2.00        0.000
  A        3.061        2.679       -1.836     0.030    4.00        0.150
  A        4.134        0.860       -1.208     0.207    4.00        0.150
 NA        4.899        1.850       -0.851    -0.254    3.50        0.160
  A        4.230        2.974       -1.180     0.143    4.00        0.150
  C        2.144        2.771       -4.625     0.241    4.00        0.150
 OA        3.244        2.374       -5.109    -0.271    3.20        0.200
  N        0.989        2.133       -4.899    -0.346    3.50        0.160
 HD        0.156        2.383       -4.412     0.163    2.00        0.000
  C        0.987        1.037       -5.787     0.177    4.00        0.150
  C       -0.484        0.406       -5.840     0.044    4.00        0.150
  C       -0.967       -0.304       -4.504     0.105    4.00        0.150
  C       -2.465       -0.095       -4.418     0.215    4.00        0.150
 OA       -3.176        0.116       -5.376    -0.274    3.20        0.200
  N       -2.965       -0.137       -3.140    -0.370    3.50        0.160
 HD       -3.931        0.080       -2.998     0.159    2.00        0.000
 HD       -2.421       -0.510       -2.388     0.159    2.00        0.000
  C        1.450        1.234       -7.210     0.241    4.00        0.150
 OA        2.188        0.431       -7.749    -0.271    3.20        0.200
  N        1.031        2.319       -7.831    -0.346    3.50        0.160
 HD        0.402        2.903       -7.323     0.163    2.00        0.000
  C        1.548        2.790       -9.146     0.186    4.00        0.150
  C        0.631        4.012       -9.392     0.147    4.00        0.150
  C        0.694        4.174      -10.905     0.175    4.00        0.150
 OA        0.739        5.339      -11.341    -0.648    3.20        0.200
 OA        0.741        3.134      -11.594    -0.648    3.20        0.200
  C        3.037        3.180       -9.188     0.241    4.00        0.150
 OA        3.789        3.040      -10.107    -0.271    3.20        0.200
  N        3.443        3.694       -7.992    -0.346    3.50        0.160
 HD        2.804        3.749       -7.229     0.163    2.00        0.000
  C        4.867        4.079       -7.775     0.180    4.00        0.150
  C        5.088        5.069       -6.583     0.009    4.00        0.150
  C        6.531        5.585       -6.745     0.012    4.00        0.150
  C        4.207        6.350       -6.772     0.012    4.00        0.150
  C        5.890        2.890       -7.675     0.241    4.00        0.150
 OA        7.012        2.851       -8.141    -0.271    3.20        0.200
  N        5.456        1.742       -7.047    -0.346    3.50        0.160
 HD        4.594        1.783       -6.547     0.163    2.00        0.000
  C        6.186        0.491       -6.914     0.177    4.00        0.150
  C        5.945       -0.509       -5.715     0.045    4.00        0.150
  C        4.560       -0.946       -5.486     0.076    4.00        0.150
 SA        4.243       -1.873       -3.952    -0.173    4.00        0.200
  C        2.424       -2.071       -4.213     0.089    4.00        0.150
  C        6.124       -0.160       -8.238     0.241    4.00        0.150
 OA        6.858       -1.025       -8.602    -0.271    3.20        0.200
  N        4.954        0.044       -8.954    -0.346    3.50        0.160
 HD        4.169        0.338       -8.415     0.163    2.00        0.000
  C        4.699       -0.473      -10.252     0.176    4.00        0.150
  C        3.177       -0.279      -10.584     0.035    4.00        0.150
  C        2.842       -1.047      -11.859     0.004    4.00        0.150
  C        2.969       -2.573      -11.708     0.027    4.00        0.150
  C        2.366       -3.435      -12.835     0.229    4.00        0.150
  N        2.478       -4.873      -12.510    -0.079    3.50        0.160
 HD        3.167       -5.064      -11.756     0.274    2.00        0.000
 HD        2.806       -5.435      -13.320     0.274    2.00        0.000
 HD        1.597       -5.300      -12.159     0.274    2.00        0.000
  C        5.554        0.229      -11.329     0.241    4.00        0.150
 OA        6.064       -0.341      -12.287    -0.271    3.20        0.200
  N        5.852        1.587      -11.139    -0.346    3.50        0.160
 HD        5.330        2.085      -10.451     0.163    2.00        0.000
  C        6.761        2.357      -11.972     0.177    4.00        0.150
  C        6.551        3.863      -11.672     0.038    4.00        0.150
  C        7.521        4.819      -12.386    -0.020    4.00        0.150
  C        7.559        4.502      -13.865     0.009    4.00        0.150
  C        7.267        6.272      -12.172     0.009    4.00        0.150
  C        8.144        1.884      -11.784     0.241    4.00        0.150
 OA        9.025        1.943      -12.608    -0.271    3.20        0.200
  N        8.514        1.353      -10.574    -0.346    3.50        0.160
 HD        7.841        1.217       -9.851     0.163    2.00        0.000
  C        9.829        0.732      -10.147     0.172    4.00        0.150
  C        9.977        0.450       -8.662     0.042    4.00        0.150
  C       10.072       -0.570      -10.861     0.240    4.00        0.150
 OA        9.198       -1.398      -11.096    -0.271    3.20        0.200
  N       11.372       -0.776      -11.264    -0.346    3.50        0.160
 HD       12.092       -0.136      -11.009     0.163    2.00        0.000
  C       11.764       -1.976      -12.004     0.180    4.00        0.150
  C       12.285       -1.622      -13.459     0.073    4.00        0.150
  A       11.294       -0.917      -14.310    -0.056    4.00        0.150
  A       11.305        0.490      -14.456     0.010    4.00        0.150
  A       10.311        1.143      -15.191     0.037    4.00        0.150
  A        9.242        0.330      -15.735     0.065    4.00        0.150
 OA        8.182        0.918      -16.402    -0.361    3.20        0.200
 HD        7.511        0.238      -16.498     0.217    2.00        0.000
  A       10.344       -1.706      -14.972     0.010    4.00        0.150
  A        9.309       -1.099      -15.675     0.037    4.00        0.150
  C       12.810       -2.814      -11.250     0.241    4.00        0.150
 OA       13.239       -3.834      -11.716    -0.271    3.20        0.200
  N       13.109       -2.516       -9.937    -0.346    3.50        0.160
 HD       12.721       -1.689       -9.538     0.163    2.00        0.000
  C       13.979       -3.257       -9.097     0.172    4.00        0.150
  C       15.497       -2.994       -9.351     0.042    4.00        0.150
  C       13.702       -3.045       -7.648     0.240    4.00        0.150
 OA       13.446       -1.959       -7.217    -0.271    3.20        0.200
  N       13.937       -4.125       -6.870    -0.346    3.50        0.160
 HD       14.203       -4.996       -7.274     0.163    2.00        0.000
  C       13.976       -4.014       -5.431     0.186    4.00        0.150
  C       15.372       -3.390       -5.002     0.147    4.00        0.150
  C       16.459       -4.242       -5.548     0.175    4.00        0.150
 OA       17.567       -3.669       -5.596    -0.648    3.20        0.200
 OA       16.318       -5.460       -5.910    -0.648    3.20        0.200
  C       12.700       -3.363       -4.750     0.241    4.00        0.150
 OA       12.740       -2.607       -3.771    -0.271    3.20        0.200
  N       11.491       -3.760       -5.238    -0.344    3.50        0.160
 HD       11.597       -4.411       -5.986     0.163    2.00        0.000
  C       10.190       -3.455       -4.638     0.205    4.00        0.150
  C        9.008       -3.408       -5.570     0.146    4.00        0.150
 OA        8.875       -4.613       -6.250    -0.393    3.20        0.200
 HD        8.113       -4.421       -6.801     0.210    2.00        0.000
  C        9.346       -2.345       -6.673     0.042    4.00        0.150
  C        9.738       -4.297       -3.452     0.243    4.00        0.150
 OA        8.754       -3.975       -2.820    -0.271    3.20        0.200
  N       10.496       -5.282       -3.052    -0.346    3.50        0.160
 HD       11.295       -5.492       -3.612     0.163    2.00        0.000
  C       10.182       -6.176       -1.986     0.177    4.00        0.150
  C       11.127       -7.363       -1.646     0.038    4.00        0.150
  C       10.614       -8.585       -0.813    -0.020    4.00        0.150
  C        9.204       -8.993       -1.117     0.009    4.00        0.150
  C       11.475       -9.799       -0.983     0.009    4.00        0.150
  C        9.695       -5.527       -0.634     0.243    4.00        0.150
 OA        8.850       -6.001        0.148    -0.271    3.20        0.200
  N       10.211       -4.443       -0.175    -0.337    3.50        0.160
  C       11.619       -4.124       -0.389     0.127    4.00        0.150
  C        9.619       -3.681        0.954     0.179    4.00        0.150
  C       10.729       -2.664        1.305     0.037    4.00        0.150
  C       12.035       -3.470        0.977     0.022    4.00        0.150
  C        8.270       -3.090        0.688     0.241    4.00        0.150
 OA        7.360       -3.154        1.534    -0.271    3.20        0.200
  N        8.120       -2.349       -0.418    -0.346    3.50        0.160
 HD        8.896       -2.241       -1.034     0.163    2.00        0.000
  C        6.884       -1.658       -0.819     0.185    4.00        0.150
  C        7.112       -1.135       -2.262     0.137    4.00        0.150
  C        8.375       -0.223       -2.195     0.217    4.00        0.150
 OA        9.522       -0.720       -2.212    -0.274    3.20        0.200
  N        8.122        1.070       -2.019    -0.370    3.50        0.160
 HD        7.182        1.267       -1.742     0.159    2.00        0.000
 HD        8.872        1.719       -2.144     0.159    2.00        0.000
  C        5.742       -2.694       -0.847     0.241    4.00        0.150
 OA        4.654       -2.451       -0.231    -0.271    3.20        0.200
  N        6.071       -3.917       -1.429    -0.346    3.50        0.160
 HD        6.998       -4.044       -1.772     0.163    2.00        0.000
  C        5.230       -5.101       -1.473     0.180    4.00        0.150
  C        5.869       -6.135       -2.330     0.009    4.00        0.150
  C        5.604       -7.642       -2.040     0.012    4.00        0.150
  C        5.772       -5.851       -3.836     0.012    4.00        0.150
  C        4.802       -5.703       -0.017     0.241    4.00        0.150
 OA        3.628       -5.878        0.145    -0.271    3.20        0.200
  N        5.810       -6.052        0.847    -0.346    3.50        0.160
 HD        6.784       -5.959        0.652     0.163    2.00        0.000
  C        5.525       -6.656        2.192     0.180    4.00        0.150
  C        6.750       -7.150        2.921     0.009    4.00        0.150
  C        6.371       -7.736        4.253     0.012    4.00        0.150
  C        7.476       -8.305        2.175     0.012    4.00        0.150
  C        4.868       -5.640        3.102     0.241    4.00        0.150
 OA        3.849       -5.856        3.808    -0.271    3.20        0.200
  N        5.453       -4.394        3.249    -0.346    3.50        0.160
 HD        6.222       -4.214        2.642     0.163    2.00        0.000
  C        4.966       -3.420        4.145     0.180    4.00        0.150
  C        5.916       -2.200        4.365     0.073    4.00        0.150
  A        5.607       -1.335        5.473    -0.056    4.00        0.150
  A        5.221        0.063        5.400     0.010    4.00        0.150
  A        4.703        0.854        6.435     0.037    4.00        0.150
  A        4.704        0.196        7.698     0.065    4.00        0.150
 OA        4.175        0.917        8.866    -0.361    3.20        0.200
 HD        3.548        1.559        8.523     0.217    2.00        0.000
  A        5.519       -1.862        6.801     0.010    4.00        0.150
  A        5.061       -1.056        7.847     0.037    4.00        0.150
  C        3.533       -2.914        3.886     0.241    4.00        0.150
 OA        2.681       -2.824        4.764    -0.271    3.20        0.200
  N        3.251       -2.582        2.641    -0.351    3.50        0.160
 HD        4.052       -2.526        2.051     0.163    2.00        0.000
  C        1.996       -1.941        2.316     0.225    4.00        0.150
  C        0.719       -2.688        2.491     0.236    4.00        0.150
 OA       -0.269       -2.120        2.941    -0.272    3.20        0.200
  N        0.766       -4.022        2.209    -0.346    3.50        0.160
 HD        1.601       -4.376        1.794     0.163    2.00        0.000
  C       -0.194       -4.955        2.579     0.177    4.00        0.150
  C        0.236       -6.390        2.230     0.038    4.00        0.150
  C       -0.835       -7.454        2.580    -0.020    4.00        0.150
  C       -2.287       -7.097        2.068     0.009    4.00        0.150
  C       -0.422       -8.790        1.869     0.009    4.00        0.150
  C       -0.425       -5.001        4.055     0.241    4.00        0.150
 OA       -1.573       -4.933        4.631    -0.271    3.20        0.200
  N        0.732       -5.117        4.840    -0.344    3.50        0.160
 HD        1.621       -5.149        4.390     0.163    2.00        0.000
  C        0.769       -5.258        6.307     0.205    4.00        0.150
  C        2.230       -5.345        6.847     0.146    4.00        0.150
 OA        2.953       -6.345        6.221    -0.393    3.20        0.200
 HD        3.374       -5.915        5.473     0.210    2.00        0.000
  C        2.264       -5.745        8.336     0.042    4.00        0.150
  C        0.051       -4.093        6.934     0.243    4.00        0.150
 OA       -0.725       -4.298        7.885    -0.271    3.20        0.200
  N        0.321       -2.874        6.473    -0.346    3.50        0.160
 HD        0.905       -2.683        5.687     0.163    2.00        0.000
  C       -0.269       -1.562        6.898     0.172    4.00        0.150
  C        0.332       -0.349        6.214     0.042    4.00        0.150
  C       -1.807       -1.580        6.721     0.240    4.00        0.150
 OA       -2.540       -1.059        7.533    -0.271    3.20        0.200
  N       -2.329       -2.153        5.640    -0.346    3.50        0.160
 HD       -1.711       -2.682        5.065     0.163    2.00        0.000
  C       -3.722       -2.205        5.401     0.180    4.00        0.150
  C       -4.090       -2.518        3.955     0.013    4.00        0.150
  C       -5.571       -2.822        3.812     0.012    4.00        0.150
  C       -3.640       -1.287        3.119     0.002    4.00        0.150
  C       -4.253        0.079        3.514     0.005    4.00        0.150
  C       -4.349       -3.231        6.352     0.241    4.00        0.150
 OA       -5.328       -2.951        7.040    -0.271    3.20        0.200
  N       -3.756       -4.440        6.528    -0.346    3.50        0.160
 HD       -2.930       -4.709        6.037     0.163    2.00        0.000
  C       -4.290       -5.524        7.457     0.177    4.00        0.150
  C       -3.517       -6.827        7.232     0.038    4.00        0.150
  C       -3.647       -7.368        5.724    -0.020    4.00        0.150
  C       -3.329       -8.866        5.652     0.009    4.00        0.150
  C       -4.984       -7.207        5.005     0.009    4.00        0.150
  C       -4.258       -5.083        8.916     0.241    4.00        0.150
 OA       -5.231       -5.246        9.667    -0.271    3.20        0.200
  N       -3.151       -4.470        9.348    -0.346    3.50        0.160
 HD       -2.401       -4.491        8.692     0.163    2.00        0.000
  C       -2.909       -3.897       10.610     0.177    4.00        0.150
  C       -1.390       -3.355       10.539     0.038    4.00        0.150
  C       -0.946       -2.848       11.867    -0.020    4.00        0.150
  C       -0.929       -3.870       12.981     0.009    4.00        0.150
  C        0.443       -2.194       11.896     0.009    4.00        0.150
  C       -3.872       -2.744       10.992     0.241    4.00        0.150
 OA       -4.327       -2.790       12.141    -0.271    3.20        0.200
  N       -4.186       -1.879       10.081    -0.346    3.50        0.160
 HD       -3.722       -1.784        9.203     0.163    2.00        0.000
  C       -5.121       -0.764       10.395     0.180    4.00        0.150
  C       -4.635        0.597        9.788     0.009    4.00        0.150
  C       -5.761        1.636       10.060     0.012    4.00        0.150
  C       -3.343        1.056       10.661     0.012    4.00        0.150
  C       -6.442       -1.181       10.015     0.241    4.00        0.150
 OA       -7.249       -1.451       10.883    -0.271    3.20        0.200
  N       -6.670       -1.241        8.721    -0.346    3.50        0.160
 HD       -5.916       -1.226        8.069     0.163    2.00        0.000
  C       -8.073       -1.261        8.249     0.177    4.00        0.150
  C       -8.024       -1.215        6.682     0.045    4.00        0.150
  C       -7.121        0.001        6.176     0.076    4.00        0.150
 SA       -7.473        1.591        6.955    -0.173    4.00        0.200
  C       -6.372        2.634        6.101     0.089    4.00        0.150
  C       -8.740       -2.623        8.555     0.240    4.00        0.150
 OA       -9.955       -2.676        8.784    -0.271    3.20        0.200
  N       -8.051       -3.815        8.512    -0.351    3.50        0.160
 HD       -7.055       -3.790        8.466     0.163    2.00        0.000
  C       -8.580       -5.166        8.740     0.225    4.00        0.150
  C       -9.131       -5.280       10.140     0.236    4.00        0.150
 OA      -10.242       -5.677       10.380    -0.272    3.20        0.200
  N       -8.324       -4.926       11.156    -0.346    3.50        0.160
 HD       -7.404       -4.597       10.955     0.163    2.00        0.000
  C       -8.668       -4.969       12.544     0.180    4.00        0.150
  C       -7.410       -5.099       13.458     0.009    4.00        0.150
  C       -7.731       -4.989       14.950     0.012    4.00        0.150
  C       -6.596       -6.288       13.094     0.012    4.00        0.150
  C       -9.651       -3.925       12.959     0.241    4.00        0.150
 OA      -10.521       -4.084       13.817    -0.271    3.20        0.200
  N       -9.617       -2.804       12.298    -0.345    3.50        0.160
 HD       -8.837       -2.560       11.726     0.163    2.00        0.000
  C      -10.757       -1.903       12.219     0.186    4.00        0.150
  C      -10.342       -0.533       11.526     0.147    4.00        0.150
  C       -9.492        0.275       12.575     0.175    4.00        0.150
 OA       -9.003       -0.326       13.602    -0.648    3.20        0.200
 OA       -9.299        1.477       12.356    -0.648    3.20        0.200
  C      -12.099       -2.395       11.589     0.241    4.00        0.150
 OA      -13.148       -2.363       12.184    -0.271    3.20        0.200
  N      -12.084       -2.989       10.386    -0.346    3.50        0.160
 HD      -11.266       -3.033        9.818     0.163    2.00        0.000
  C      -13.338       -3.393        9.713     0.180    4.00        0.150
  C      -13.090       -3.712        8.195     0.009    4.00        0.150
  C      -12.558       -5.173        7.919     0.012    4.00        0.150
  C      -14.507       -3.494        7.601     0.012    4.00        0.150
  C      -13.937       -4.592       10.543     0.241    4.00        0.150
 OA      -15.133       -4.739       10.594    -0.271    3.20        0.200
  N      -13.143       -5.451       11.155    -0.346    3.50        0.160
 HD      -12.161       -5.310       11.057     0.163    2.00        0.000
  C      -13.631       -6.429       12.108     0.177    4.00        0.150
  C      -12.344       -7.240       12.572     0.045    4.00        0.150
  C      -12.470       -8.256       13.753     0.076    4.00        0.150
 SA      -13.573       -9.577       13.136    -0.173    4.00        0.200
  C      -14.817       -9.761       14.460     0.089    4.00        0.150
  C      -14.327       -5.887       13.262     0.241    4.00        0.150
 OA      -15.315       -6.381       13.760    -0.271    3.20        0.200
  N      -13.744       -4.802       13.900    -0.346    3.50        0.160
 HD      -12.853       -4.472       13.596     0.163    2.00        0.000
  C      -14.299       -4.186       15.121     0.180    4.00        0.150
  C      -13.174       -3.358       15.774     0.073    4.00        0.150
  A      -13.505       -2.841       17.227    -0.056    4.00        0.150
  A      -14.537       -3.465       17.927     0.007    4.00        0.150
  A      -15.069       -2.831       19.134     0.001    4.00        0.150
  A      -14.498       -1.638       19.608     0.000    4.00        0.150
  A      -12.921       -1.670       17.728     0.007    4.00        0.150
  A      -13.443       -1.071       18.880     0.001    4.00        0.150
  C      -15.567       -3.489       14.898     0.241    4.00        0.150
 OA      -16.578       -3.507       15.556    -0.271    3.20        0.200
  N      -15.643       -2.872       13.662    -0.346    3.50        0.160
 HD      -14.922       -2.956       12.979     0.163    2.00        0.000
  C      -16.789       -2.196       13.153     0.180    4.00        0.150
  C      -16.351       -1.494       11.876     0.013    4.00        0.150
  C      -17.605       -0.976       11.065     0.012    4.00        0.150
  C      -15.435       -0.278       12.254     0.002    4.00        0.150
  C      -14.982        0.537       11.040     0.005    4.00        0.150
  C      -17.888       -3.126       12.891     0.241    4.00        0.150
 OA      -19.040       -2.874       13.213    -0.271    3.20        0.200
  N      -17.579       -4.221       12.135    -0.344    3.50        0.160
 HD      -16.632       -4.533       12.116     0.163    2.00        0.000
  C      -18.555       -5.185       11.781     0.200    4.00        0.150
  C      -18.190       -6.138       10.629     0.199    4.00        0.150
 OA      -19.402       -6.769       10.191    -0.398    3.20        0.200
 HD      -19.440       -7.608       10.655     0.209    2.00        0.000
  C      -19.084       -5.791       13.088     0.243    4.00        0.150
 OA      -20.274       -5.960       13.270    -0.271    3.20        0.200
  N      -18.254       -6.133       14.119    -0.346    3.50        0.160
 HD      -17.278       -6.057       13.925     0.163    2.00        0.000
  C      -18.673       -6.518       15.423     0.177    4.00        0.150
  C      -17.378       -6.864       16.198     0.038    4.00        0.150
  C      -17.629       -7.243       17.676    -0.020    4.00        0.150
  C      -18.393       -8.516       17.829     0.009    4.00        0.150
  C      -16.272       -7.359       18.269     0.009    4.00        0.150
  C      -19.530       -5.530       16.155     0.241    4.00        0.150
 OA      -20.551       -5.901       16.770    -0.271    3.20        0.200
  N      -19.220       -4.224       16.085    -0.344    3.50        0.160
 HD      -18.402       -4.001       15.562     0.163    2.00        0.000
  C      -19.999       -3.162       16.630     0.200    4.00        0.150
  C      -19.393       -1.794       16.338     0.199    4.00        0.150
 OA      -18.086       -1.756       16.963    -0.398    3.20        0.200
 HD      -17.570       -2.404       16.478     0.209    2.00        0.000
  C      -21.367       -3.109       16.070     0.243    4.00        0.150
 OA      -22.375       -2.985       16.740    -0.271    3.20        0.200
  N      -21.449       -3.218       14.733    -0.346    3.50        0.160
 HD      -20.621       -3.343       14.192     0.163    2.00        0.000
  C      -22.709       -3.284       13.987     0.180    4.00        0.150
  C      -22.548       -2.995       12.484     0.073    4.00        0.150
  A      -22.378       -1.517       12.364    -0.056    4.00        0.150
  A      -21.294       -0.879       11.811     0.010    4.00        0.150
  A      -21.199        0.528       11.668     0.037    4.00        0.150
  A      -22.311        1.347       12.093     0.065    4.00        0.150
 OA      -22.302        2.719       11.817    -0.361    3.20        0.200
 HD      -21.436        3.067       11.591     0.217    2.00        0.000
  A      -23.490       -0.701       12.655     0.010    4.00        0.150
  A      -23.500        0.698       12.457     0.037    4.00        0.150
  C      -23.499       -4.554       14.222     0.241    4.00        0.150
 OA      -24.729       -4.588       14.183    -0.271    3.20        0.200
  N      -22.789       -5.664       14.431    -0.346    3.50        0.160
 HD      -21.794       -5.633       14.465     0.163    2.00        0.000
  C      -23.378       -6.961       14.737     0.180    4.00        0.150
  C      -22.208       -7.986       14.589     0.073    4.00        0.150
  A      -22.766       -9.359       14.755    -0.056    4.00        0.150
  A      -23.406      -10.073       13.705     0.007    4.00        0.150
  A      -23.940      -11.317       14.019     0.001    4.00        0.150
  A      -23.737      -11.943       15.294     0.000    4.00        0.150
  A      -22.461       -9.969       15.994     0.007    4.00        0.150
  A      -22.931      -11.239       16.275     0.001    4.00        0.150
  C      -24.123       -6.955       16.076     0.241    4.00        0.150
 OA      -25.314       -7.244       16.115    -0.271    3.20        0.200
  N      -23.588       -6.504       17.182    -0.346    3.50        0.160
 HD      -22.664       -6.131       17.144     0.163    2.00        0.000
  C      -24.421       -6.374       18.364     0.177    4.00        0.150
  C      -23.496       -5.950       19.516     0.038    4.00        0.150
  C      -22.542       -7.108       19.823    -0.020    4.00        0.150
  C      -21.255       -6.487       20.242     0.009    4.00        0.150
  C      -23.098       -7.807       21.041     0.009    4.00        0.150
  C      -25.512       -5.378       18.376     0.241    4.00        0.150
 OA      -26.527       -5.631       18.939    -0.271    3.20        0.200
  N      -25.454       -4.296       17.584    -0.346    3.50        0.160
 HD      -24.619       -3.955       17.156     0.163    2.00        0.000
  C      -26.534       -3.454       17.232     0.180    4.00        0.150
  C      -25.966       -2.171       16.482     0.013    4.00        0.150
  C      -27.204       -1.325       15.993     0.012    4.00        0.150
  C      -25.086       -1.321       17.422     0.002    4.00        0.150
  C      -24.403       -0.246       16.614     0.005    4.00        0.150
  C      -27.579       -4.167       16.338     0.241    4.00        0.150
 OA      -28.772       -4.149       16.621    -0.271    3.20        0.200
  N      -27.146       -5.072       15.419    -0.346    3.50        0.160
 HD      -26.195       -5.056       15.122     0.163    2.00        0.000
  C      -28.008       -5.886       14.580     0.180    4.00        0.150
  C      -27.318       -6.454       13.424     0.013    4.00        0.150
  C      -27.947       -7.753       12.862     0.012    4.00        0.150
  C      -27.151       -5.406       12.344     0.002    4.00        0.150
  C      -26.013       -5.906       11.326     0.005    4.00        0.150
  C      -28.752       -6.867       15.483     0.241    4.00        0.150
 OA      -29.964       -7.030       15.335    -0.271    3.20        0.200
  N      -28.174       -7.611       16.444    -0.346    3.50        0.160
 HD      -27.194       -7.479       16.572     0.163    2.00        0.000
  C      -28.944       -8.453       17.366     0.176    4.00        0.150
  C      -28.014       -9.314       18.223     0.036    4.00        0.150
  C      -28.877      -10.390       19.073     0.023    4.00        0.150
  C      -29.835      -11.442       18.421     0.138    4.00        0.150
  N      -29.072      -12.263       17.407    -0.227    3.50        0.160
 HD      -28.109      -12.056       17.238     0.177    2.00        0.000
  C      -29.694      -13.056       16.501     0.665    4.00        0.150
  N      -30.917      -13.376       16.608    -0.235    3.50        0.160
 HD      -31.311      -12.954       17.424     0.174    2.00        0.000
 HD      -31.150      -14.318       16.368     0.174    2.00        0.000
  N      -29.012      -13.560       15.528    -0.235    3.50        0.160
 HD      -28.051      -13.299       15.437     0.174    2.00        0.000
 HD      -29.533      -13.990       14.791     0.174    2.00        0.000
  C      -29.914       -7.661       18.267     0.241    4.00        0.150
 OA      -31.079       -7.979       18.389    -0.271    3.20        0.200
  N      -29.461       -6.532       18.778    -0.344    3.50        0.160
 HD      -28.574       -6.207       18.459     0.163    2.00        0.000
  C      -30.106       -5.642       19.672     0.205    4.00        0.150
  C      -29.171       -4.514       20.206     0.146    4.00        0.150
 OA      -28.198       -5.170       21.045    -0.393    3.20        0.200
 HD      -27.577       -5.581       20.438     0.210    2.00        0.000
  C      -29.891       -3.421       20.973     0.042    4.00        0.150
  C      -31.429       -5.057       19.160     0.243    4.00        0.150
 OA      -32.427       -4.950       19.832    -0.271    3.20        0.200
  N      -31.453       -4.722       17.853    -0.346    3.50        0.160
 HD      -30.654       -4.879       17.278     0.163    2.00        0.000
  C      -32.732       -4.277       17.244     0.180    4.00        0.150
  C      -32.566       -3.455       16.000     0.009    4.00        0.150
  C      -31.869       -2.094       16.350     0.012    4.00        0.150
  C      -31.868       -4.223       14.812     0.012    4.00        0.150
  C      -33.716       -5.348       17.045     0.241    4.00        0.150
 OA      -34.940       -5.121       16.946    -0.271    3.20        0.200
  N      -33.360       -6.586       17.102    -0.346    3.50        0.160
 HD      -32.407       -6.864       17.200     0.163    2.00        0.000
  C      -34.269       -7.642       16.891     0.177    4.00        0.150
  C      -33.607       -8.984       16.444     0.038    4.00        0.150
  C      -33.074       -8.998       15.014    -0.020    4.00        0.150
  C      -32.519      -10.354       14.664     0.009    4.00        0.150
  C      -34.145       -8.611       13.922     0.009    4.00        0.150
  C      -35.073       -8.052       18.164     0.241    4.00        0.150
 OA      -35.963       -8.891       18.174    -0.271    3.20        0.200
  N      -34.685       -7.415       19.327    -0.346    3.50        0.160
 HD      -33.838       -6.888       19.348     0.163    2.00        0.000
  C      -35.412       -7.667       20.575     0.177    4.00        0.150
  C      -34.456       -7.422       21.743     0.044    4.00        0.150
  C      -33.072       -8.098       21.636     0.105    4.00        0.150
  C      -32.967       -9.516       21.110     0.215    4.00        0.150
 OA      -33.870      -10.301       21.461    -0.274    3.20        0.200
  N      -31.958       -9.962       20.366    -0.370    3.50        0.160
 HD      -31.853      -10.956       20.347     0.159    2.00        0.000
 HD      -31.528       -9.363       19.691     0.159    2.00        0.000
  C      -36.560       -6.769       20.763     0.241    4.00        0.150
 OA      -37.389       -7.029       21.634    -0.271    3.20        0.200
  N      -36.645       -5.736       19.865    -0.346    3.50        0.160
 HD      -35.935       -5.640       19.172     0.163    2.00        0.000
  C      -37.662       -4.650       19.849     0.177    4.00        0.150
  C      -37.418       -3.619       18.720     0.038    4.00        0.150
  C      -36.295       -2.754       19.106    -0.020    4.00        0.150
  C      -35.945       -1.871       17.906     0.009    4.00        0.150
  C      -36.468       -1.896       20.406     0.009    4.00        0.150
  C      -39.110       -5.234       19.754     0.243    4.00        0.150
 OA      -39.427       -6.009       18.864    -0.271    3.20        0.200
  N      -40.156       -4.884       20.647    -0.337    3.50        0.160
  C      -39.837       -4.159       21.893     0.127    4.00        0.150
  C      -41.560       -4.986       20.336     0.179    4.00        0.150
  C      -42.132       -3.917       21.258     0.037    4.00        0.150
  C      -41.164       -3.946       22.525     0.022    4.00        0.150
  C      -42.027       -4.804       18.874     0.241    4.00        0.150
 OA      -41.710       -3.751       18.356    -0.271    3.20        0.200
  N      -42.788       -5.781       18.212    -0.344    3.50        0.160
 HD      -42.860       -6.610       18.762     0.163    2.00        0.000
  C      -43.332       -5.698       16.868     0.200    4.00        0.150
  C      -43.934       -4.224       16.506     0.199    4.00        0.150
 OA      -44.633       -4.164       15.289    -0.398    3.20        0.200
 HD      -45.198       -3.389       15.247     0.209    2.00        0.000
  C      -42.450       -6.157       15.709     0.243    4.00        0.150
 OA      -41.380       -5.639       15.354    -0.271    3.20        0.200
  N      -42.845       -7.248       15.013    -0.346    3.50        0.160
 HD      -43.774       -7.569       15.181     0.163    2.00        0.000
  C      -42.155       -7.982       13.957     0.176    4.00        0.150
  C      -42.996       -9.249       13.565     0.035    4.00        0.150
  C      -43.461      -10.166       14.599     0.004    4.00        0.150
  C      -42.314      -10.808       15.369     0.027    4.00        0.150
  C      -42.646      -12.018       16.244     0.229    4.00        0.150
  N      -43.737      -11.735       17.194    -0.079    3.50        0.160
 HD      -43.497      -10.941       17.822     0.274    2.00        0.000
 HD      -43.946      -12.610       17.717     0.274    2.00        0.000
 HD      -44.563      -11.506       16.607     0.274    2.00        0.000
  C      -41.867       -7.276       12.711     0.241    4.00        0.150
 OA      -40.699       -7.392       12.276    -0.271    3.20        0.200
  N      -42.801       -6.545       12.121    -0.344    3.50        0.160
 HD      -43.744       -6.534       12.442     0.163    2.00        0.000
  C      -42.424       -5.720       11.055     0.200    4.00        0.150
  C      -43.713       -5.081       10.400     0.199    4.00        0.150
 OA      -43.402       -4.089        9.358    -0.398    3.20        0.200
 HD      -43.248       -4.666        8.607     0.209    2.00        0.000
  C      -41.404       -4.619       11.397     0.243    4.00        0.150
 OA      -40.502       -4.372       10.568    -0.271    3.20        0.200
  N      -41.560       -3.850       12.555    -0.346    3.50        0.160
 HD      -42.254       -4.122       13.217     0.163    2.00        0.000
  C      -40.645       -2.772       13.050     0.177    4.00        0.150
  C      -41.333       -2.151       14.274     0.045    4.00        0.150
  C      -42.635       -1.391       13.931     0.116    4.00        0.150
  C      -42.388       -0.350       12.874     0.172    4.00        0.150
 OA      -41.326        0.363       12.866    -0.648    3.20        0.200
 OA      -43.402       -0.158       12.076    -0.648    3.20        0.200
  C      -39.280       -3.297       13.221     0.241    4.00        0.150
 OA      -38.348       -2.652       12.674    -0.271    3.20        0.200
  N      -39.028       -4.392       13.904    -0.346    3.50        0.160
 HD      -39.727       -4.733       14.528     0.163    2.00        0.000
  C      -37.761       -4.941       14.061     0.176    4.00        0.150
  C      -37.697       -6.111       15.115     0.036    4.00        0.150
  C      -38.298       -7.443       14.621     0.023    4.00        0.150
  C      -38.488       -8.702       15.568     0.138    4.00        0.150
  N      -39.169       -8.320       16.835    -0.227    3.50        0.160
 HD      -39.124       -7.396       17.211     0.177    2.00        0.000
  C      -39.247       -9.169       17.856     0.665    4.00        0.150
  N      -39.134      -10.472       17.729    -0.235    3.50        0.160
 HD      -38.925      -10.941       16.869     0.174    2.00        0.000
 HD      -39.490      -11.071       18.446     0.174    2.00        0.000
  N      -39.611       -8.649       18.996    -0.235    3.50        0.160
 HD      -39.700       -7.667       19.164     0.174    2.00        0.000
 HD      -39.636       -9.239       19.804     0.174    2.00        0.000
  C      -37.144       -5.335       12.785     0.241    4.00        0.150
 OA      -35.978       -5.086       12.587    -0.271    3.20        0.200
  N      -37.899       -5.983       11.809    -0.346    3.50        0.160
 HD      -38.795       -6.380       11.993     0.163    2.00        0.000
  C      -37.390       -6.382       10.475     0.172    4.00        0.150
  C      -38.474       -7.367        9.877     0.042    4.00        0.150
  C      -37.082       -5.179        9.705     0.240    4.00        0.150
 OA      -36.152       -5.099        8.966    -0.271    3.20        0.200
  N      -37.776       -4.028        9.891    -0.346    3.50        0.160
 HD      -38.633       -4.003       10.402     0.163    2.00        0.000
  C      -37.346       -2.736        9.369     0.176    4.00        0.150
  C      -38.456       -1.625        9.311     0.035    4.00        0.150
  C      -39.593       -1.947        8.353     0.004    4.00        0.150
  C      -40.753       -0.890        8.227     0.027    4.00        0.150
  C      -41.504       -0.694        9.560     0.229    4.00        0.150
  N      -42.767        0.087        9.435    -0.079    3.50        0.160
 HD      -43.147        0.195       10.396     0.274    2.00        0.000
 HD      -43.501       -0.426        8.904     0.274    2.00        0.000
 HD      -42.579        1.025        9.026     0.274    2.00        0.000
  C      -36.012       -2.141        9.942     0.241    4.00        0.150
 OA      -34.998       -2.079        9.236    -0.271    3.20        0.200
  N      -36.005       -2.062       11.225    -0.346    3.50        0.160
 HD      -36.776       -2.521       11.660     0.163    2.00        0.000
  C      -34.830       -1.698       12.019     0.172    4.00        0.150
  C      -35.088       -1.855       13.544     0.042    4.00        0.150
  C      -33.532       -2.569       11.756     0.240    4.00        0.150
 OA      -32.423       -2.010       11.584    -0.271    3.20        0.200
  N      -33.626       -3.903       11.700    -0.346    3.50        0.160
 HD      -34.539       -4.273       11.857     0.163    2.00        0.000
  C      -32.590       -4.843       11.238     0.180    4.00        0.150
  C      -32.979       -6.398       11.366     0.073    4.00        0.150
  A      -32.226       -7.464       10.694    -0.056    4.00        0.150
  A      -31.332       -8.319       11.311     0.007    4.00        0.150
  A      -30.681       -9.386       10.631     0.001    4.00        0.150
  A      -31.006       -9.692        9.295     0.000    4.00        0.150
  A      -32.434       -7.691        9.277     0.007    4.00        0.150
  A      -31.814       -8.821        8.586     0.001    4.00        0.150
  C      -32.103       -4.522        9.899     0.241    4.00        0.150
 OA      -30.869       -4.511        9.678    -0.271    3.20        0.200
  N      -33.023       -4.168        9.008    -0.351    3.50        0.160
 HD      -33.881       -3.815        9.374     0.163    2.00        0.000
  C      -32.677       -3.921        7.617     0.225    4.00        0.150
  C      -31.905       -2.679        7.489     0.236    4.00        0.150
 OA      -30.935       -2.644        6.732    -0.272    3.20        0.200
  N      -32.306       -1.625        8.210    -0.344    3.50        0.160
 HD      -33.127       -1.713        8.769     0.163    2.00        0.000
  C      -31.432       -0.418        8.271     0.205    4.00        0.150
  C      -32.100        0.855        8.912     0.146    4.00        0.150
 OA      -31.216        1.984        8.871    -0.393    3.20        0.200
 HD      -31.794        2.729        9.049     0.210    2.00        0.000
  C      -32.458        0.680       10.444     0.042    4.00        0.150
  C      -30.086       -0.643        8.835     0.243    4.00        0.150
 OA      -29.091       -0.248        8.257    -0.271    3.20        0.200
  N      -29.950       -1.421        9.950    -0.345    3.50        0.160
 HD      -30.772       -1.634       10.473     0.163    2.00        0.000
  C      -28.597       -1.692       10.488     0.185    4.00        0.150
  C      -28.738       -2.293       11.916     0.105    4.00        0.150
 SA      -29.574       -1.113       13.058    -0.180    4.00        0.200
 HD      -30.835       -1.328       12.712     0.101    2.00        0.000
  C      -27.767       -2.598        9.571     0.241    4.00        0.150
 OA      -26.588       -2.331        9.367    -0.271    3.20        0.200
  N      -28.343       -3.666        8.913    -0.346    3.50        0.160
 HD      -29.273       -3.971        9.103     0.163    2.00        0.000
  C      -27.627       -4.458        7.860     0.180    4.00        0.150
  C      -28.471       -5.631        7.400     0.009    4.00        0.150
  C      -27.964       -6.244        6.151     0.012    4.00        0.150
  C      -28.546       -6.603        8.583     0.012    4.00        0.150
  C      -27.204       -3.504        6.758     0.241    4.00        0.150
 OA      -26.036       -3.493        6.344    -0.271    3.20        0.200
  N      -28.054       -2.571        6.320    -0.344    3.50        0.160
 HD      -29.009       -2.569        6.609     0.163    2.00        0.000
  C      -27.710       -1.723        5.174     0.200    4.00        0.150
  C      -28.980       -0.885        4.717     0.199    4.00        0.150
 OA      -30.067       -1.748        4.355    -0.398    3.20        0.200
 HD      -30.491       -2.075        5.152     0.209    2.00        0.000
  C      -26.701       -0.676        5.403     0.243    4.00        0.150
 OA      -25.852       -0.385        4.600    -0.271    3.20        0.200
  N      -26.727       -0.105        6.698    -0.346    3.50        0.160
 HD      -27.396       -0.317        7.405     0.163    2.00        0.000
  C      -25.648        0.735        7.162     0.182    4.00        0.150
  C      -26.002        1.368        8.527     0.093    4.00        0.150
  N      -28.314        2.424        8.452    -0.353    3.50        0.160
 HD      -28.769        1.535        8.458     0.166    2.00        0.000
  A      -26.933        2.519        8.323     0.030    4.00        0.150
  A      -28.773        3.689        8.484     0.207    4.00        0.150
 NA      -27.768        4.554        8.242    -0.254    3.50        0.160
  A      -26.587        3.812        8.285     0.143    4.00        0.150
  C      -24.294        0.023        7.271     0.241    4.00        0.150
 OA      -23.288        0.620        6.961    -0.271    3.20        0.200
  N      -24.220       -1.236        7.767    -0.346    3.50        0.160
 HD      -24.986       -1.709        8.197     0.163    2.00        0.000
  C      -22.901       -1.916        7.631     0.180    4.00        0.150
  C      -22.719       -3.178        8.491     0.013    4.00        0.150
  C      -23.967       -4.136        8.450     0.012    4.00        0.150
  C      -21.410       -4.009        8.277     0.002    4.00        0.150
  C      -20.113       -3.288        8.688     0.005    4.00        0.150
  C      -22.453       -2.127        6.192     0.241    4.00        0.150
 OA      -21.293       -2.072        5.849    -0.271    3.20        0.200
  N      -23.444       -2.399        5.270    -0.351    3.50        0.160
 HD      -24.352       -2.587        5.636     0.163    2.00        0.000
  C      -23.331       -2.625        3.856     0.225    4.00        0.150
  C      -22.584       -1.552        3.144     0.236    4.00        0.150
 OA      -21.629       -1.810        2.453    -0.272    3.20        0.200
  N      -22.980       -0.287        3.393    -0.346    3.50        0.160
 HD      -23.837       -0.169        3.887     0.163    2.00        0.000
  C      -22.330        0.946        2.918     0.180    4.00        0.150
  C      -23.131        2.236        3.309     0.009    4.00        0.150
  C      -22.447        3.514        3.051     0.012    4.00        0.150
  C      -24.426        2.140        2.498     0.012    4.00        0.150
  C      -20.862        1.067        3.455     0.241    4.00        0.150
 OA      -19.948        1.462        2.779    -0.271    3.20        0.200
  N      -20.646        0.655        4.756    -0.346    3.50        0.160
 HD      -21.379        0.219        5.274     0.163    2.00        0.000
  C      -19.338        0.583        5.383     0.180    4.00        0.150
  C      -19.472        0.532        6.917     0.009    4.00        0.150
  C      -18.140        0.323        7.566     0.012    4.00        0.150
  C      -20.185        1.807        7.417     0.012    4.00        0.150
  C      -18.490       -0.488        4.799     0.241    4.00        0.150
 OA      -17.325       -0.334        4.538    -0.271    3.20        0.200
  N      -19.070       -1.715        4.476    -0.346    3.50        0.160
 HD      -19.992       -1.922        4.796     0.163    2.00        0.000
  C      -18.394       -2.695        3.648     0.177    4.00        0.150
  C      -19.329       -3.944        3.547     0.038    4.00        0.150
  C      -19.398       -4.740        4.928    -0.020    4.00        0.150
  C      -20.440       -5.810        5.014     0.009    4.00        0.150
  C      -18.024       -5.398        5.406     0.009    4.00        0.150
  C      -18.013       -2.185        2.238     0.241    4.00        0.150
 OA      -16.941       -2.410        1.710    -0.271    3.20        0.200
  N      -18.895       -1.443        1.606    -0.346    3.50        0.160
 HD      -19.824       -1.253        1.910     0.163    2.00        0.000
  C      -18.785       -0.787        0.296     0.172    4.00        0.150
  C      -20.132       -0.072       -0.068     0.042    4.00        0.150
  C      -17.654        0.202        0.202     0.240    4.00        0.150
 OA      -16.965        0.225       -0.833    -0.271    3.20        0.200
  N      -17.398        1.017        1.246    -0.346    3.50        0.160
 HD      -18.036        1.162        1.997     0.163    2.00        0.000
  C      -16.135        1.743        1.425     0.180    4.00        0.150
  C      -16.327        2.677        2.696     0.073    4.00        0.150
  A      -15.056        3.394        3.278    -0.056    4.00        0.150
  A      -14.193        4.055        2.403     0.007    4.00        0.150
  A      -12.947        4.490        2.883     0.001    4.00        0.150
  A      -12.572        4.234        4.186     0.000    4.00        0.150
  A      -14.645        3.090        4.593     0.007    4.00        0.150
  A      -13.400        3.517        5.029     0.001    4.00        0.150
  C      -14.812        0.936        1.579     0.241    4.00        0.150
 OA      -13.783        1.284        0.992    -0.271    3.20        0.200
  N      -14.822       -0.164        2.444    -0.346    3.50        0.160
 HD      -15.658       -0.321        2.965     0.163    2.00        0.000
  C      -13.670       -1.036        2.676     0.180    4.00        0.150
  C      -13.754       -1.902        3.977     0.073    4.00        0.150
  A      -13.596       -0.984        5.179    -0.056    4.00        0.150
  A      -12.322       -0.489        5.371     0.010    4.00        0.150
  A      -12.083        0.266        6.528     0.037    4.00        0.150
  A      -13.155        0.601        7.405     0.065    4.00        0.150
 OA      -12.847        1.240        8.654    -0.361    3.20        0.200
 HD      -11.895        1.175        8.767     0.217    2.00        0.000
  A      -14.661       -0.599        6.073     0.010    4.00        0.150
  A      -14.476        0.245        7.148     0.037    4.00        0.150
  C      -13.440       -2.025        1.547     0.241    4.00        0.150
 OA      -12.358       -2.537        1.469    -0.271    3.20        0.200
  N      -14.431       -2.291        0.604    -0.346    3.50        0.160
 HD      -15.407       -2.130        0.728     0.163    2.00        0.000
  C      -14.265       -3.117       -0.593     0.180    4.00        0.150
  C      -15.576       -3.554       -1.317     0.009    4.00        0.150
  C      -15.489       -3.999       -2.788     0.012    4.00        0.150
  C      -16.176       -4.717       -0.518     0.012    4.00        0.150
  C      -13.095       -2.717       -1.517     0.243    4.00        0.150
 OA      -12.263       -3.587       -1.835    -0.271    3.20        0.200
  N      -12.992       -1.490       -1.989    -0.337    3.50        0.160
  C      -14.202       -0.667       -2.185     0.127    4.00        0.150
  C      -11.842       -0.944       -2.805     0.179    4.00        0.150
  C      -12.317        0.450       -3.150     0.037    4.00        0.150
  C      -13.871        0.259       -3.344     0.022    4.00        0.150
  C      -10.667       -0.810       -1.926     0.241    4.00        0.150
 OA       -9.621       -1.255       -2.260    -0.271    3.20        0.200
  N      -10.747       -0.277       -0.720    -0.346    3.50        0.160
 HD      -11.620       -0.078       -0.280     0.163    2.00        0.000
  C       -9.563        0.038        0.126     0.177    4.00        0.150
  C       -9.978        0.778        1.451     0.038    4.00        0.150
  C       -8.889        0.923        2.532    -0.020    4.00        0.150
  C       -7.650        1.648        2.089     0.009    4.00        0.150
  C       -9.446        1.629        3.773     0.009    4.00        0.150
  C       -8.776       -1.230        0.526     0.241    4.00        0.150
 OA       -7.544       -1.166        0.503    -0.271    3.20        0.200
  N       -9.417       -2.384        0.780    -0.346    3.50        0.160
 HD      -10.412       -2.395        0.722     0.163    2.00        0.000
  C       -8.710       -3.585        1.128     0.180    4.00        0.150
  C       -9.545       -4.321        2.266     0.013    4.00        0.150
  C       -8.697       -5.545        2.646     0.012    4.00        0.150
  C       -9.775       -3.332        3.478     0.002    4.00        0.150
  C      -10.285       -3.899        4.763     0.005    4.00        0.150
  C       -8.456       -4.485       -0.035     0.241    4.00        0.150
 OA       -7.469       -5.199       -0.062    -0.271    3.20        0.200
  N       -9.248       -4.390       -1.126    -0.351    3.50        0.160
 HD      -10.004       -3.741       -1.152     0.163    2.00        0.000
  C       -9.050       -5.070       -2.399     0.225    4.00        0.150
  C       -7.980       -4.653       -3.265     0.236    4.00        0.150
 OA       -7.347       -5.512       -3.889    -0.272    3.20        0.200
  N       -7.696       -3.287       -3.314    -0.346    3.50        0.160
 HD       -8.355       -2.636       -2.947     0.163    2.00        0.000
  C       -6.481       -2.720       -3.988     0.177    4.00        0.150
  C       -6.535       -1.142       -3.809     0.038    4.00        0.150
  C       -7.530       -0.310       -4.584    -0.020    4.00        0.150
  C       -7.375        1.181       -4.204     0.009    4.00        0.150
  C       -7.289       -0.509       -6.108     0.009    4.00        0.150
  C       -5.179       -3.271       -3.413     0.241    4.00        0.150
 OA       -4.241       -3.544       -4.090    -0.271    3.20        0.200
  N       -5.103       -3.502       -2.137    -0.344    3.50        0.160
 HD       -5.834       -3.331       -1.481     0.163    2.00        0.000
  C       -3.754       -3.820       -1.544     0.200    4.00        0.150
  C       -3.757       -3.190       -0.125     0.199    4.00        0.150
 OA       -3.856       -1.771       -0.289    -0.398    3.20        0.200
 HD       -2.933       -1.603       -0.494     0.209    2.00        0.000
  C       -3.391       -5.303       -1.536     0.243    4.00        0.150
 OA       -2.228       -5.697       -1.398    -0.271    3.20        0.200
  N       -4.429       -6.147       -1.871    -0.346    3.50        0.160
 HD       -5.388       -5.874       -1.915     0.163    2.00        0.000
  C       -4.239       -7.557       -2.205     0.180    4.00        0.150
  C       -5.253       -8.532       -1.654     0.009    4.00        0.150
  C       -5.199       -8.406       -0.101     0.012    4.00        0.150
  C       -6.680       -8.359       -2.204     0.012    4.00        0.150
  C       -3.884       -7.818       -3.711     0.241    4.00        0.150
 OA       -3.018       -8.659       -4.088    -0.271    3.20        0.200
  N       -4.505       -7.050       -4.650    -0.346    3.50        0.160
 HD       -5.161       -6.311       -4.514     0.163    2.00        0.000
  C       -4.286       -7.229       -6.077     0.180    4.00        0.150
  C       -5.345       -6.600       -6.944     0.009    4.00        0.150
  C       -6.715       -7.247       -6.635     0.012    4.00        0.150
  C       -5.461       -5.069       -6.924     0.012    4.00        0.150
  C       -2.914       -6.791       -6.536     0.241    4.00        0.150
 OA       -2.436       -7.194       -7.595    -0.271    3.20        0.200
  N       -2.146       -5.989       -5.777    -0.346    3.50        0.160
 HD       -2.500       -5.581       -4.940     0.163    2.00        0.000
  C       -0.744       -5.824       -6.027     0.182    4.00        0.150
  C       -0.400       -4.334       -5.618     0.093    4.00        0.150
  N       -0.038       -3.178       -7.923    -0.353    3.50        0.160
 HD        0.948       -3.322       -7.993     0.166    2.00        0.000
  A       -0.779       -3.467       -6.776     0.030    4.00        0.150
  A       -0.913       -2.645       -8.873     0.207    4.00        0.150
 NA       -2.131       -2.747       -8.451    -0.254    3.50        0.160
  A       -2.044       -3.191       -7.138     0.143    4.00        0.150
  C        0.261       -6.746       -5.200     0.241    4.00        0.150
 OA        1.402       -6.483       -5.114    -0.271    3.20        0.200
  N       -0.285       -7.814       -4.579    -0.346    3.50        0.160
 HD       -1.261       -7.963       -4.449     0.163    2.00        0.000
  C        0.610       -8.879       -4.244     0.176    4.00        0.150
  C        0.902       -9.043       -2.764     0.036    4.00        0.150
  C        1.499       -7.818       -1.933     0.023    4.00        0.150
  C        0.555       -6.695       -1.610     0.138    4.00        0.150
  N        1.392       -5.556       -1.211    -0.227    3.50        0.160
 HD        2.191       -5.759       -0.645     0.177    2.00        0.000
  C        1.029       -4.313       -1.350     0.665    4.00        0.150
  N       -0.146       -3.869       -1.799    -0.235    3.50        0.160
 HD       -0.434       -2.943       -1.555     0.174    2.00        0.000
 HD       -0.842       -4.587       -1.835     0.174    2.00        0.000
  N        1.819       -3.402       -0.947    -0.235    3.50        0.160
 HD        2.812       -3.503       -0.892     0.174    2.00        0.000
 HD        1.407       -2.505       -1.109     0.174    2.00        0.000
  C        0.181      -10.239       -4.839     0.241    4.00        0.150
 OA        0.716      -10.599       -5.842    -0.271    3.20        0.200
  N       -0.814      -10.886       -4.213    -0.346    3.50        0.160
 HD       -1.162      -10.525       -3.352     0.163    2.00        0.000
  C       -1.377      -12.199       -4.587     0.180    4.00        0.150
  C       -0.855      -13.181       -3.513     0.073    4.00        0.150
  A        0.625      -13.381       -3.819    -0.056    4.00        0.150
  A        1.620      -12.772       -3.098     0.007    4.00        0.150
  A        2.962      -12.915       -3.306     0.001    4.00        0.150
  A        3.338      -13.830       -4.321     0.000    4.00        0.150
  A        1.083      -14.201       -4.891     0.007    4.00        0.150
  A        2.416      -14.428       -5.138     0.001    4.00        0.150
  C       -2.843      -12.347       -4.627     0.241    4.00        0.150
 OA       -3.340      -13.432       -5.021    -0.271    3.20        0.200
  N       -3.653      -11.277       -4.389    -0.351    3.50        0.160
 HD       -3.290      -10.349       -4.428     0.163    2.00        0.000
  C       -5.113      -11.266       -4.334     0.225    4.00        0.150
  C       -5.881      -11.364       -5.655     0.236    4.00        0.150
 OA       -5.240      -11.564       -6.656    -0.272    3.20        0.200
  N       -7.249      -11.403       -5.558    -0.346    3.50        0.160
 HD       -7.811      -11.410       -4.735     0.163    2.00        0.000
  C       -8.023      -11.668       -6.757     0.185    4.00        0.150
  C       -8.107      -13.230       -7.002     0.137    4.00        0.150
  C       -9.051      -13.948       -6.116     0.217    4.00        0.150
 OA       -9.078      -13.756       -4.914    -0.274    3.20        0.200
  N       -9.954      -14.771       -6.708    -0.370    3.50        0.160
 HD       -9.748      -15.152       -7.609     0.159    2.00        0.000
 HD      -10.581      -15.292       -6.128     0.159    2.00        0.000
  C       -9.364      -10.969       -6.691     0.241    4.00        0.150
 OA      -10.162      -11.102       -7.617    -0.271    3.20        0.200
  N       -9.694      -10.132       -5.690    -0.344    3.50        0.160
 HD       -9.100       -9.833       -4.949     0.163    2.00        0.000
  C      -11.056       -9.644       -5.417     0.200    4.00        0.150
  C      -11.169       -9.054       -4.046     0.199    4.00        0.150
 OA      -10.291       -7.932       -3.843    -0.398    3.20        0.200
 HD      -10.895       -7.349       -3.378     0.209    2.00        0.000
  C      -11.543       -8.667       -6.476     0.243    4.00        0.150
 OA      -12.726       -8.771       -6.835    -0.271    3.20        0.200
  N      -10.637       -7.841       -7.048    -0.346    3.50        0.160
 HD       -9.714       -7.959       -6.688     0.163    2.00        0.000
  C      -10.977       -6.864       -7.994     0.177    4.00        0.150
  C      -10.523       -5.446       -7.709     0.038    4.00        0.150
  C      -10.858       -5.042       -6.232    -0.020    4.00        0.150
  C      -10.253       -3.644       -5.946     0.009    4.00        0.150
  C      -12.340       -5.069       -5.919     0.009    4.00        0.150
  C      -10.583       -7.315       -9.391     0.241    4.00        0.150
 OA       -9.415       -7.527       -9.561    -0.271    3.20        0.200
  N      -11.499       -7.592      -10.294    -0.346    3.50        0.160
 HD      -12.469       -7.566      -10.068     0.163    2.00        0.000
  C      -11.201       -8.051      -11.678     0.182    4.00        0.150
  C      -12.533       -8.553      -12.354     0.093    4.00        0.150
  N      -13.932       -9.646      -10.523    -0.353    3.50        0.160
 HD      -14.326       -8.815      -10.130     0.166    2.00        0.000
  A      -13.135       -9.719      -11.697     0.030    4.00        0.150
  A      -14.149      -10.887      -10.065     0.207    4.00        0.150
 NA      -13.574      -11.762      -10.883    -0.254    3.50        0.160
  A      -12.882      -11.054      -11.838     0.143    4.00        0.150
  C      -10.362       -7.165      -12.495     0.243    4.00        0.150
 OA      -10.358       -5.977      -12.220    -0.271    3.20        0.200
  N       -9.555       -7.650      -13.407    -0.337    3.50        0.160
  C       -9.703       -9.019      -13.937     0.127    4.00        0.150
  C       -8.594       -6.817      -14.127     0.179    4.00        0.150
  C       -7.749       -7.857      -14.832     0.037    4.00        0.150
  C       -8.734       -8.990      -15.109     0.022    4.00        0.150
  C       -9.197       -5.808      -14.992     0.241    4.00        0.150
 OA       -8.424       -5.021      -15.540    -0.271    3.20        0.200
  N      -10.525       -5.848      -15.181    -0.346    3.50        0.160
 HD      -11.070       -6.605      -14.830     0.163    2.00        0.000
  C      -11.337       -4.921      -15.895     0.180    4.00        0.150
  C      -12.775       -5.395      -16.307     0.013    4.00        0.150
  C      -12.436       -6.130      -17.611     0.012    4.00        0.150
  C      -13.324       -6.317      -15.111     0.002    4.00        0.150
  C      -14.867       -6.621      -15.228     0.005    4.00        0.150
  C      -11.457       -3.621      -15.071     0.241    4.00        0.150
 OA      -11.790       -2.594      -15.593    -0.271    3.20        0.200
  N      -11.333       -3.738      -13.763    -0.346    3.50        0.160
 HD      -11.122       -4.580      -13.273     0.163    2.00        0.000
  C      -11.725       -2.699      -12.853     0.180    4.00        0.150
  C      -13.171       -3.024      -12.249     0.009    4.00        0.150
  C      -14.291       -2.977      -13.294     0.012    4.00        0.150
  C      -13.141       -4.350      -11.485     0.012    4.00        0.150
  C      -10.786       -2.335      -11.664     0.241    4.00        0.150
 OA      -11.234       -1.622      -10.756    -0.271    3.20        0.200
  N       -9.477       -2.874      -11.732    -0.346    3.50        0.160
 HD       -9.351       -3.594      -12.409     0.163    2.00        0.000
  C       -8.383       -2.642      -10.761     0.176    4.00        0.150
  C       -7.223       -3.700      -10.894     0.036    4.00        0.150
  C       -7.532       -5.212      -10.815     0.023    4.00        0.150
  C       -6.239       -6.105      -10.880     0.138    4.00        0.150
  N       -6.693       -7.514      -10.699    -0.227    3.50        0.160
 HD       -7.655       -7.736      -10.548     0.177    2.00        0.000
  C       -5.910       -8.642      -10.664     0.665    4.00        0.150
  N       -4.660       -8.546      -10.928    -0.235    3.50        0.160
 HD       -4.340       -7.654      -11.247     0.174    2.00        0.000
 HD       -4.137       -9.396      -10.865     0.174    2.00        0.000
  N       -6.419       -9.808      -10.344    -0.235    3.50        0.160
 HD       -7.405       -9.905      -10.486     0.174    2.00        0.000
 HD       -5.890      -10.655      -10.350     0.174    2.00        0.000
  C       -7.909       -1.196      -10.825     0.241    4.00        0.150
 OA       -7.591       -0.588       -9.800    -0.271    3.20        0.200
  N       -7.810       -0.641      -11.981    -0.346    3.50        0.160
 HD       -8.146       -1.055      -12.823     0.163    2.00        0.000
  C       -7.421        0.719      -12.147     0.180    4.00        0.150
  C       -7.024        0.903      -13.521     0.009    4.00        0.150
  C       -6.736        2.392      -13.911     0.012    4.00        0.150
  C       -5.755        0.130      -13.822     0.012    4.00        0.150
  C       -8.671        1.563      -11.860     0.241    4.00        0.150
 OA       -8.569        2.587      -11.189    -0.271    3.20        0.200
  N       -9.886        1.194      -12.274    -0.346    3.50        0.160
 HD       -9.868        0.381      -12.851     0.163    2.00        0.000
  C      -11.065        2.036      -12.146     0.180    4.00        0.150
  C      -12.114        1.299      -12.897     0.009    4.00        0.150
  C      -13.503        1.989      -12.729     0.012    4.00        0.150
  C      -11.791        1.181      -14.407     0.012    4.00        0.150
  C      -11.431        2.218      -10.658     0.241    4.00        0.150
 OA      -11.587        3.351      -10.174    -0.271    3.20        0.200
  N      -11.471        1.150       -9.855    -0.346    3.50        0.160
 HD      -11.332        0.222      -10.190     0.163    2.00        0.000
  C      -11.650        1.278       -8.385     0.177    4.00        0.150
  C      -11.382       -0.165       -7.742     0.045    4.00        0.150
  C      -12.648       -1.107       -7.846     0.076    4.00        0.150
 SA      -14.270       -0.631       -7.183    -0.173    4.00        0.200
  C      -15.034       -2.302       -7.308     0.089    4.00        0.150
  C      -10.780        2.303       -7.611     0.240    4.00        0.150
 OA      -11.289        2.762       -6.597    -0.271    3.20        0.200
  N       -9.605        2.727       -8.057    -0.351    3.50        0.160
 HD       -9.196        2.309       -8.865     0.163    2.00        0.000
  C       -8.940        3.934       -7.562     0.225    4.00        0.150
  C       -9.739        5.267       -7.631     0.236    4.00        0.150
 OA       -9.628        5.990       -6.670    -0.272    3.20        0.200
  N      -10.565        5.609       -8.593    -0.346    3.50        0.160
 HD      -10.632        5.125       -9.463     0.163    2.00        0.000
  C      -11.307        6.954       -8.649     0.186    4.00        0.150
  C      -11.962        7.208      -10.116     0.147    4.00        0.150
  C      -10.898        7.477      -11.099     0.175    4.00        0.150
 OA       -9.664        7.577      -10.791    -0.648    3.20        0.200
 OA      -11.350        7.770      -12.225    -0.648    3.20        0.200
  C      -12.457        6.788       -7.622     0.241    4.00        0.150
 OA      -12.962        7.752       -7.019    -0.271    3.20        0.200
  N      -12.891        5.560       -7.433    -0.346    3.50        0.160
 HD      -12.464        4.826       -7.955     0.163    2.00        0.000
  C      -13.858        5.216       -6.417     0.180    4.00        0.150
  C      -14.498        3.818       -6.689     0.013    4.00        0.150
  C      -15.725        3.700       -5.751     0.012    4.00        0.150
  C      -14.768        3.689       -8.173     0.002    4.00        0.150
  C      -15.671        2.514       -8.571     0.005    4.00        0.150
  C      -13.340        5.313       -4.984     0.241    4.00        0.150
 OA      -13.954        5.925       -4.115    -0.271    3.20        0.200
  N      -12.135        4.785       -4.806    -0.346    3.50        0.160
 HD      -11.841        4.248       -5.592     0.163    2.00        0.000
  C      -11.342        4.960       -3.570     0.180    4.00        0.150
  C      -10.196        3.960       -3.599     0.073    4.00        0.150
  A       -9.142        4.085       -2.480    -0.056    4.00        0.150
  A       -9.430        4.344       -1.123     0.010    4.00        0.150
  A       -8.394        4.530       -0.189     0.037    4.00        0.150
  A       -7.057        4.532       -0.646     0.065    4.00        0.150
 OA       -6.112        5.007        0.250    -0.361    3.20        0.200
 HD       -6.631        5.465        0.916     0.217    2.00        0.000
  A       -7.743        4.136       -2.903     0.010    4.00        0.150
  A       -6.708        4.251       -2.011     0.037    4.00        0.150
  C      -11.046        6.361       -3.183     0.241    4.00        0.150
 OA      -11.256        6.679       -1.991    -0.271    3.20        0.200
  N      -10.721        7.358       -4.070    -0.346    3.50        0.160
 HD      -10.750        7.077       -5.026     0.163    2.00        0.000
  C      -10.079        8.660       -3.859     0.177    4.00        0.150
  C       -8.644        8.626       -4.490     0.038    4.00        0.150
  C       -7.619        7.657       -3.759    -0.020    4.00        0.150
  C       -6.448        7.321       -4.699     0.009    4.00        0.150
  C       -7.135        8.262       -2.416     0.009    4.00        0.150
  C      -10.849        9.846       -4.405     0.241    4.00        0.150
 OA      -10.809       10.915       -3.800    -0.271    3.20        0.200
  N      -11.569        9.666       -5.526    -0.346    3.50        0.160
 HD      -11.880        8.783       -5.870     0.163    2.00        0.000
  C      -12.220       10.829       -6.097     0.177    4.00        0.150
  C      -11.831       10.962       -7.587     0.038    4.00        0.150
  C      -10.270       11.204       -7.858    -0.020    4.00        0.150
  C       -9.940       11.233       -9.381     0.009    4.00        0.150
  C       -9.587       12.415       -7.193     0.009    4.00        0.150
  C      -13.685       10.944       -5.886     0.241    4.00        0.150
 OA      -14.231       12.003       -5.806    -0.271    3.20        0.200
  N      -14.346        9.859       -5.669    -0.346    3.50        0.160
 HD      -13.820        9.013       -5.713     0.163    2.00        0.000
  C      -15.788        9.930       -5.369     0.177    4.00        0.150
  C      -16.620        8.694       -5.784     0.038    4.00        0.150
  C      -16.514        8.532       -7.346    -0.020    4.00        0.150
  C      -17.434        7.369       -7.873     0.009    4.00        0.150
  C      -17.000        9.713       -8.186     0.009    4.00        0.150
  C      -16.068       10.219       -3.861     0.243    4.00        0.150
 OA      -17.157       10.897       -3.687    -0.271    3.20        0.200
  N      -15.400        9.884       -2.800    -0.337    3.50        0.160
  C      -14.248        8.981       -2.842     0.127    4.00        0.150
  C      -15.672       10.392       -1.490     0.179    4.00        0.150
  C      -14.509        9.921       -0.670     0.037    4.00        0.150
  C      -13.856        8.814       -1.399     0.022    4.00        0.150
  C      -15.933       11.891       -1.325     0.243    4.00        0.150
 OA      -16.955       12.140       -0.739    -0.271    3.20        0.200
  N      -15.306       12.948       -1.775    -0.337    3.50        0.160
  C      -14.068       12.927       -2.521     0.127    4.00        0.150
  C      -15.797       14.261       -1.488     0.179    4.00        0.150
  C      -14.598       15.076       -1.777     0.037    4.00        0.150
  C      -13.791       14.404       -2.842     0.022    4.00        0.150
  C      -17.077       14.581       -2.348     0.241    4.00        0.150
 OA      -17.787       15.422       -1.875    -0.271    3.20        0.200
  N      -17.344       14.017       -3.555    -0.346    3.50        0.160
 HD      -16.751       13.329       -3.964     0.163    2.00        0.000
  C      -18.640       14.195       -4.131     0.180    4.00        0.150
  C      -18.729       13.720       -5.532     0.009    4.00        0.150
  C      -20.235       13.713       -6.093     0.012    4.00        0.150
  C      -17.944       14.718       -6.442     0.012    4.00        0.150
  C      -19.714       13.468       -3.279     0.241    4.00        0.150
 OA      -20.661       13.936       -2.663    -0.271    3.20        0.200
  N      -19.526       12.147       -3.108    -0.346    3.50        0.160
 HD      -18.639       11.781       -3.379     0.163    2.00        0.000
  C      -20.592       11.370       -2.501     0.180    4.00        0.150
  C      -20.434        9.861       -2.746     0.013    4.00        0.150
  C      -21.477        8.977       -1.974     0.012    4.00        0.150
  C      -20.484        9.615       -4.313     0.002    4.00        0.150
  C      -21.817        9.819       -5.019     0.005    4.00        0.150
  C      -20.943       11.622       -1.017     0.241    4.00        0.150
 OA      -22.116       11.747       -0.647    -0.271    3.20        0.200
  N      -19.947       11.646       -0.163    -0.346    3.50        0.160
 HD      -19.032       11.691       -0.556     0.163    2.00        0.000
  C      -20.086       11.704        1.275     0.185    4.00        0.150
  C      -18.690       11.713        1.962     0.137    4.00        0.150
  C      -18.118       10.280        1.992     0.217    4.00        0.150
 OA      -18.792        9.254        1.719    -0.274    3.20        0.200
  N      -16.824       10.183        2.307    -0.370    3.50        0.160
 HD      -16.501        9.255        2.492     0.159    2.00        0.000
 HD      -16.289       11.016        2.441     0.159    2.00        0.000
  C      -21.021       12.750        1.937     0.243    4.00        0.150
 OA      -21.783       12.344        2.804    -0.271    3.20        0.200
  N      -21.100       13.953        1.513    -0.337    3.50        0.160
  C      -20.034       14.664        0.793     0.127    4.00        0.150
  C      -22.101       14.925        1.983     0.179    4.00        0.150
  C      -21.781       16.246        1.203     0.037    4.00        0.150
  C      -20.296       16.184        0.986     0.022    4.00        0.150
  C      -23.545       14.585        1.755     0.241    4.00        0.150
 OA      -24.434       15.105        2.441    -0.271    3.20        0.200
  N      -23.805       13.770        0.704    -0.346    3.50        0.160
 HD      -23.065       13.353        0.182     0.163    2.00        0.000
  C      -25.217       13.486        0.282     0.180    4.00        0.150
  C      -25.242       13.117       -1.225     0.013    4.00        0.150
  C      -26.447       12.286       -1.595     0.012    4.00        0.150
  C      -25.139       14.382       -2.183     0.002    4.00        0.150
  C      -26.345       15.300       -2.161     0.005    4.00        0.150
  C      -25.712       12.294        1.052     0.241    4.00        0.150
 OA      -26.864       12.221        1.434    -0.271    3.20        0.200
  N      -24.795       11.334        1.422    -0.346    3.50        0.160
 HD      -23.900       11.316        0.984     0.163    2.00        0.000
  C      -25.164       10.161        2.200     0.180    4.00        0.150
  C      -24.550        8.821        1.645     0.013    4.00        0.150
  C      -25.186        8.703        0.254     0.012    4.00        0.150
  C      -22.998        8.851        1.480     0.002    4.00        0.150
  C      -22.323        7.524        1.322     0.005    4.00        0.150
  C      -24.828       10.301        3.688     0.241    4.00        0.150
 OA      -25.413        9.556        4.489    -0.271    3.20        0.200
  N      -24.080       11.294        4.168    -0.346    3.50        0.160
 HD      -23.606       11.853        3.492     0.163    2.00        0.000
  C      -23.812       11.534        5.556     0.180    4.00        0.150
  C      -22.256       11.557        5.822     0.073    4.00        0.150
  A      -21.690       10.217        5.883    -0.056    4.00        0.150
  A      -21.853        9.461        7.051     0.010    4.00        0.150
  A      -21.308        8.243        7.107     0.037    4.00        0.150
  A      -20.683        7.653        6.020     0.065    4.00        0.150
 OA      -20.100        6.355        6.165    -0.361    3.20        0.200
 HD      -19.529        6.241        5.403     0.217    2.00        0.000
  A      -20.950        9.698        4.777     0.010    4.00        0.150
  A      -20.467        8.391        4.848     0.037    4.00        0.150
  C      -24.617       12.784        5.896     0.241    4.00        0.150
 OA      -25.681       12.727        6.491    -0.271    3.20        0.200
  N      -23.993       13.917        5.665    -0.351    3.50        0.160
 HD      -23.270       13.886        4.979     0.163    2.00        0.000
  C      -24.495       15.289        5.956     0.225    4.00        0.150
  C      -25.933       15.655        5.666     0.236    4.00        0.150
 OA      -26.564       16.256        6.564    -0.272    3.20        0.200
  N      -26.484       15.210        4.546    -0.347    3.50        0.160
 HD      -25.995       14.779        3.792     0.163    2.00        0.000
  C      -27.778       15.627        4.073     0.172    4.00        0.150
  C      -27.799       15.575        2.506     0.042    4.00        0.150
  C      -28.858       14.711        4.636     0.240    4.00        0.150
 OA      -30.046       15.121        4.557    -0.271    3.20        0.200
  N      -28.611       13.569        5.286    -0.346    3.50        0.160
 HD      -27.663       13.262        5.256     0.163    2.00        0.000
  C      -29.571       12.781        6.007     0.176    4.00        0.150
  C      -29.275       11.233        5.798     0.035    4.00        0.150
  C      -29.243       10.682        4.366     0.004    4.00        0.150
  C      -29.581        9.157        4.298     0.027    4.00        0.150
  C      -28.515        8.154        4.858     0.229    4.00        0.150
  N      -29.058        6.844        4.912    -0.079    3.50        0.160
 HD      -29.356        6.516        3.971     0.274    2.00        0.000
 HD      -29.822        6.802        5.617     0.274    2.00        0.000
 HD      -28.449        6.035        5.151     0.274    2.00        0.000
  C      -29.547       13.119        7.530     0.241    4.00        0.150
 OA      -30.236       12.516        8.323    -0.271    3.20        0.200
  N      -28.725       14.096        7.974    -0.344    3.50        0.160
 HD      -28.208       14.600        7.286     0.163    2.00        0.000
  C      -28.600       14.369        9.409     0.205    4.00        0.150
  C      -27.182       14.458        9.966     0.146    4.00        0.150
 OA      -26.572       13.119        9.879    -0.393    3.20        0.200
 HD      -26.812       12.817        9.000     0.210    2.00        0.000
  C      -27.193       14.846       11.454     0.042    4.00        0.150
  C      -29.458       15.618        9.631     0.243    4.00        0.150
 OA      -29.049       16.721        9.232    -0.271    3.20        0.200
  N      -30.768       15.392       10.002    -0.346    3.50        0.160
 HD      -30.989       14.514       10.422     0.163    2.00        0.000
  C      -31.844       16.368        9.811     0.176    4.00        0.150
  C      -33.200       15.899       10.324     0.035    4.00        0.150
  C      -33.661       14.547        9.621     0.004    4.00        0.150
  C      -33.631       14.582        8.094     0.027    4.00        0.150
  C      -33.705       13.283        7.498     0.229    4.00        0.150
  N      -35.027       12.593        7.898    -0.079    3.50        0.160
 HD      -35.206       11.736        7.338     0.274    2.00        0.000
 HD      -35.863       13.209        7.925     0.274    2.00        0.000
 HD      -34.853       12.177        8.836     0.274    2.00        0.000
  C      -31.622       17.768       10.335     0.241    4.00        0.150
 OA      -31.915       18.693        9.612    -0.271    3.20        0.200
  N      -30.928       17.937       11.473    -0.346    3.50        0.160
 HD      -30.609       17.160       12.013     0.163    2.00        0.000
  C      -30.604       19.229       12.074     0.177    4.00        0.150
  C      -30.516       19.013       13.615     0.044    4.00        0.150
  C      -31.835       18.520       14.293     0.105    4.00        0.150
  C      -33.177       19.106       13.783     0.215    4.00        0.150
 OA      -33.227       20.326       13.586    -0.274    3.20        0.200
  N      -34.154       18.253       13.408    -0.370    3.50        0.160
 HD      -34.960       18.656       12.976     0.159    2.00        0.000
 HD      -34.004       17.264       13.399     0.159    2.00        0.000
  C      -29.429       19.979       11.531     0.241    4.00        0.150
 OA      -29.315       21.213       11.575    -0.271    3.20        0.200
  N      -28.547       19.274       10.764    -0.346    3.50        0.160
 HD      -28.539       18.280       10.686     0.163    2.00        0.000
  C      -27.589       19.900        9.826     0.180    4.00        0.150
  C      -26.454       18.975        9.459     0.013    4.00        0.150
  C      -25.558       19.802        8.530     0.012    4.00        0.150
  C      -25.676       18.465       10.667     0.002    4.00        0.150
  C      -24.550       17.487       10.320     0.005    4.00        0.150
  C      -28.320       20.292        8.607     0.241    4.00        0.150
 OA      -28.283       21.395        8.163    -0.271    3.20        0.200
  N      -29.113       19.339        8.025    -0.346    3.50        0.160
 HD      -29.038       18.406        8.370     0.163    2.00        0.000
  C      -29.774       19.578        6.684     0.176    4.00        0.150
  C      -30.473       18.295        6.235     0.036    4.00        0.150
  C      -31.256       18.311        4.950     0.023    4.00        0.150
  C      -30.375       18.629        3.763     0.138    4.00        0.150
  N      -31.054       18.234        2.447    -0.227    3.50        0.160
 HD      -31.812       17.583        2.416     0.177    2.00        0.000
  C      -30.793       18.769        1.274     0.665    4.00        0.150
  N      -29.909       19.717        1.067    -0.235    3.50        0.160
 HD      -29.163       20.008        1.665     0.174    2.00        0.000
 HD      -29.844       20.065        0.132     0.174    2.00        0.000
  N      -31.596       18.420        0.305    -0.235    3.50        0.160
 HD      -32.335       17.777        0.505     0.174    2.00        0.000
 HD      -31.439       18.971       -0.514     0.174    2.00        0.000
  C      -30.689       20.854        6.751     0.241    4.00        0.150
 OA      -30.647       21.712        5.918    -0.271    3.20        0.200
  N      -31.497       20.994        7.833    -0.344    3.50        0.160
 HD      -31.594       20.180        8.401     0.163    2.00        0.000
  C      -32.484       22.083        7.949     0.205    4.00        0.150
  C      -33.566       21.897        9.049     0.146    4.00        0.150
 OA      -32.987       21.582       10.310    -0.393    3.20        0.200
 HD      -32.733       20.659       10.255     0.210    2.00        0.000
  C      -34.538       20.753        8.607     0.042    4.00        0.150
  C      -31.825       23.446        8.237     0.243    4.00        0.150
 OA      -32.312       24.510        7.723    -0.271    3.20        0.200
  N      -30.793       23.476        9.070    -0.346    3.50        0.160
 HD      -30.557       22.698        9.645     0.163    2.00        0.000
  C      -29.969       24.657        9.298     0.176    4.00        0.150
  C      -29.020       24.465       10.417     0.036    4.00        0.150
  C      -29.669       24.366       11.827     0.023    4.00        0.150
  C      -30.280       25.596       12.413     0.138    4.00        0.150
  N      -31.235       25.040       13.445    -0.227    3.50        0.160
 HD      -31.460       24.067       13.396     0.177    2.00        0.000
  C      -32.010       25.834       14.212     0.665    4.00        0.150
  N      -31.962       27.162       14.238    -0.235    3.50        0.160
 HD      -32.688       27.638       14.734     0.174    2.00        0.000
 HD      -31.472       27.622       13.498     0.174    2.00        0.000
  N      -32.875       25.228       14.966    -0.235    3.50        0.160
 HD      -33.386       25.803       15.605     0.174    2.00        0.000
 HD      -32.875       24.229       14.968     0.174    2.00        0.000
  C      -29.170       25.118        8.043     0.241    4.00        0.150
 OA      -29.107       26.292        7.658    -0.271    3.20        0.200
  N      -28.604       24.114        7.279    -0.346    3.50        0.160
 HD      -28.749       23.130        7.341     0.163    2.00        0.000
  C      -27.999       24.371        5.973     0.180    4.00        0.150
  C      -27.266       23.112        5.441     0.009    4.00        0.150
  C      -26.680       23.338        3.976     0.012    4.00        0.150
  C      -26.149       22.569        6.413     0.012    4.00        0.150
  C      -29.008       24.910        4.964     0.241    4.00        0.150
 OA      -28.731       25.745        4.102    -0.271    3.20        0.200
  N      -30.236       24.393        4.914    -0.346    3.50        0.160
 HD      -30.439       23.569        5.437     0.163    2.00        0.000
  C      -31.251       24.971        4.079     0.177    4.00        0.150
  C      -32.384       23.916        4.084     0.038    4.00        0.150
  C      -32.090       22.590        3.368    -0.020    4.00        0.150
  C      -33.105       21.475        3.736     0.009    4.00        0.150
  C      -32.051       22.681        1.822     0.009    4.00        0.150
  C      -31.683       26.380        4.405     0.241    4.00        0.150
 OA      -32.035       27.227        3.600    -0.271    3.20        0.200
  N      -31.622       26.694        5.781    -0.346    3.50        0.160
 HD      -31.578       26.044        6.535     0.163    2.00        0.000
  C      -32.018       28.114        6.164     0.172    4.00        0.150
  C      -32.812       28.009        7.522     0.042    4.00        0.150
  C      -30.888       29.087        6.403     0.240    4.00        0.150
 OA      -31.021       30.039        7.164    -0.271    3.20        0.200
  N      -29.795       28.860        5.735    -0.345    3.50        0.160
 HD      -29.787       28.012        5.213     0.163    2.00        0.000
  C      -28.498       29.558        5.803     0.186    4.00        0.150
  C      -27.373       28.718        5.152     0.046    4.00        0.150
  C      -26.058       29.420        5.033     0.076    4.00        0.150
 SA      -25.353       29.924        6.572    -0.173    4.00        0.200
  C      -23.821       30.676        5.939     0.089    4.00        0.150
  C      -28.591       31.065        5.271     0.196    4.00        0.150
 OA      -28.737       31.159        4.036    -0.646    3.20        0.200
 OA      -28.537       32.083        6.018    -0.646    3.20        0.200
  N      -64.803       41.725       26.776    -0.066    3.50        0.160
 HD      -64.134       42.501       26.951     0.275    2.00        0.000
 HD      -65.755       42.131       26.879     0.275    2.00        0.000
 HD      -64.619       41.439       25.793     0.275    2.00        0.000
  C      -64.591       40.497       27.570     0.275    4.00        0.150
  C      -65.224       40.599       28.996     0.052    4.00        0.150
  C      -64.554       41.670       29.931     0.105    4.00        0.150
  C      -63.008       41.604       29.961     0.215    4.00        0.150
 OA      -62.378       42.580       29.543    -0.274    3.20        0.200
  N      -62.400       40.493       30.482    -0.370    3.50        0.160
 HD      -62.938       39.778       30.928     0.159    2.00        0.000
 HD      -61.401       40.452       30.509     0.159    2.00        0.000
  C      -65.330       39.301       27.008     0.249    4.00        0.150
 OA      -66.397       39.431       26.394    -0.271    3.20        0.200
  N      -64.883       38.041       27.243    -0.346    3.50        0.160
 HD      -64.127       37.897       27.876     0.163    2.00        0.000
  C      -65.532       36.878       26.732     0.180    4.00        0.150
  C      -64.532       35.722       26.918     0.009    4.00        0.150
  C      -65.164       34.368       26.690     0.012    4.00        0.150
  C      -63.330       35.918       26.013     0.012    4.00        0.150
  C      -66.760       36.490       27.576     0.241    4.00        0.150
 OA      -66.798       36.527       28.819    -0.271    3.20        0.200
  N      -67.864       36.054       26.916    -0.346    3.50        0.160
 HD      -67.829       35.925       25.928     0.163    2.00        0.000
  C      -69.250       35.907       27.479     0.177    4.00        0.150
  C      -70.022       37.236       27.220     0.044    4.00        0.150
  C      -71.432       37.241       27.787     0.105    4.00        0.150
  C      -72.346       38.341       27.278     0.215    4.00        0.150
 OA      -72.075       39.529       27.439    -0.274    3.20        0.200
  N      -73.518       37.968       26.641    -0.370    3.50        0.160
 HD      -73.914       38.703       26.091     0.159    2.00        0.000
 HD      -73.689       37.010       26.412     0.159    2.00        0.000
  C      -69.853       34.643       26.922     0.241    4.00        0.150
 OA      -70.068       34.398       25.722    -0.271    3.20        0.200
  N      -70.244       33.767       27.871    -0.346    3.50        0.160
 HD      -69.869       33.903       28.784     0.163    2.00        0.000
  C      -71.032       32.597       27.560     0.177    4.00        0.150
  C      -70.209       31.447       28.049     0.038    4.00        0.150
  C      -69.006       31.050       27.124    -0.020    4.00        0.150
  C      -68.190       29.811       27.731     0.009    4.00        0.150
  C      -69.392       30.803       25.674     0.009    4.00        0.150
  C      -72.306       32.713       28.448     0.241    4.00        0.150
 OA      -72.268       32.761       29.668    -0.271    3.20        0.200
  N      -73.468       32.678       27.755    -0.346    3.50        0.160
 HD      -73.475       32.695       26.757     0.163    2.00        0.000
  C      -74.723       32.861       28.395     0.177    4.00        0.150
  C      -75.412       34.152       27.839     0.044    4.00        0.150
  C      -74.959       35.574       28.330     0.105    4.00        0.150
  C      -75.170       35.868       29.787     0.215    4.00        0.150
 OA      -75.085       35.078       30.664    -0.274    3.20        0.200
  N      -75.298       37.199       30.045    -0.370    3.50        0.160
 HD      -75.336       37.522       30.992     0.159    2.00        0.000
 HD      -75.615       37.818       29.326     0.159    2.00        0.000
  C      -75.702       31.721       28.120     0.241    4.00        0.150
 OA      -76.151       31.486       26.980    -0.271    3.20        0.200
  N      -75.979       30.889       29.133    -0.346    3.50        0.160
 HD      -75.619       31.057       30.048     0.163    2.00        0.000
  C      -76.697       29.588       28.938     0.177    4.00        0.150
  C      -76.097       28.503       29.841     0.045    4.00        0.150
  C      -74.619       28.359       29.719     0.116    4.00        0.150
  C      -73.920       29.087       30.846     0.172    4.00        0.150
 OA      -74.261       30.224       31.233    -0.648    3.20        0.200
 OA      -72.960       28.573       31.435    -0.648    3.20        0.200
  C      -78.196       29.768       29.190     0.241    4.00        0.150
 OA      -78.544       30.565       30.064    -0.271    3.20        0.200
  N      -79.076       28.976       28.531    -0.344    3.50        0.160
 HD      -78.721       28.370       27.823     0.163    2.00        0.000
  C      -80.493       28.986       28.891     0.200    4.00        0.150
  C      -81.228       30.237       28.339     0.199    4.00        0.150
 OA      -81.156       30.425       26.897    -0.398    3.20        0.200
 HD      -80.215       30.569       26.767     0.209    2.00        0.000
  C      -81.106       27.670       28.349     0.242    4.00        0.150
 OA      -80.521       27.059       27.462    -0.271    3.20        0.200
  N      -82.343       27.274       28.844    -0.350    3.50        0.160
 HD      -82.748       27.895       29.510     0.163    2.00        0.000
  C      -82.963       25.990       28.656     0.225    4.00        0.150
  C      -82.982       25.136       29.863     0.235    4.00        0.150
 OA      -83.350       23.998       29.722    -0.272    3.20        0.200
  N      -82.603       25.576       31.042    -0.351    3.50        0.160
 HD      -82.391       26.548       31.110     0.163    2.00        0.000
  C      -82.718       24.756       32.182     0.225    4.00        0.150
  C      -84.116       24.621       32.652     0.235    4.00        0.150
 OA      -85.011       24.958       31.895    -0.272    3.20        0.200
  N      -84.419       24.374       33.945    -0.351    3.50        0.160
 HD      -83.645       24.350       34.572     0.163    2.00        0.000
  C      -85.770       24.190       34.363     0.225    4.00        0.150
  C      -85.964       23.020       35.261     0.236    4.00        0.150
 OA      -85.013       22.248       35.406    -0.272    3.20        0.200
  N      -87.206       22.791       35.716    -0.346    3.50        0.160
 HD      -87.854       23.495       35.439     0.163    2.00        0.000
  C      -87.785       21.535       36.303     0.177    4.00        0.150
  C      -89.221       21.760       36.893     0.038    4.00        0.150
  C      -90.014       20.504       37.350    -0.020    4.00        0.150
  C      -89.381       19.931       38.595     0.009    4.00        0.150
  C      -91.480       20.935       37.605     0.009    4.00        0.150
  C      -87.839       20.461       35.165     0.241    4.00        0.150
 OA      -88.166       20.703       34.011    -0.271    3.20        0.200
  N      -87.547       19.240       35.516    -0.346    3.50        0.160
 HD      -87.262       19.094       36.461     0.163    2.00        0.000
  C      -87.602       18.126       34.581     0.180    4.00        0.150
  C      -86.227       17.814       34.038     0.009    4.00        0.150
  C      -85.268       17.106       35.033     0.012    4.00        0.150
  C      -86.304       17.063       32.669     0.012    4.00        0.150
  C      -88.298       16.955       35.268     0.241    4.00        0.150
 OA      -87.923       16.587       36.368    -0.271    3.20        0.200
  N      -89.309       16.362       34.647    -0.346    3.50        0.160
 HD      -89.631       16.829       33.828     0.163    2.00        0.000
  C      -90.032       15.200       35.233     0.177    4.00        0.150
  C      -91.498       14.904       34.666     0.044    4.00        0.150
  C      -92.582       15.999       34.783     0.105    4.00        0.150
  C      -92.564       16.611       36.276     0.215    4.00        0.150
 OA      -92.283       15.860       37.206    -0.274    3.20        0.200
  N      -92.830       17.909       36.335    -0.370    3.50        0.160
 HD      -93.014       18.372       37.202     0.159    2.00        0.000
 HD      -93.071       18.397       35.496     0.159    2.00        0.000
  C      -89.121       14.024       35.109     0.243    4.00        0.150
 OA      -88.383       13.940       34.124    -0.271    3.20        0.200
  N      -89.123       12.964       35.915    -0.337    3.50        0.160
  C      -89.992       12.719       37.118     0.127    4.00        0.150
  C      -87.927       12.062       35.913     0.179    4.00        0.150
  C      -88.028       11.279       37.254     0.037    4.00        0.150
  C      -89.475       11.406       37.714     0.022    4.00        0.150
  C      -88.204       11.102       34.812     0.241    4.00        0.150
 OA      -89.102       10.287       34.851    -0.271    3.20        0.200
  N      -87.415       11.079       33.722    -0.351    3.50        0.160
 HD      -86.556       11.583       33.765     0.163    2.00        0.000
  C      -87.683       10.401       32.504     0.225    4.00        0.150
  C      -87.826       11.356       31.404     0.235    4.00        0.150
 OA      -87.803       10.977       30.243    -0.272    3.20        0.200
  N      -88.022       12.686       31.745    -0.351    3.50        0.160
 HD      -88.091       12.918       32.713     0.163    2.00        0.000
  C      -88.185       13.791       30.882     0.225    4.00        0.150
  C      -87.045       14.095       30.033     0.236    4.00        0.150
 OA      -86.015       13.451       29.995    -0.272    3.20        0.200
  N      -87.212       15.081       29.188    -0.344    3.50        0.160
 HD      -88.110       15.505       29.106     0.163    2.00        0.000
  C      -86.209       15.604       28.342     0.200    4.00        0.150
  C      -86.215       15.121       26.955     0.199    4.00        0.150
 OA      -86.315       13.693       26.912    -0.398    3.20        0.200
 HD      -87.161       13.555       27.347     0.209    2.00        0.000
  C      -86.238       17.111       28.322     0.243    4.00        0.150
 OA      -87.313       17.697       28.573    -0.271    3.20        0.200
  N      -85.113       17.722       27.993    -0.346    3.50        0.160
 HD      -84.269       17.231       27.791     0.163    2.00        0.000
  C      -85.008       19.168       27.816     0.177    4.00        0.150
  C      -85.154       19.894       29.153     0.038    4.00        0.150
  C      -84.517       19.225       30.305    -0.020    4.00        0.150
  C      -83.006       19.018       30.173     0.009    4.00        0.150
  C      -84.647       19.991       31.623     0.009    4.00        0.150
  C      -83.724       19.541       27.048     0.241    4.00        0.150
 OA      -82.810       18.709       26.757    -0.271    3.20        0.200
  N      -83.564       20.822       26.663    -0.346    3.50        0.160
 HD      -84.146       21.606       26.865     0.163    2.00        0.000
  C      -82.684       21.274       25.612     0.176    4.00        0.150
  C      -83.440       21.467       24.280     0.036    4.00        0.150
  C      -82.581       21.932       23.059     0.023    4.00        0.150
  C      -83.320       21.789       21.640     0.138    4.00        0.150
  N      -82.296       22.216       20.640    -0.227    3.50        0.160
 HD      -82.345       23.198       20.458     0.177    2.00        0.000
  C      -81.259       21.549       20.216     0.665    4.00        0.150
  N      -80.971       20.379       20.702    -0.235    3.50        0.160
 HD      -81.635       19.956       21.319     0.174    2.00        0.000
 HD      -80.309       19.906       20.123     0.174    2.00        0.000
  N      -80.575       21.989       19.162    -0.235    3.50        0.160
 HD      -80.972       22.617       18.493     0.174    2.00        0.000
 HD      -79.960       21.424       18.612     0.174    2.00        0.000
  C      -81.951       22.591       26.021     0.241    4.00        0.150
 OA      -82.587       23.562       26.430    -0.271    3.20        0.200
  N      -80.575       22.551       25.926    -0.346    3.50        0.160
 HD      -80.041       21.807       25.532     0.163    2.00        0.000
  C      -79.817       23.702       26.466     0.177    4.00        0.150
  C      -78.775       23.275       27.524     0.038    4.00        0.150
  C      -79.209       22.296       28.676    -0.020    4.00        0.150
  C      -77.861       21.799       29.299     0.009    4.00        0.150
  C      -80.162       22.931       29.779     0.009    4.00        0.150
  C      -79.105       24.433       25.305     0.241    4.00        0.150
 OA      -78.374       23.788       24.555    -0.271    3.20        0.200
  N      -79.243       25.713       25.235    -0.344    3.50        0.160
 HD      -79.694       26.164       26.001     0.163    2.00        0.000
  C      -78.495       26.552       24.259     0.200    4.00        0.150
  C      -79.521       27.482       23.431     0.199    4.00        0.150
 OA      -78.897       28.310       22.475    -0.398    3.20        0.200
 HD      -79.535       28.747       21.907     0.209    2.00        0.000
  C      -77.588       27.402       25.135     0.243    4.00        0.150
 OA      -77.910       27.844       26.226    -0.271    3.20        0.200
  N      -76.397       27.623       24.596    -0.345    3.50        0.160
 HD      -76.230       27.157       23.731     0.163    2.00        0.000
  C      -75.398       28.599       25.122     0.185    4.00        0.150
  C      -74.240       27.967       25.953     0.105    4.00        0.150
 SA      -73.032       29.142       26.652    -0.180    4.00        0.200
 HD      -72.744       29.969       25.658     0.101    2.00        0.000
  C      -74.885       29.369       24.020     0.241    4.00        0.150
 OA      -74.149       28.905       23.117    -0.271    3.20        0.200
  N      -75.028       30.650       24.077    -0.346    3.50        0.160
 HD      -75.703       30.988       24.728     0.163    2.00        0.000
  C      -74.565       31.495       23.060     0.172    4.00        0.150
  C      -75.639       32.369       22.422     0.042    4.00        0.150
  C      -73.355       32.379       23.497     0.240    4.00        0.150
 OA      -73.063       32.610       24.673    -0.271    3.20        0.200
  N      -72.550       32.686       22.470    -0.346    3.50        0.160
 HD      -72.801       32.468       21.530     0.163    2.00        0.000
  C      -71.270       33.260       22.624     0.172    4.00        0.150
  C      -70.180       32.614       21.696     0.042    4.00        0.150
  C      -71.237       34.746       22.340     0.240    4.00        0.150
 OA      -71.929       35.297       21.505    -0.271    3.20        0.200
  N      -70.360       35.487       23.081    -0.344    3.50        0.160
 HD      -69.893       35.125       23.885     0.163    2.00        0.000
  C      -70.116       36.873       22.736     0.200    4.00        0.150
  C      -71.090       37.856       23.322     0.199    4.00        0.150
 OA      -70.724       39.196       23.068    -0.398    3.20        0.200
 HD      -70.212       39.424       23.847     0.209    2.00        0.000
  C      -68.717       37.199       23.091     0.242    4.00        0.150
 OA      -68.181       36.724       24.119    -0.271    3.20        0.200
  N      -68.014       38.103       22.348    -0.350    3.50        0.160
 HD      -68.450       38.481       21.536     0.163    2.00        0.000
  C      -66.714       38.727       22.610     0.225    4.00        0.150
  C      -65.562       37.888       22.286     0.236    4.00        0.150
 OA      -64.463       38.252       22.684    -0.272    3.20        0.200
  N      -65.752       36.815       21.534    -0.346    3.50        0.160
 HD      -66.674       36.545       21.267     0.163    2.00        0.000
  C      -64.641       36.068       20.928     0.180    4.00        0.150
  C      -63.987       35.077       21.998     0.073    4.00        0.150
  A      -64.951       34.001       22.291    -0.056    4.00        0.150
  A      -65.911       34.093       23.280     0.007    4.00        0.150
  A      -66.701       33.091       23.758     0.001    4.00        0.150
  A      -66.739       31.867       23.015     0.000    4.00        0.150
  A      -64.958       32.786       21.565     0.007    4.00        0.150
  A      -65.818       31.719       21.979     0.001    4.00        0.150
  C      -65.084       35.458       19.616     0.241    4.00        0.150
 OA      -66.283       35.307       19.362    -0.271    3.20        0.200
  N      -64.102       35.097       18.831    -0.344    3.50        0.160
 HD      -63.152       35.213       19.111     0.163    2.00        0.000
  C      -64.342       34.524       17.536     0.205    4.00        0.150
  C      -63.037       34.564       16.745     0.146    4.00        0.150
 OA      -62.583       35.926       16.626    -0.393    3.20        0.200
 HD      -62.332       36.161       17.522     0.210    2.00        0.000
  C      -63.088       33.997       15.329     0.042    4.00        0.150
  C      -64.725       33.090       17.640     0.243    4.00        0.150
 OA      -63.896       32.209       18.030    -0.271    3.20        0.200
  N      -66.049       32.721       17.414    -0.346    3.50        0.160
 HD      -66.713       33.298       16.945     0.163    2.00        0.000
  C      -66.568       31.519       18.061     0.180    4.00        0.150
  C      -68.046       31.608       18.313     0.073    4.00        0.150
  A      -68.721       30.337       18.586    -0.056    4.00        0.150
  A      -68.769       29.911       19.877     0.007    4.00        0.150
  A      -69.479       28.823       20.333     0.001    4.00        0.150
  A      -70.075       28.012       19.359     0.000    4.00        0.150
  A      -69.348       29.576       17.632     0.007    4.00        0.150
  A      -70.045       28.403       18.029     0.001    4.00        0.150
  C      -66.073       30.214       17.366     0.241    4.00        0.150
 OA      -65.976       29.087       17.886    -0.271    3.20        0.200
  N      -65.615       30.296       16.062    -0.344    3.50        0.160
 HD      -65.749       31.153       15.573     0.163    2.00        0.000
  C      -65.272       29.178       15.269     0.200    4.00        0.150
  C      -65.452       29.541       13.776     0.199    4.00        0.150
 OA      -64.713       30.738       13.475    -0.398    3.20        0.200
 HD      -63.885       30.450       13.084     0.209    2.00        0.000
  C      -63.895       28.617       15.548     0.243    4.00        0.150
 OA      -63.541       27.518       15.130    -0.271    3.20        0.200
  N      -63.029       29.351       16.327    -0.345    3.50        0.160
 HD      -63.231       30.278       16.631     0.163    2.00        0.000
  C      -61.653       28.952       16.475     0.185    4.00        0.150
  C      -60.793       30.210       16.688     0.137    4.00        0.150
  C      -60.770       30.977       15.430     0.217    4.00        0.150
 OA      -61.300       30.617       14.353    -0.274    3.20        0.200
  N      -60.091       32.131       15.468    -0.370    3.50        0.160
 HD      -59.994       32.638       14.611     0.159    2.00        0.000
 HD      -59.452       32.272       16.224     0.159    2.00        0.000
  C      -61.450       28.082       17.716     0.241    4.00        0.150
 OA      -60.366       27.587       18.053    -0.271    3.20        0.200
  N      -62.556       27.754       18.436    -0.346    3.50        0.160
 HD      -63.384       28.048       17.966     0.163    2.00        0.000
  C      -62.507       27.209       19.784     0.180    4.00        0.150
  C      -63.087       28.193       20.836     0.073    4.00        0.150
  A      -62.154       29.351       20.962    -0.056    4.00        0.150
  A      -61.145       29.424       21.906     0.010    4.00        0.150
  A      -60.413       30.583       22.190     0.037    4.00        0.150
  A      -60.749       31.746       21.447     0.065    4.00        0.150
 OA      -60.041       32.958       21.704    -0.361    3.20        0.200
 HD      -59.989       33.571       20.969     0.217    2.00        0.000
  A      -62.417       30.554       20.177     0.010    4.00        0.150
  A      -61.756       31.736       20.448     0.037    4.00        0.150
  C      -63.155       25.895       19.801     0.241    4.00        0.150
 OA      -64.198       25.610       19.199    -0.271    3.20        0.200
  N      -62.605       24.895       20.579    -0.346    3.50        0.160
 HD      -61.714       25.112       20.968     0.163    2.00        0.000
  C      -63.320       23.802       21.209     0.176    4.00        0.150
  C      -62.389       22.658       21.666     0.035    4.00        0.150
  C      -62.881       21.958       22.922     0.004    4.00        0.150
  C      -62.073       20.655       23.147     0.027    4.00        0.150
  C      -62.048       19.643       22.013     0.229    4.00        0.150
  N      -61.693       18.328       22.550    -0.079    3.50        0.160
 HD      -60.751       18.328       22.992     0.274    2.00        0.000
 HD      -61.735       17.639       21.773     0.274    2.00        0.000
 HD      -62.306       18.097       23.359     0.274    2.00        0.000
  C      -64.184       24.285       22.366     0.241    4.00        0.150
 OA      -63.797       25.099       23.211    -0.271    3.20        0.200
  N      -65.363       23.757       22.456    -0.346    3.50        0.160
 HD      -65.544       22.992       21.842     0.163    2.00        0.000
  C      -66.338       24.144       23.478     0.177    4.00        0.150
  C      -67.629       24.607       22.848     0.045    4.00        0.150
  C      -67.460       25.788       21.810     0.076    4.00        0.150
 SA      -66.746       27.208       22.529    -0.173    4.00        0.200
  C      -67.902       27.517       23.914     0.089    4.00        0.150
  C      -66.735       22.977       24.359     0.241    4.00        0.150
 OA      -66.912       21.842       23.847    -0.271    3.20        0.200
  N      -66.837       23.129       25.719    -0.346    3.50        0.160
 HD      -66.559       24.004       26.106     0.163    2.00        0.000
  C      -67.072       22.098       26.672     0.185    4.00        0.150
  C      -65.857       21.936       27.544     0.137    4.00        0.150
  C      -64.487       21.668       26.793     0.217    4.00        0.150
 OA      -63.958       20.580       26.899    -0.274    3.20        0.200
  N      -63.742       22.685       26.327    -0.370    3.50        0.160
 HD      -62.896       22.578       25.807     0.159    2.00        0.000
 HD      -63.836       23.655       26.552     0.159    2.00        0.000
  C      -68.376       22.398       27.460     0.241    4.00        0.150
 OA      -68.561       23.498       27.863    -0.271    3.20        0.200
  N      -69.208       21.403       27.677    -0.346    3.50        0.160
 HD      -68.988       20.537       27.236     0.163    2.00        0.000
  C      -70.133       21.485       28.800     0.181    4.00        0.150
  C      -71.445       20.833       28.393     0.075    4.00        0.150
  A      -72.335       21.802       27.598    -0.028    4.00        0.150
  A      -72.354       21.786       26.202     0.096    4.00        0.150
  N      -73.349       22.705       25.708    -0.365    3.50        0.160
 HD      -73.832       22.585       24.869     0.165    2.00        0.000
  A      -73.959       23.281       26.788     0.042    4.00        0.150
  A      -73.402       22.622       28.002    -0.002    4.00        0.150
  A      -73.833       23.076       29.228     0.014    4.00        0.150
  A      -74.859       24.078       29.317     0.001    4.00        0.150
  A      -74.841       24.366       26.862     0.030    4.00        0.150
  A      -75.302       24.622       28.131     0.002    4.00        0.150
  C      -69.577       20.841       30.076     0.241    4.00        0.150
 OA      -68.990       19.731       30.097    -0.271    3.20        0.200
  N      -69.727       21.530       31.191    -0.346    3.50        0.160
 HD      -70.149       22.426       31.307     0.163    2.00        0.000
  C      -69.343       21.031       32.567     0.180    4.00        0.150
  C      -68.088       21.813       33.067     0.009    4.00        0.150
  C      -66.874       21.401       32.252     0.012    4.00        0.150
  C      -68.264       23.325       33.117     0.012    4.00        0.150
  C      -70.491       21.154       33.497     0.241    4.00        0.150
 OA      -71.293       22.076       33.441    -0.271    3.20        0.200
  N      -70.611       20.236       34.534    -0.346    3.50        0.160
 HD      -69.873       19.572       34.624     0.163    2.00        0.000
  C      -71.692       20.177       35.471     0.176    4.00        0.150
  C      -72.537       18.825       35.374     0.036    4.00        0.150
  C      -71.890       17.561       36.003     0.023    4.00        0.150
  C      -72.810       16.280       35.859     0.138    4.00        0.150
  N      -71.968       15.152       36.254    -0.227    3.50        0.160
 HD      -71.366       15.151       37.053     0.177    2.00        0.000
  C      -72.236       13.946       35.774     0.665    4.00        0.150
  N      -73.261       13.692       35.008    -0.235    3.50        0.160
 HD      -73.993       14.369       34.941     0.174    2.00        0.000
 HD      -73.549       12.744       34.871     0.174    2.00        0.000
  N      -71.476       12.912       36.163    -0.235    3.50        0.160
 HD      -71.595       12.012       35.747     0.174    2.00        0.000
 HD      -70.599       13.110       36.602     0.174    2.00        0.000
  C      -71.137       20.307       36.837     0.241    4.00        0.150
 OA      -70.042       19.818       37.171    -0.271    3.20        0.200
  N      -71.922       20.914       37.774    -0.346    3.50        0.160
 HD      -72.788       21.354       37.548     0.163    2.00        0.000
  C      -71.595       20.901       39.180     0.177    4.00        0.150
  C      -70.947       22.156       39.776     0.044    4.00        0.150
  C      -70.701       22.198       41.266     0.105    4.00        0.150
  C      -69.590       23.176       41.642     0.215    4.00        0.150
 OA      -69.588       24.333       41.164    -0.274    3.20        0.200
  N      -68.555       22.637       42.331    -0.370    3.50        0.160
 HD      -67.768       23.213       42.547     0.159    2.00        0.000
 HD      -68.487       21.669       42.573     0.159    2.00        0.000
  C      -72.863       20.552       39.923     0.241    4.00        0.150
 OA      -73.795       21.340       39.920    -0.271    3.20        0.200
  N      -73.017       19.371       40.528    -0.346    3.50        0.160
 HD      -72.331       18.666       40.366     0.163    2.00        0.000
  C      -74.272       18.953       41.181     0.172    4.00        0.150
  C      -74.318       17.463       40.890     0.042    4.00        0.150
  C      -74.163       19.158       42.745     0.243    4.00        0.150
 OA      -73.057       19.440       43.259    -0.271    3.20        0.200
  N      -75.281       19.093       43.481    -0.337    3.50        0.160
  C      -76.669       19.106       42.902     0.127    4.00        0.150
  C      -75.301       19.360       44.953     0.179    4.00        0.150
  C      -76.794       19.105       45.354     0.037    4.00        0.150
  C      -77.628       19.455       44.040     0.022    4.00        0.150
  C      -74.284       18.533       45.719     0.241    4.00        0.150
 OA      -74.294       17.327       45.558    -0.271    3.20        0.200
  N      -73.346       19.165       46.472    -0.351    3.50        0.160
 HD      -73.323       20.153       46.605     0.163    2.00        0.000
  C      -72.346       18.372       47.128     0.225    4.00        0.150
  C      -71.149       17.915       46.346     0.236    4.00        0.150
 OA      -70.252       17.221       46.864    -0.272    3.20        0.200
  N      -70.971       18.330       45.118    -0.346    3.50        0.160
 HD      -71.574       18.926       44.593     0.163    2.00        0.000
  C      -69.958       17.715       44.202     0.176    4.00        0.150
  C      -70.542       16.928       42.946     0.035    4.00        0.150
  C      -71.510       15.737       43.473     0.004    4.00        0.150
  C      -71.517       14.593       42.498     0.027    4.00        0.150
  C      -72.038       13.341       43.160     0.229    4.00        0.150
  N      -72.329       12.409       42.070    -0.079    3.50        0.160
 HD      -73.050       12.807       41.434     0.274    2.00        0.000
 HD      -72.700       11.494       42.397     0.274    2.00        0.000
 HD      -71.499       12.341       41.448     0.274    2.00        0.000
  C      -69.047       18.785       43.707     0.240    4.00        0.150
 OA      -69.387       19.980       43.640    -0.271    3.20        0.200
  N      -67.845       18.376       43.292    -0.351    3.50        0.160
 HD      -67.516       17.447       43.442     0.163    2.00        0.000
  C      -66.940       19.168       42.465     0.225    4.00        0.150
  C      -67.587       19.436       41.010     0.236    4.00        0.150
 OA      -68.709       19.032       40.675    -0.272    3.20        0.200
  N      -66.754       20.061       40.172    -0.346    3.50        0.160
 HD      -65.861       20.378       40.484     0.163    2.00        0.000
  C      -66.899       20.153       38.711     0.177    4.00        0.150
  C      -66.137       21.355       38.078     0.038    4.00        0.150
  C      -66.711       22.691       38.610    -0.020    4.00        0.150
  C      -65.809       23.383       39.566     0.009    4.00        0.150
  C      -67.093       23.587       37.477     0.009    4.00        0.150
  C      -66.559       18.845       38.058     0.241    4.00        0.150
 OA      -65.495       18.241       38.219    -0.271    3.20        0.200
  N      -67.450       18.404       37.181    -0.346    3.50        0.160
 HD      -68.270       18.970       37.136     0.163    2.00        0.000
  C      -67.196       17.446       36.125     0.177    4.00        0.150
  C      -68.101       16.220       36.291     0.045    4.00        0.150
  C      -68.067       15.541       37.656     0.116    4.00        0.150
  C      -69.236       14.589       37.898     0.172    4.00        0.150
 OA      -70.218       15.184       38.413    -0.648    3.20        0.200
 OA      -69.191       13.359       37.594    -0.648    3.20        0.200
  C      -67.453       17.870       34.671     0.241    4.00        0.150
 OA      -68.356       18.677       34.418    -0.271    3.20        0.200
  N      -66.718       17.419       33.747    -0.346    3.50        0.160
 HD      -65.915       16.854       33.923     0.163    2.00        0.000
  C      -66.925       17.582       32.285     0.181    4.00        0.150
  C      -65.505       17.352       31.581     0.075    4.00        0.150
  A      -65.525       17.130       30.060    -0.028    4.00        0.150
  A      -65.273       18.127       29.193     0.096    4.00        0.150
  N      -65.235       17.644       27.921    -0.365    3.50        0.160
 HD      -65.048       18.190       27.134     0.165    2.00        0.000
  A      -65.405       16.313       27.947     0.042    4.00        0.150
  A      -65.512       15.976       29.326    -0.002    4.00        0.150
  A      -65.695       14.651       29.664     0.014    4.00        0.150
  A      -65.483       13.699       28.745     0.001    4.00        0.150
  A      -65.260       15.295       26.956     0.030    4.00        0.150
  A      -65.243       14.027       27.410     0.002    4.00        0.150
  C      -68.044       16.697       31.773     0.241    4.00        0.150
 OA      -68.278       15.544       32.304    -0.271    3.20        0.200
  N      -68.906       17.184       30.776    -0.346    3.50        0.160
 HD      -68.643       18.058       30.375     0.163    2.00        0.000
  C      -70.037       16.482       30.331     0.180    4.00        0.150
  C      -71.300       17.347       30.275     0.009    4.00        0.150
  C      -72.501       16.730       29.477     0.012    4.00        0.150
  C      -71.826       17.590       31.680     0.012    4.00        0.150
  C      -69.778       15.914       28.938     0.241    4.00        0.150
 OA      -69.874       14.696       28.850    -0.271    3.20        0.200
  N      -69.515       16.738       27.940    -0.344    3.50        0.160
 HD      -69.573       17.726       28.060     0.163    2.00        0.000
  C      -69.077       16.399       26.612     0.200    4.00        0.150
  C      -70.286       15.942       25.698     0.199    4.00        0.150
 OA      -71.302       16.868       25.493    -0.398    3.20        0.200
 HD      -70.868       17.627       25.098     0.209    2.00        0.000
  C      -68.385       17.623       25.961     0.243    4.00        0.150
 OA      -68.677       18.705       26.424    -0.271    3.20        0.200
  N      -67.565       17.512       24.939    -0.345    3.50        0.160
 HD      -67.152       16.628       24.739     0.163    2.00        0.000
  C      -67.057       18.663       24.212     0.186    4.00        0.150
  C      -65.520       18.881       24.483     0.147    4.00        0.150
  C      -64.623       17.742       24.178     0.175    4.00        0.150
 OA      -64.987       16.781       23.520    -0.648    3.20        0.200
 OA      -63.406       17.913       24.467    -0.648    3.20        0.200
  C      -67.389       18.471       22.730     0.241    4.00        0.150
 OA      -67.885       17.443       22.254    -0.271    3.20        0.200
  N      -67.121       19.552       21.971    -0.346    3.50        0.160
 HD      -67.018       20.465       22.360     0.163    2.00        0.000
  C      -67.248       19.518       20.566     0.180    4.00        0.150
  C      -68.693       19.844       20.066     0.013    4.00        0.150
  C      -69.225       21.232       20.443     0.012    4.00        0.150
  C      -68.866       19.591       18.586     0.002    4.00        0.150
  C      -70.281       19.544       18.083     0.005    4.00        0.150
  C      -66.184       20.407       19.948     0.241    4.00        0.150
 OA      -65.826       21.498       20.421    -0.271    3.20        0.200
  N      -65.697       19.885       18.779    -0.344    3.50        0.160
 HD      -65.795       18.969       18.397     0.163    2.00        0.000
  C      -64.578       20.548       18.082     0.200    4.00        0.150
  C      -63.668       19.526       17.188     0.199    4.00        0.150
 OA      -64.512       19.009       16.159    -0.398    3.20        0.200
 HD      -63.963       18.777       15.407     0.209    2.00        0.000
  C      -64.972       21.799       17.299     0.243    4.00        0.150
 OA      -66.175       22.168       17.254    -0.271    3.20        0.200
  N      -63.991       22.507       16.651    -0.346    3.50        0.160
 HD      -63.018       22.346       16.797     0.163    2.00        0.000
  C      -64.274       23.643       15.702     0.177    4.00        0.150
  C      -62.907       24.198       15.186     0.044    4.00        0.150
  C      -62.075       25.057       16.217     0.105    4.00        0.150
  C      -61.230       24.274       17.114     0.215    4.00        0.150
 OA      -61.155       23.069       17.040    -0.274    3.20        0.200
  N      -60.556       24.868       18.043    -0.370    3.50        0.160
 HD      -59.825       24.320       18.449     0.159    2.00        0.000
 HD      -60.530       25.863       18.138     0.159    2.00        0.000
  C      -65.176       23.415       14.443     0.241    4.00        0.150
 OA      -66.081       24.220       14.186    -0.271    3.20        0.200
  N      -64.992       22.230       13.874    -0.344    3.50        0.160
 HD      -64.177       21.694       14.084     0.163    2.00        0.000
  C      -65.861       21.879       12.730     0.200    4.00        0.150
  C      -65.088       21.113       11.650     0.199    4.00        0.150
 OA      -64.603       19.835       12.120    -0.398    3.20        0.200
 HD      -64.205       19.395       11.365     0.209    2.00        0.000
  C      -67.070       21.051       13.198     0.242    4.00        0.150
 OA      -68.062       20.958       12.487    -0.271    3.20        0.200
  N      -67.026       20.466       14.404    -0.350    3.50        0.160
 HD      -66.273       20.676       15.022     0.163    2.00        0.000
  C      -68.058       19.618       15.029     0.225    4.00        0.150
  C      -68.005       18.264       14.495     0.236    4.00        0.150
 OA      -69.015       17.577       14.384    -0.272    3.20        0.200
  N      -66.793       17.804       14.112    -0.347    3.50        0.160
 HD      -65.966       18.314       14.333     0.163    2.00        0.000
  C      -66.603       16.461       13.591     0.172    4.00        0.150
  C      -66.125       16.475       12.125     0.042    4.00        0.150
  C      -65.631       15.688       14.494     0.240    4.00        0.150
 OA      -65.233       14.571       14.262    -0.271    3.20        0.200
  N      -65.362       16.113       15.775    -0.344    3.50        0.160
 HD      -65.622       16.984       16.183     0.163    2.00        0.000
  C      -64.625       15.311       16.801     0.200    4.00        0.150
  C      -63.102       15.798       17.016     0.199    4.00        0.150
 OA      -62.401       15.094       18.083    -0.398    3.20        0.200
 HD      -62.139       14.331       17.562     0.209    2.00        0.000
  C      -65.470       15.510       18.029     0.243    4.00        0.150
 OA      -65.464       16.632       18.526    -0.271    3.20        0.200
  N      -66.115       14.460       18.539    -0.346    3.50        0.160
 HD      -65.939       13.603       18.062     0.163    2.00        0.000
  C      -67.069       14.585       19.674     0.180    4.00        0.150
  C      -68.486       14.290       19.072     0.013    4.00        0.150
  C      -69.488       13.891       20.154     0.012    4.00        0.150
  C      -69.013       15.459       18.343     0.002    4.00        0.150
  C      -70.230       15.151       17.366     0.005    4.00        0.150
  C      -66.638       13.602       20.753     0.241    4.00        0.150
 OA      -66.151       12.527       20.404    -0.271    3.20        0.200
  N      -66.956       13.892       22.098    -0.344    3.50        0.160
 HD      -67.483       14.705       22.335     0.163    2.00        0.000
  C      -66.438       13.085       23.179     0.200    4.00        0.150
  C      -64.993       13.515       23.533     0.199    4.00        0.150
 OA      -64.313       12.542       24.254    -0.398    3.20        0.200
 HD      -64.045       11.878       23.616     0.209    2.00        0.000
  C      -67.394       13.324       24.338     0.243    4.00        0.150
 OA      -67.993       14.413       24.489    -0.271    3.20        0.200
  N      -67.611       12.313       25.146    -0.346    3.50        0.160
 HD      -67.111       11.504       24.846     0.163    2.00        0.000
  C      -68.668       12.319       26.122     0.180    4.00        0.150
  C      -69.848       11.480       25.638     0.073    4.00        0.150
  A      -70.625       12.066       24.502    -0.056    4.00        0.150
  A      -71.527       13.152       24.621     0.010    4.00        0.150
  A      -72.358       13.636       23.580     0.037    4.00        0.150
  A      -72.189       13.053       22.315     0.065    4.00        0.150
 OA      -72.916       13.555       21.235    -0.361    3.20        0.200
 HD      -72.611       13.123       20.433     0.217    2.00        0.000
  A      -70.564       11.402       23.193     0.010    4.00        0.150
  A      -71.325       11.934       22.135     0.037    4.00        0.150
  C      -68.088       11.790       27.378     0.241    4.00        0.150
 OA      -67.116       11.029       27.374    -0.271    3.20        0.200
  N      -68.617       12.159       28.613    -0.344    3.50        0.160
 HD      -69.269       12.913       28.628     0.163    2.00        0.000
  C      -68.186       11.536       29.882     0.205    4.00        0.150
  C      -68.244       12.503       31.112     0.146    4.00        0.150
 OA      -67.550       11.975       32.231    -0.393    3.20        0.200
 HD      -66.855       12.594       32.463     0.210    2.00        0.000
  C      -69.645       12.724       31.689     0.042    4.00        0.150
  C      -69.016       10.244       30.109     0.243    4.00        0.150
 OA      -70.084       10.164       29.480    -0.271    3.20        0.200
  N      -68.563        9.259       30.862    -0.350    3.50        0.160
 HD      -67.721        9.377       31.382     0.163    2.00        0.000
  C      -69.155        7.929       30.926     0.225    4.00        0.150
  C      -70.551        7.739       31.454     0.236    4.00        0.150
 OA      -71.364        6.905       30.931    -0.272    3.20        0.200
  N      -70.915        8.534       32.535    -0.344    3.50        0.160
 HD      -70.203        9.058       32.997     0.163    2.00        0.000
  C      -72.235        8.670       33.084     0.200    4.00        0.150
  C      -72.265        9.637       34.327     0.199    4.00        0.150
 OA      -71.456       10.831       34.292    -0.398    3.20        0.200
 HD      -70.547       10.533       34.221     0.209    2.00        0.000
  C      -73.323        9.152       32.099     0.243    4.00        0.150
 OA      -74.555        8.956       32.297    -0.271    3.20        0.200
  N      -72.959        9.805       30.950    -0.346    3.50        0.160
 HD      -71.993        9.992       30.789     0.163    2.00        0.000
  C      -73.960       10.396       30.059     0.180    4.00        0.150
  C      -73.757       11.875       29.856     0.009    4.00        0.150
  C      -73.486       12.544       31.171     0.012    4.00        0.150
  C      -72.675       12.155       28.771     0.012    4.00        0.150
  C      -73.940        9.563       28.733     0.241    4.00        0.150
 OA      -74.726        9.850       27.825    -0.271    3.20        0.200
  N      -73.005        8.620       28.569    -0.346    3.50        0.160
 HD      -72.455        8.276       29.326     0.163    2.00        0.000
  C      -72.903        7.934       27.281     0.176    4.00        0.150
  C      -71.642        7.100       27.240     0.035    4.00        0.150
  C      -70.311        7.819       26.880     0.004    4.00        0.150
  C      -69.185        6.842       26.967     0.027    4.00        0.150
  C      -67.782        7.544       26.968     0.229    4.00        0.150
  N      -66.690        6.540       26.959    -0.079    3.50        0.160
 HD      -65.834        6.945       26.532     0.274    2.00        0.000
 HD      -66.884        5.696       26.381     0.274    2.00        0.000
 HD      -66.451        6.370       27.956     0.274    2.00        0.000
  C      -74.133        7.325       26.662     0.240    4.00        0.150
 OA      -74.596        6.276       27.034    -0.271    3.20        0.200
  N      -74.725        8.030       25.637    -0.351    3.50        0.160
 HD      -74.404        8.941       25.388     0.163    2.00        0.000
  C      -75.902        7.664       24.830     0.225    4.00        0.150
  C      -77.138        8.390       25.080     0.236    4.00        0.150
 OA      -78.072        8.350       24.227    -0.272    3.20        0.200
  N      -77.277        9.113       26.215    -0.346    3.50        0.160
 HD      -76.611        9.399       26.899     0.163    2.00        0.000
  C      -78.505        9.828       26.522     0.176    4.00        0.150
  C      -78.826        9.881       28.056     0.036    4.00        0.150
  C      -79.272        8.507       28.656     0.023    4.00        0.150
  C      -80.082        8.707       29.945     0.138    4.00        0.150
  N      -79.076        8.974       31.046    -0.227    3.50        0.160
 HD      -78.224        8.469       31.180     0.177    2.00        0.000
  C      -79.001       10.044       31.821     0.665    4.00        0.150
  N      -79.968       10.925       32.020    -0.235    3.50        0.160
 HD      -79.799       11.404       32.881     0.174    2.00        0.000
 HD      -80.879       10.723       31.660     0.174    2.00        0.000
  N      -78.023       10.144       32.616    -0.235    3.50        0.160
 HD      -77.251        9.539       32.816     0.174    2.00        0.000
 HD      -77.927       11.071       32.980     0.174    2.00        0.000
  C      -78.466       11.252       26.014     0.241    4.00        0.150
 OA      -79.437       11.986       25.809    -0.271    3.20        0.200
  N      -77.287       11.905       25.921    -0.346    3.50        0.160
 HD      -76.412       11.429       25.938     0.163    2.00        0.000
  C      -77.148       13.345       25.621     0.180    4.00        0.150
  C      -76.355       14.286       26.646     0.073    4.00        0.150
  A      -76.784       14.049       28.133    -0.056    4.00        0.150
  A      -77.981       13.446       28.625     0.007    4.00        0.150
  A      -78.223       13.402       29.950     0.001    4.00        0.150
  A      -77.358       13.941       30.897     0.000    4.00        0.150
  A      -75.982       14.690       29.071     0.007    4.00        0.150
  A      -76.298       14.727       30.453     0.001    4.00        0.150
  C      -76.490       13.544       24.283     0.241    4.00        0.150
 OA      -75.641       12.764       23.987    -0.271    3.20        0.200
  N      -76.677       14.655       23.507    -0.344    3.50        0.160
 HD      -77.283       15.370       23.847     0.163    2.00        0.000
  C      -75.944       14.956       22.217     0.205    4.00        0.150
  C      -76.579       14.516       20.931     0.146    4.00        0.150
 OA      -77.890       14.931       20.891    -0.393    3.20        0.200
 HD      -78.248       14.453       21.643     0.210    2.00        0.000
  C      -76.681       12.981       20.823     0.042    4.00        0.150
  C      -75.638       16.464       22.191     0.243    4.00        0.150
 OA      -76.458       17.293       22.443    -0.271    3.20        0.200
  N      -74.420       16.780       21.769    -0.346    3.50        0.160
 HD      -73.769       16.036       21.637     0.163    2.00        0.000
  C      -73.780       18.098       21.583     0.180    4.00        0.150
  C      -72.432       18.141       22.348     0.013    4.00        0.150
  C      -71.499       17.028       21.837     0.012    4.00        0.150
  C      -71.837       19.526       22.413     0.002    4.00        0.150
  C      -70.804       19.574       23.489     0.005    4.00        0.150
  C      -73.658       18.501       20.086     0.241    4.00        0.150
 OA      -73.304       17.594       19.241    -0.271    3.20        0.200
  N      -73.952       19.762       19.668    -0.344    3.50        0.160
 HD      -74.016       20.516       20.316     0.163    2.00        0.000
  C      -73.928       20.263       18.312     0.200    4.00        0.150
  C      -75.299       19.921       17.699     0.199    4.00        0.150
 OA      -75.332       20.182       16.234    -0.398    3.20        0.200
 HD      -74.886       19.428       15.842     0.209    2.00        0.000
  C      -73.707       21.653       18.385     0.243    4.00        0.150
 OA      -74.013       22.185       19.385    -0.271    3.20        0.200
  N      -73.174       22.271       17.304    -0.346    3.50        0.160
 HD      -72.864       21.787       16.489     0.163    2.00        0.000
  C      -72.866       23.707       17.430     0.176    4.00        0.150
  C      -71.359       23.989       17.625     0.036    4.00        0.150
  C      -70.467       23.482       16.544     0.023    4.00        0.150
  C      -68.969       23.627       16.841     0.138    4.00        0.150
  N      -68.560       25.045       16.833    -0.227    3.50        0.160
 HD      -69.004       25.708       16.230     0.177    2.00        0.000
  C      -67.551       25.455       17.596     0.665    4.00        0.150
  N      -66.658       24.683       18.145    -0.235    3.50        0.160
 HD      -66.531       23.717       17.920     0.174    2.00        0.000
 HD      -65.866       25.203       18.466     0.174    2.00        0.000
  N      -67.384       26.782       17.808    -0.235    3.50        0.160
 HD      -68.032       27.376       17.332     0.174    2.00        0.000
 HD      -66.611       27.252       18.234     0.174    2.00        0.000
  C      -73.322       24.382       16.085     0.241    4.00        0.150
 OA      -73.570       23.731       15.088    -0.271    3.20        0.200
  N      -73.505       25.725       16.049    -0.346    3.50        0.160
 HD      -73.224       26.261       16.841     0.163    2.00        0.000
  C      -73.855       26.444       14.805     0.186    4.00        0.150
  C      -75.405       26.902       14.810     0.147    4.00        0.150
  C      -75.853       27.592       13.546     0.175    4.00        0.150
 OA      -77.090       27.663       13.425    -0.648    3.20        0.200
 OA      -75.057       28.047       12.672    -0.648    3.20        0.200
  C      -72.882       27.612       14.835     0.241    4.00        0.150
 OA      -73.014       28.549       15.654    -0.271    3.20        0.200
  N      -71.797       27.572       14.013    -0.346    3.50        0.160
 HD      -71.762       26.758       13.440     0.163    2.00        0.000
  C      -70.725       28.567       13.870     0.185    4.00        0.150
  C      -69.492       28.072       13.108     0.137    4.00        0.150
  C      -68.770       27.107       14.025     0.217    4.00        0.150
 OA      -68.823       27.187       15.262    -0.274    3.20        0.200
  N      -68.159       26.042       13.455    -0.370    3.50        0.160
 HD      -67.622       25.409       14.015     0.159    2.00        0.000
 HD      -68.170       25.941       12.461     0.159    2.00        0.000
  C      -71.183       29.946       13.373     0.241    4.00        0.150
 OA      -70.691       30.961       13.816    -0.271    3.20        0.200
  N      -72.140       29.996       12.427    -0.346    3.50        0.160
 HD      -72.436       29.098       12.111     0.163    2.00        0.000
  C      -72.689       31.206       11.754     0.172    4.00        0.150
  C      -73.587       30.842       10.533     0.042    4.00        0.150
  C      -73.581       31.919       12.711     0.240    4.00        0.150
 OA      -73.854       33.064       12.551    -0.271    3.20        0.200
  N      -74.060       31.239       13.727    -0.346    3.50        0.160
 HD      -73.874       30.259       13.747     0.163    2.00        0.000
  C      -74.963       31.776       14.753     0.176    4.00        0.150
  C      -76.283       31.018       14.567     0.035    4.00        0.150
  C      -76.959       31.013       13.125     0.004    4.00        0.150
  C      -78.415       30.560       13.154     0.027    4.00        0.150
  C      -79.063       30.037       11.848     0.229    4.00        0.150
  N      -78.162       28.927       11.392    -0.079    3.50        0.160
 HD      -77.516       29.233       10.637     0.274    2.00        0.000
 HD      -78.767       28.212       10.940     0.274    2.00        0.000
 HD      -77.663       28.568       12.231     0.274    2.00        0.000
  C      -74.377       31.791       16.143     0.241    4.00        0.150
 OA      -75.099       31.997       17.092    -0.271    3.20        0.200
  N      -73.029       31.617       16.259    -0.346    3.50        0.160
 HD      -72.477       31.548       15.431     0.163    2.00        0.000
  C      -72.331       31.581       17.506     0.185    4.00        0.150
  C      -71.854       32.965       17.911     0.137    4.00        0.150
  C      -70.921       33.617       16.869     0.217    4.00        0.150
 OA      -70.433       32.979       15.907    -0.274    3.20        0.200
  N      -70.624       34.896       17.119    -0.370    3.50        0.160
 HD      -69.771       35.176       16.680     0.159    2.00        0.000
 HD      -71.141       35.447       17.773     0.159    2.00        0.000
  C      -72.921       30.810       18.656     0.241    4.00        0.150
 OA      -72.714       31.133       19.827    -0.271    3.20        0.200
  N      -73.598       29.714       18.380    -0.344    3.50        0.160
 HD      -73.782       29.470       17.431     0.163    2.00        0.000
  C      -74.401       29.069       19.382     0.205    4.00        0.150
  C      -75.869       29.152       19.062     0.146    4.00        0.150
 OA      -76.425       30.489       19.091    -0.393    3.20        0.200
 HD      -76.005       31.052       18.436     0.210    2.00        0.000
  C      -76.767       28.380       20.158     0.042    4.00        0.150
  C      -74.077       27.650       19.496     0.243    4.00        0.150
 OA      -73.823       26.969       18.512    -0.271    3.20        0.200
  N      -74.003       27.099       20.684    -0.346    3.50        0.160
 HD      -74.039       27.738       21.449     0.163    2.00        0.000
  C      -73.711       25.715       21.019     0.177    4.00        0.150
  C      -72.549       25.670       22.056     0.038    4.00        0.150
  C      -71.997       24.304       22.573    -0.020    4.00        0.150
  C      -71.326       23.593       21.412     0.009    4.00        0.150
  C      -71.029       24.646       23.736     0.009    4.00        0.150
  C      -74.942       25.123       21.568     0.241    4.00        0.150
 OA      -75.670       25.694       22.403    -0.271    3.20        0.200
  N      -75.321       23.816       21.199    -0.346    3.50        0.160
 HD      -74.888       23.182       20.563     0.163    2.00        0.000
  C      -76.472       23.119       21.769     0.180    4.00        0.150
  C      -77.592       22.767       20.658     0.073    4.00        0.150
  A      -78.144       24.040       19.999    -0.056    4.00        0.150
  A      -77.685       24.375       18.674     0.010    4.00        0.150
  A      -78.421       25.354       17.960     0.037    4.00        0.150
  A      -79.377       26.123       18.553     0.065    4.00        0.150
 OA      -79.968       27.202       17.777    -0.361    3.20        0.200
 HD      -79.720       27.158       16.851     0.217    2.00        0.000
  A      -79.166       24.767       20.629     0.010    4.00        0.150
  A      -79.739       25.825       19.891     0.037    4.00        0.150
  C      -76.254       21.800       22.374     0.241    4.00        0.150
 OA      -75.595       20.958       21.782    -0.271    3.20        0.200
  N      -76.852       21.560       23.579    -0.346    3.50        0.160
 HD      -77.325       22.363       23.936     0.163    2.00        0.000
  C      -76.868       20.326       24.267     0.177    4.00        0.150
  C      -76.101       20.432       25.598     0.038    4.00        0.150
  C      -75.954       19.062       26.306    -0.020    4.00        0.150
  C      -74.864       18.181       25.700     0.009    4.00        0.150
  C      -75.452       19.215       27.744     0.009    4.00        0.150
  C      -78.228       19.829       24.401     0.241    4.00        0.150
 OA      -79.075       20.465       24.958    -0.271    3.20        0.200
  N      -78.493       18.617       23.824    -0.346    3.50        0.160
 HD      -77.748       18.062       23.462     0.163    2.00        0.000
  C      -79.730       17.902       23.919     0.177    4.00        0.150
  C      -80.075       17.421       22.525     0.044    4.00        0.150
  C      -81.458       16.745       22.187     0.105    4.00        0.150
  C      -82.629       17.428       22.710     0.215    4.00        0.150
 OA      -82.740       18.667       22.630    -0.274    3.20        0.200
  N      -83.584       16.744       23.380    -0.370    3.50        0.160
 HD      -83.410       15.781       23.583     0.159    2.00        0.000
 HD      -84.285       17.196       23.932     0.159    2.00        0.000
  C      -79.635       16.726       24.879     0.241    4.00        0.150
 OA      -78.632       15.996       24.921    -0.271    3.20        0.200
  N      -80.679       16.595       25.733    -0.346    3.50        0.160
 HD      -81.447       17.230       25.756     0.163    2.00        0.000
  C      -80.623       15.631       26.783     0.177    4.00        0.150
  C      -80.279       16.298       28.181     0.045    4.00        0.150
  C      -78.942       17.051       28.129     0.076    4.00        0.150
 SA      -78.214       17.305       29.726    -0.173    4.00        0.200
  C      -79.455       18.537       30.431     0.089    4.00        0.150
  C      -81.976       14.882       26.854     0.241    4.00        0.150
 OA      -83.057       15.370       26.580    -0.271    3.20        0.200
  N      -81.868       13.554       27.045    -0.346    3.50        0.160
 HD      -81.031       13.024       27.156     0.163    2.00        0.000
  C      -83.099       12.768       27.000     0.185    4.00        0.150
  C      -83.239       12.030       25.613     0.137    4.00        0.150
  C      -83.448       13.079       24.441     0.217    4.00        0.150
 OA      -82.517       13.341       23.717    -0.274    3.20        0.200
  N      -84.676       13.501       24.216    -0.370    3.50        0.160
 HD      -85.431       13.035       24.676     0.159    2.00        0.000
 HD      -84.949       13.990       23.388     0.159    2.00        0.000
  C      -83.119       11.727       28.084     0.241    4.00        0.150
 OA      -82.094       11.023       28.331    -0.271    3.20        0.200
  N      -84.214       11.649       28.914    -0.344    3.50        0.160
 HD      -84.865       12.403       28.859     0.163    2.00        0.000
  C      -84.281       10.702       30.016     0.200    4.00        0.150
  C      -84.116        9.193       29.696     0.199    4.00        0.150
 OA      -85.003        8.696       28.712    -0.398    3.20        0.200
 HD      -85.850        8.606       29.154     0.209    2.00        0.000
  C      -83.387       11.087       31.129     0.243    4.00        0.150
 OA      -82.472       10.330       31.526    -0.271    3.20        0.200
  N      -83.547       12.323       31.714    -0.346    3.50        0.160
 HD      -84.265       12.915       31.354     0.163    2.00        0.000
  C      -82.877       12.766       32.951     0.177    4.00        0.150
  C      -83.120       14.286       33.085     0.038    4.00        0.150
  C      -82.410       15.298       32.098    -0.020    4.00        0.150
  C      -80.884       15.096       32.049     0.009    4.00        0.150
  C      -82.984       15.179       30.682     0.009    4.00        0.150
  C      -83.354       12.038       34.232     0.241    4.00        0.150
 OA      -84.546       11.911       34.448    -0.271    3.20        0.200
  N      -82.372       11.554       35.009    -0.346    3.50        0.160
 HD      -81.411       11.811       34.937     0.163    2.00        0.000
  C      -82.591       10.688       36.180     0.176    4.00        0.150
  C      -82.069        9.224       35.973     0.035    4.00        0.150
  C      -83.075        8.345       35.139     0.004    4.00        0.150
  C      -84.395        8.068       35.895     0.027    4.00        0.150
  C      -85.206        6.926       35.280     0.229    4.00        0.150
  N      -84.588        5.660       35.415    -0.079    3.50        0.160
 HD      -83.904        5.746       36.194     0.274    2.00        0.000
 HD      -84.092        5.451       34.525     0.274    2.00        0.000
 HD      -85.291        4.935       35.660     0.274    2.00        0.000
  C      -82.016       11.346       37.385     0.243    4.00        0.150
 OA      -81.057       12.106       37.263    -0.271    3.20        0.200
  N      -82.459       11.128       38.618    -0.337    3.50        0.160
  C      -83.461       10.071       38.923     0.127    4.00        0.150
  C      -81.867       11.587       39.863     0.179    4.00        0.150
  C      -82.055       10.436       40.842     0.037    4.00        0.150
  C      -83.425        9.877       40.452     0.022    4.00        0.150
  C      -80.537       12.248       39.971     0.241    4.00        0.150
 OA      -80.386       13.386       40.389    -0.271    3.20        0.200
  N      -79.470       11.604       39.529    -0.346    3.50        0.160
 HD      -79.549       10.875       38.853     0.163    2.00        0.000
  C      -78.141       12.053       39.732     0.177    4.00        0.150
  C      -77.157       10.919       39.955     0.045    4.00        0.150
  C      -77.492       10.098       41.215     0.116    4.00        0.150
  C      -76.734        8.814       41.265     0.172    4.00        0.150
 OA      -75.749        8.737       42.000    -0.648    3.20        0.200
 OA      -77.145        7.758       40.683    -0.648    3.20        0.200
  C      -77.643       12.957       38.491     0.241    4.00        0.150
 OA      -76.500       13.391       38.433    -0.271    3.20        0.200
  N      -78.523       13.360       37.629    -0.346    3.50        0.160
 HD      -79.471       13.051       37.627     0.163    2.00        0.000
  C      -78.281       14.422       36.617     0.186    4.00        0.150
  C      -79.138       14.126       35.326     0.147    4.00        0.150
  C      -78.674       12.849       34.572     0.175    4.00        0.150
 OA      -77.495       12.707       34.101    -0.648    3.20        0.200
 OA      -79.568       11.929       34.498    -0.648    3.20        0.200
  C      -78.600       15.840       37.202     0.241    4.00        0.150
 OA      -78.183       16.838       36.551    -0.271    3.20        0.200
  N      -79.212       15.927       38.355    -0.344    3.50        0.160
 HD      -79.498       15.100       38.832     0.163    2.00        0.000
  C      -79.549       17.185       39.025     0.205    4.00        0.150
  C      -80.271       16.886       40.365     0.146    4.00        0.150
 OA      -81.612       16.387       40.085    -0.393    3.20        0.200
 HD      -81.898       15.866       40.839     0.210    2.00        0.000
  C      -80.556       18.094       41.280     0.042    4.00        0.150
  C      -78.335       18.060       39.411     0.243    4.00        0.150
 OA      -77.417       17.611       40.105    -0.271    3.20        0.200
  N      -78.239       19.295       38.955    -0.346    3.50        0.160
 HD      -79.021       19.603       38.419     0.163    2.00        0.000
  C      -76.969       20.019       38.869     0.172    4.00        0.150
  C      -75.808       19.289       38.046     0.042    4.00        0.150
  C      -77.133       21.392       38.334     0.240    4.00        0.150
 OA      -78.137       21.665       37.689    -0.271    3.20        0.200
  N      -76.110       22.270       38.529    -0.346    3.50        0.160
 HD      -75.371       21.973       39.131     0.163    2.00        0.000
  C      -75.943       23.388       37.627     0.180    4.00        0.150
  C      -75.392       24.604       38.418     0.009    4.00        0.150
  C      -74.192       24.185       39.284     0.012    4.00        0.150
  C      -74.967       25.793       37.553     0.012    4.00        0.150
  C      -75.013       22.994       36.454     0.241    4.00        0.150
 OA      -74.058       22.268       36.622    -0.271    3.20        0.200
  N      -75.295       23.457       35.233    -0.346    3.50        0.160
 HD      -76.156       23.958       35.197     0.163    2.00        0.000
  C      -74.581       23.098       34.031     0.180    4.00        0.150
  C      -75.463       22.357       33.012     0.073    4.00        0.150
  A      -75.886       20.962       33.349    -0.056    4.00        0.150
  A      -76.777       20.712       34.471     0.010    4.00        0.150
  A      -77.171       19.372       34.647     0.037    4.00        0.150
  A      -76.802       18.371       33.754     0.065    4.00        0.150
 OA      -77.341       17.072       34.073    -0.361    3.20        0.200
 HD      -77.861       17.147       34.877     0.217    2.00        0.000
  A      -75.584       19.902       32.394     0.010    4.00        0.150
  A      -76.050       18.587       32.644     0.037    4.00        0.150
  C      -74.192       24.358       33.425     0.241    4.00        0.150
 OA      -74.986       25.256       33.195    -0.271    3.20        0.200
  N      -72.812       24.436       33.335    -0.346    3.50        0.160
 HD      -72.266       23.615       33.479     0.163    2.00        0.000
  C      -72.172       25.650       32.690     0.180    4.00        0.150
  C      -70.889       26.171       33.411     0.073    4.00        0.150
  A      -71.027       26.405       34.881    -0.056    4.00        0.150
  A      -71.429       27.743       35.205     0.010    4.00        0.150
  A      -71.611       28.129       36.495     0.037    4.00        0.150
  A      -71.462       27.285       37.586     0.065    4.00        0.150
 OA      -71.658       27.737       38.898    -0.361    3.20        0.200
 HD      -71.636       27.009       39.524     0.217    2.00        0.000
  A      -70.981       25.457       35.942     0.010    4.00        0.150
  A      -71.151       25.930       37.289     0.037    4.00        0.150
  C      -71.662       25.226       31.350     0.241    4.00        0.150
 OA      -71.463       24.036       31.086    -0.271    3.20        0.200
  N      -71.391       26.094       30.396    -0.345    3.50        0.160
 HD      -71.710       27.024       30.564     0.163    2.00        0.000
  C      -70.529       25.916       29.217     0.185    4.00        0.150
  C      -71.241       26.638       28.075     0.105    4.00        0.150
 SA      -70.328       26.673       26.493    -0.180    4.00        0.200
 HD      -70.289       25.349       26.451     0.101    2.00        0.000
  C      -69.157       26.469       29.625     0.241    4.00        0.150
 OA      -69.013       27.454       30.351    -0.271    3.20        0.200
  N      -68.145       25.796       29.115    -0.346    3.50        0.160
 HD      -68.282       25.015       28.511     0.163    2.00        0.000
  C      -66.755       26.171       29.246     0.172    4.00        0.150
  C      -65.903       25.136       30.042     0.042    4.00        0.150
  C      -66.093       26.194       27.861     0.240    4.00        0.150
 OA      -66.387       25.372       26.986    -0.271    3.20        0.200
  N      -65.208       27.175       27.624    -0.346    3.50        0.160
 HD      -65.197       28.019       28.154     0.163    2.00        0.000
  C      -64.458       27.341       26.396     0.176    4.00        0.150
  C      -64.240       28.799       26.012     0.036    4.00        0.150
  C      -63.928       29.110       24.502     0.023    4.00        0.150
  C      -63.688       30.623       24.260     0.138    4.00        0.150
  N      -62.314       30.939       24.863    -0.227    3.50        0.160
 HD      -61.730       30.155       25.072     0.177    2.00        0.000
  C      -61.790       32.129       24.714     0.665    4.00        0.150
  N      -62.401       33.137       24.218    -0.235    3.50        0.160
 HD      -63.215       33.091       23.640     0.174    2.00        0.000
 HD      -61.765       33.898       24.088     0.174    2.00        0.000
  N      -60.517       32.279       24.976    -0.235    3.50        0.160
 HD      -60.003       31.584       25.478     0.174    2.00        0.000
 HD      -60.090       33.133       24.682     0.174    2.00        0.000
  C      -63.071       26.720       26.656     0.241    4.00        0.150
 OA      -62.450       26.732       27.747    -0.271    3.20        0.200
  N      -62.383       26.306       25.517    -0.345    3.50        0.160
 HD      -62.832       26.036       24.669     0.163    2.00        0.000
  C      -60.933       26.198       25.473     0.185    4.00        0.150
  C      -60.467       25.568       24.136     0.105    4.00        0.150
 SA      -60.360       23.745       24.232    -0.180    4.00        0.200
 HD      -59.383       23.565       25.109     0.101    2.00        0.000
  C      -60.207       27.498       25.643     0.244    4.00        0.150
 OA      -60.768       28.574       25.360    -0.271    3.20        0.200
  N      -58.899       27.532       26.141    -0.337    3.50        0.160
  C      -58.099       26.414       26.559     0.127    4.00        0.150
  C      -58.258       28.774       26.473     0.179    4.00        0.150
  C      -56.989       28.460       27.238     0.037    4.00        0.150
  C      -56.697       26.994       26.792     0.022    4.00        0.150
  C      -57.949       29.673       25.253     0.241    4.00        0.150
 OA      -58.116       30.877       25.350    -0.271    3.20        0.200
  N      -57.309       29.080       24.205    -0.346    3.50        0.160
 HD      -57.113       28.107       24.300     0.163    2.00        0.000
  C      -56.807       29.830       23.060     0.172    4.00        0.150
  C      -55.303       29.792       23.210     0.042    4.00        0.150
  C      -57.254       29.234       21.673     0.243    4.00        0.150
 OA      -57.806       28.120       21.657    -0.271    3.20        0.200
  N      -57.215       29.911       20.540    -0.337    3.50        0.160
  C      -57.090       31.298       20.386     0.127    4.00        0.150
  C      -57.639       29.248       19.343     0.179    4.00        0.150
  C      -57.221       30.275       18.306     0.037    4.00        0.150
  C      -57.651       31.569       19.012     0.022    4.00        0.150
  C      -56.917       27.945       18.967     0.241    4.00        0.150
 OA      -55.681       27.888       19.085    -0.271    3.20        0.200
  N      -57.622       26.956       18.504    -0.346    3.50        0.160
 HD      -58.585       27.133       18.314     0.163    2.00        0.000
  C      -57.133       25.716       17.977     0.180    4.00        0.150
  C      -56.471       26.029       16.641     0.073    4.00        0.150
  A      -57.387       26.757       15.731    -0.056    4.00        0.150
  A      -58.425       26.038       15.228     0.007    4.00        0.150
  A      -59.295       26.670       14.316     0.001    4.00        0.150
  A      -59.024       27.966       13.788     0.000    4.00        0.150
  A      -57.106       28.100       15.274     0.007    4.00        0.150
  A      -57.940       28.633       14.353     0.001    4.00        0.150
  C      -56.154       24.884       18.884     0.241    4.00        0.150
 OA      -55.083       24.374       18.475    -0.271    3.20        0.200
  N      -56.378       24.943       20.217    -0.344    3.50        0.160
 HD      -57.093       25.517       20.610     0.163    2.00        0.000
  C      -55.564       24.161       21.164     0.205    4.00        0.150
  C      -55.468       24.630       22.638     0.146    4.00        0.150
 OA      -56.685       24.466       23.379    -0.393    3.20        0.200
 HD      -56.642       23.545       23.643     0.210    2.00        0.000
  C      -55.122       26.060       22.571     0.042    4.00        0.150
  C      -55.881       22.679       21.201     0.243    4.00        0.150
 OA      -56.996       22.182       21.519    -0.271    3.20        0.200
  N      -54.790       21.836       20.928    -0.346    3.50        0.160
 HD      -53.935       22.321       20.761     0.163    2.00        0.000
  C      -54.847       20.343       20.892     0.176    4.00        0.150
  C      -53.577       19.804       20.073     0.036    4.00        0.150
  C      -53.510       20.089       18.528     0.023    4.00        0.150
  C      -53.491       21.541       18.111     0.138    4.00        0.150
  N      -53.382       21.526       16.594    -0.227    3.50        0.160
 HD      -53.564       20.667       16.114     0.177    2.00        0.000
  C      -53.007       22.598       15.859     0.665    4.00        0.150
  N      -52.892       23.777       16.380    -0.235    3.50        0.160
 HD      -53.458       23.963       17.184     0.174    2.00        0.000
 HD      -52.775       24.561       15.770     0.174    2.00        0.000
  N      -52.568       22.268       14.661    -0.235    3.50        0.160
 HD      -52.684       21.299       14.443     0.174    2.00        0.000
 HD      -52.260       22.914       13.961     0.174    2.00        0.000
  C      -54.956       19.706       22.293     0.241    4.00        0.150
 OA      -55.541       18.638       22.465    -0.271    3.20        0.200
  N      -54.434       20.356       23.331    -0.346    3.50        0.160
 HD      -53.868       21.125       23.044     0.163    2.00        0.000
  C      -54.854       20.168       24.667     0.186    4.00        0.150
  C      -53.696       20.460       25.622     0.147    4.00        0.150
  C      -53.010       21.782       25.471     0.175    4.00        0.150
 OA      -53.563       22.745       24.839    -0.648    3.20        0.200
 OA      -51.848       21.969       26.008    -0.648    3.20        0.200
  C      -56.119       20.916       24.985     0.241    4.00        0.150
 OA      -56.721       21.555       24.114    -0.271    3.20        0.200
  N      -56.598       20.789       26.239    -0.345    3.50        0.160
 HD      -56.212       20.075       26.819     0.163    2.00        0.000
  C      -57.793       21.478       26.742     0.185    4.00        0.150
  C      -59.081       20.769       26.255     0.105    4.00        0.150
 SA      -60.595       21.511       26.832    -0.180    4.00        0.200
 HD      -60.918       20.335       27.350     0.101    2.00        0.000
  C      -57.637       21.540       28.289     0.241    4.00        0.150
 OA      -58.309       20.795       29.089    -0.271    3.20        0.200
  N      -56.690       22.430       28.643    -0.346    3.50        0.160
 HD      -56.181       22.925       27.943     0.163    2.00        0.000
  C      -56.548       22.764       30.073     0.180    4.00        0.150
  C      -55.140       23.358       30.417     0.073    4.00        0.150
  A      -54.028       22.421       30.479    -0.056    4.00        0.150
  A      -53.983       21.409       31.489     0.007    4.00        0.150
  A      -52.940       20.448       31.497     0.001    4.00        0.150
  A      -51.901       20.523       30.575     0.000    4.00        0.150
  A      -52.929       22.457       29.631     0.007    4.00        0.150
  A      -51.937       21.504       29.521     0.001    4.00        0.150
  C      -57.726       23.571       30.587     0.241    4.00        0.150
 OA      -58.349       24.255       29.829    -0.271    3.20        0.200
  N      -57.808       23.385       31.940    -0.345    3.50        0.160
 HD      -57.109       22.815       32.366     0.163    2.00        0.000
  C      -58.375       24.363       32.828     0.186    4.00        0.150
  C      -57.678       25.826       32.726     0.147    4.00        0.150
  C      -56.225       25.915       33.125     0.175    4.00        0.150
 OA      -55.709       24.984       33.791    -0.648    3.20        0.200
 OA      -55.502       26.876       32.755    -0.648    3.20        0.200
  C      -59.883       24.524       32.856     0.241    4.00        0.150
 OA      -60.434       25.192       33.711    -0.271    3.20        0.200
  N      -60.537       23.709       31.999    -0.346    3.50        0.160
 HD      -59.984       23.262       31.300     0.163    2.00        0.000
  C      -61.958       23.789       31.751     0.180    4.00        0.150
  C      -62.369       23.046       30.484     0.009    4.00        0.150
  C      -61.503       23.616       29.357     0.012    4.00        0.150
  C      -62.218       21.521       30.621     0.012    4.00        0.150
  C      -63.011       23.557       32.906     0.241    4.00        0.150
 OA      -64.131       24.066       32.939    -0.271    3.20        0.200
  N      -62.573       22.790       33.944    -0.344    3.50        0.160
 HD      -61.630       22.468       33.916     0.163    2.00        0.000
  C      -63.328       22.461       35.166     0.205    4.00        0.150
  C      -63.404       21.039       35.476     0.146    4.00        0.150
 OA      -62.140       20.448       35.497    -0.393    3.20        0.200
 HD      -62.157       19.631       36.003     0.210    2.00        0.000
  C      -64.177       20.391       34.307     0.042    4.00        0.150
  C      -62.826       23.291       36.359     0.243    4.00        0.150
 OA      -63.237       23.070       37.525    -0.271    3.20        0.200
  N      -61.866       24.299       36.221    -0.344    3.50        0.160
 HD      -61.715       24.573       35.274     0.163    2.00        0.000
  C      -61.334       25.109       37.301     0.200    4.00        0.150
  C      -60.216       26.060       36.837     0.199    4.00        0.150
 OA      -59.798       26.812       37.958    -0.398    3.20        0.200
 HD      -59.730       26.175       38.674     0.209    2.00        0.000
  C      -62.495       25.892       37.852     0.243    4.00        0.150
 OA      -63.368       26.225       37.109    -0.271    3.20        0.200
  N      -62.573       26.163       39.138    -0.344    3.50        0.160
 HD      -61.798       25.927       39.720     0.163    2.00        0.000
  C      -63.659       26.963       39.814     0.205    4.00        0.150
  C      -63.499       26.967       41.338     0.146    4.00        0.150
 OA      -63.891       25.629       41.690    -0.393    3.20        0.200
 HD      -63.085       25.125       41.558     0.210    2.00        0.000
  C      -64.523       27.760       42.117     0.042    4.00        0.150
  C      -63.770       28.418       39.491     0.243    4.00        0.150
 OA      -64.890       28.890       39.374    -0.271    3.20        0.200
  N      -62.665       29.233       39.364    -0.344    3.50        0.160
 HD      -61.769       28.805       39.449     0.163    2.00        0.000
  C      -62.824       30.704       39.126     0.205    4.00        0.150
  C      -61.939       31.486       40.032     0.146    4.00        0.150
 OA      -60.616       31.125       39.910    -0.393    3.20        0.200
 HD      -60.435       30.242       40.241     0.210    2.00        0.000
  C      -62.308       31.056       41.425     0.042    4.00        0.150
  C      -62.588       30.984       37.680     0.243    4.00        0.150
 OA      -62.426       32.199       37.342    -0.271    3.20        0.200
  N      -62.628       29.972       36.733    -0.346    3.50        0.160
 HD      -62.700       29.058       37.127     0.163    2.00        0.000
  C      -62.485       30.021       35.292     0.180    4.00        0.150
  C      -62.799       28.581       34.813     0.073    4.00        0.150
  A      -62.335       28.399       33.388    -0.056    4.00        0.150
  A      -61.115       28.825       33.024     0.010    4.00        0.150
  A      -60.573       28.652       31.742     0.037    4.00        0.150
  A      -61.363       27.951       30.751     0.065    4.00        0.150
 OA      -60.862       27.887       29.423    -0.361    3.20        0.200
 HD      -61.549       27.368       28.998     0.217    2.00        0.000
  A      -63.105       27.688       32.426     0.010    4.00        0.150
  A      -62.610       27.454       31.144     0.037    4.00        0.150
  C      -63.144       31.173       34.558     0.241    4.00        0.150
 OA      -64.384       31.267       34.405    -0.271    3.20        0.200
  N      -62.296       32.072       33.973    -0.346    3.50        0.160
 HD      -61.308       32.118       34.105     0.163    2.00        0.000
  C      -62.865       33.220       33.278     0.172    4.00        0.150
  C      -61.840       34.286       32.899     0.042    4.00        0.150
  C      -63.627       32.820       32.038     0.240    4.00        0.150
 OA      -64.630       33.518       31.724    -0.271    3.20        0.200
  N      -63.308       31.713       31.384    -0.346    3.50        0.160
 HD      -62.447       31.276       31.633     0.163    2.00        0.000
  C      -63.908       31.342       30.104     0.180    4.00        0.150
  C      -62.779       30.813       29.133     0.073    4.00        0.150
  A      -61.655       31.862       29.035    -0.056    4.00        0.150
  A      -60.272       31.466       28.998     0.010    4.00        0.150
  A      -59.175       32.379       28.982     0.037    4.00        0.150
  A      -59.429       33.708       28.693     0.065    4.00        0.150
 OA      -58.359       34.561       28.493    -0.361    3.20        0.200
 HD      -57.565       34.045       28.650     0.217    2.00        0.000
  A      -61.863       33.228       28.699     0.010    4.00        0.150
  A      -60.770       34.171       28.539     0.037    4.00        0.150
  C      -65.019       30.306       30.294     0.241    4.00        0.150
 OA      -65.256       29.427       29.502    -0.271    3.20        0.200
  N      -65.797       30.408       31.405    -0.346    3.50        0.160
 HD      -65.531       31.022       32.145     0.163    2.00        0.000
  C      -67.071       29.638       31.611     0.176    4.00        0.150
  C      -67.073       28.693       32.879     0.036    4.00        0.150
  C      -67.380       29.321       34.262     0.022    4.00        0.150
  C      -67.232       28.328       35.366     0.122    4.00        0.150
  N      -67.754       29.118       36.484    -0.367    3.50        0.160
 HD      -68.268       29.946       36.261     0.162    2.00        0.000
  C      -67.973       28.582       37.685     0.143    4.00        0.150
 NA      -67.578       27.357       37.872    -0.274    3.50        0.160
 HD      -66.693       27.155       37.451     0.127    2.00        0.000
 HD      -67.705       27.115       38.834     0.127    2.00        0.000
  N      -68.654       29.328       38.529    -0.376    3.50        0.160
 HD      -69.040       30.195       38.216     0.158    2.00        0.000
 HD      -68.938       28.977       39.421     0.158    2.00        0.000
  C      -68.198       30.694       31.730     0.240    4.00        0.150
 OA      -67.914       31.886       32.008    -0.271    3.20        0.200
  N      -69.427       30.267       31.515    -0.351    3.50        0.160
 HD      -69.547       29.285       31.401     0.163    2.00        0.000
  C      -70.637       31.080       31.628     0.225    4.00        0.150
  C      -71.156       31.404       33.017     0.236    4.00        0.150
 OA      -70.397       31.504       34.002    -0.272    3.20        0.200
  N      -72.479       31.689       33.095    -0.346    3.50        0.160
 HD      -73.003       31.672       32.246     0.163    2.00        0.000
  C      -73.178       31.914       34.365     0.177    4.00        0.150
  C      -74.137       33.146       34.230     0.044    4.00        0.150
  C      -73.504       34.480       33.871     0.105    4.00        0.150
  C      -72.099       34.846       34.408     0.215    4.00        0.150
 OA      -71.082       35.039       33.694    -0.274    3.20        0.200
  N      -71.912       34.904       35.737    -0.370    3.50        0.160
 HD      -70.996       35.081       36.097     0.159    2.00        0.000
 HD      -72.612       34.637       36.399     0.159    2.00        0.000
  C      -73.978       30.713       34.896     0.240    4.00        0.150
 OA      -74.616       30.702       35.986    -0.271    3.20        0.200
  N      -73.944       29.650       34.207    -0.351    3.50        0.160
 HD      -73.601       29.816       33.285     0.163    2.00        0.000
  C      -74.643       28.372       34.525     0.225    4.00        0.150
  C      -76.141       28.406       34.325     0.236    4.00        0.150
 OA      -76.824       29.459       34.390    -0.272    3.20        0.200
  N      -76.741       27.228       34.198    -0.344    3.50        0.160
 HD      -76.185       26.401       34.211     0.163    2.00        0.000
  C      -78.197       27.018       34.307     0.205    4.00        0.150
  C      -78.866       27.110       32.941     0.146    4.00        0.150
 OA      -80.237       27.158       33.063    -0.393    3.20        0.200
 HD      -80.417       28.093       33.192     0.210    2.00        0.000
  C      -78.506       25.947       31.925     0.042    4.00        0.150
  C      -78.505       25.678       35.055     0.243    4.00        0.150
 OA      -77.595       24.866       35.213    -0.271    3.20        0.200
  N      -79.723       25.444       35.521    -0.346    3.50        0.160
 HD      -80.377       26.176       35.343     0.163    2.00        0.000
  C      -80.129       24.402       36.415     0.177    4.00        0.150
  C      -80.566       25.064       37.783     0.044    4.00        0.150
  C      -79.400       25.631       38.577     0.105    4.00        0.150
  C      -79.810       26.229       39.855     0.215    4.00        0.150
 OA      -79.396       25.799       40.924    -0.274    3.20        0.200
  N      -80.474       27.417       39.763    -0.370    3.50        0.160
 HD      -80.725       27.890       40.607     0.159    2.00        0.000
 HD      -80.883       27.726       38.904     0.159    2.00        0.000
  C      -81.112       23.465       35.859     0.241    4.00        0.150
 OA      -82.144       23.830       35.320    -0.271    3.20        0.200
  N      -80.725       22.206       36.035    -0.346    3.50        0.160
 HD      -79.891       21.916       36.499     0.163    2.00        0.000
  C      -81.613       21.036       35.679     0.180    4.00        0.150
  C      -81.078       20.179       34.577     0.009    4.00        0.150
  C      -81.757       18.783       34.501     0.012    4.00        0.150
  C      -81.256       20.921       33.259     0.012    4.00        0.150
  C      -81.828       20.302       36.991     0.241    4.00        0.150
 OA      -80.904       19.873       37.662    -0.271    3.20        0.200
  N      -83.130       20.238       37.417    -0.344    3.50        0.160
 HD      -83.863       20.700       36.924     0.163    2.00        0.000
  C      -83.526       19.723       38.745     0.205    4.00        0.150
  C      -84.084       20.724       39.729     0.146    4.00        0.150
 OA      -83.125       21.693       39.904    -0.393    3.20        0.200
 HD      -83.304       22.446       39.336     0.210    2.00        0.000
  C      -84.378       20.066       41.059     0.042    4.00        0.150
  C      -84.578       18.653       38.436     0.243    4.00        0.150
 OA      -85.736       19.017       38.048    -0.271    3.20        0.200
  N      -84.183       17.386       38.689    -0.344    3.50        0.160
 HD      -83.280       17.181       39.057     0.163    2.00        0.000
  C      -85.047       16.250       38.806     0.189    4.00        0.150
  C      -84.379       14.867       38.553     0.010    4.00        0.150
  C      -85.431       13.878       38.071     0.012    4.00        0.150
  C      -83.361       14.952       37.440     0.012    4.00        0.150
  C      -85.726       16.242       40.191     0.197    4.00        0.150
 OA      -86.999       16.215       40.277    -0.646    3.20        0.200
 OA      -84.953       16.296       41.229    -0.646    3.20        0.200
  N        4.016       32.779       33.210    -0.066    3.50        0.160
 HD        3.344       33.091       32.481     0.275    2.00        0.000
 HD        4.073       31.742       33.264     0.275    2.00        0.000
 HD        4.939       33.171       32.936     0.275    2.00        0.000
  C        3.729       33.132       34.645     0.283    4.00        0.150
  C        4.684       34.205       35.197     0.145    4.00        0.150
  C        5.998       33.594       35.526     0.217    4.00        0.150
 OA        6.066       32.498       36.028    -0.274    3.20        0.200
  N        7.117       34.335       35.196    -0.370    3.50        0.160
 HD        8.003       34.013       35.530     0.159    2.00        0.000
 HD        6.900       35.003       34.485     0.159    2.00        0.000
  C        2.248       33.505       34.815     0.249    4.00        0.150
 OA        1.304       32.665       34.708    -0.271    3.20        0.200
  N        2.034       34.810       35.133    -0.346    3.50        0.160
 HD        2.774       35.431       35.378     0.163    2.00        0.000
  C        0.688       35.347       35.481     0.177    4.00        0.150
  C        0.813       36.945       35.524     0.045    4.00        0.150
  C        1.441       37.397       36.838     0.116    4.00        0.150
  C        0.376       37.639       37.887     0.172    4.00        0.150
 OA        0.127       38.836       38.255    -0.648    3.20        0.200
 OA       -0.191       36.699       38.502    -0.648    3.20        0.200
  C       -0.450       35.111       34.496     0.241    4.00        0.150
 OA       -1.517       34.630       34.876    -0.271    3.20        0.200
  N       -0.257       35.426       33.211    -0.346    3.50        0.160
 HD        0.484       36.047       32.963     0.163    2.00        0.000
  C       -1.258       35.284       32.112     0.177    4.00        0.150
  C       -0.782       35.942       30.859     0.045    4.00        0.150
  C       -0.297       37.460       30.825     0.116    4.00        0.150
  C        1.151       37.755       31.337     0.172    4.00        0.150
 OA        1.766       36.854       31.952    -0.648    3.20        0.200
 OA        1.579       38.927       31.271    -0.648    3.20        0.200
  C       -1.478       33.823       31.886     0.241    4.00        0.150
 OA       -2.609       33.308       31.750    -0.271    3.20        0.200
  N       -0.409       33.005       31.907    -0.346    3.50        0.160
 HD        0.478       33.458       31.883     0.163    2.00        0.000
  C       -0.449       31.602       31.804     0.176    4.00        0.150
  C        0.950       30.964       31.602     0.035    4.00        0.150
  C        0.910       29.415       31.489     0.004    4.00        0.150
  C        0.340       28.943       30.166     0.027    4.00        0.150
  C        0.231       27.454       29.926     0.229    4.00        0.150
  N        1.480       26.873       29.566    -0.079    3.50        0.160
 HD        1.542       26.150       28.821     0.274    2.00        0.000
 HD        1.677       26.392       30.467     0.274    2.00        0.000
 HD        2.148       27.647       29.375     0.274    2.00        0.000
  C       -1.249       30.790       32.757     0.241    4.00        0.150
 OA       -1.909       29.879       32.361    -0.271    3.20        0.200
  N       -1.326       31.162       34.049    -0.346    3.50        0.160
 HD       -0.709       31.895       34.328     0.163    2.00        0.000
  C       -2.228       30.701       35.045     0.172    4.00        0.150
  C       -1.979       31.269       36.444     0.042    4.00        0.150
  C       -3.688       30.846       34.693     0.240    4.00        0.150
 OA       -4.373       29.824       34.711    -0.271    3.20        0.200
  N       -4.200       32.050       34.323    -0.346    3.50        0.160
 HD       -3.539       32.790       34.228     0.163    2.00        0.000
  C       -5.504       32.235       33.733     0.177    4.00        0.150
  C       -5.792       33.688       33.580     0.044    4.00        0.150
  C       -7.269       34.159       33.352     0.105    4.00        0.150
  C       -8.150       33.752       34.543     0.215    4.00        0.150
 OA       -8.127       34.453       35.574    -0.274    3.20        0.200
  N       -8.992       32.699       34.412    -0.370    3.50        0.160
 HD       -9.419       32.435       35.277     0.159    2.00        0.000
 HD       -9.247       32.431       33.483     0.159    2.00        0.000
  C       -5.789       31.422       32.485     0.241    4.00        0.150
 OA       -6.846       30.789       32.355    -0.271    3.20        0.200
  N       -4.853       31.236       31.584    -0.346    3.50        0.160
 HD       -3.958       31.668       31.664     0.163    2.00        0.000
  C       -5.051       30.435       30.410     0.176    4.00        0.150
  C       -3.929       30.694       29.458     0.036    4.00        0.150
  C       -3.749       32.148       29.020     0.023    4.00        0.150
  C       -2.528       32.509       28.202     0.138    4.00        0.150
  N       -2.562       33.987       27.950    -0.227    3.50        0.160
 HD       -3.407       34.519       28.005     0.177    2.00        0.000
  C       -1.546       34.692       27.618     0.665    4.00        0.150
  N       -0.355       34.154       27.269    -0.235    3.50        0.160
 HD       -0.256       33.160       27.242     0.174    2.00        0.000
 HD        0.309       34.786       26.869     0.174    2.00        0.000
  N       -1.773       36.002       27.417    -0.235    3.50        0.160
 HD       -2.677       36.385       27.603     0.174    2.00        0.000
 HD       -1.085       36.639       27.071     0.174    2.00        0.000
  C       -5.036       28.949       30.758     0.241    4.00        0.150
 OA       -5.825       28.154       30.243    -0.271    3.20        0.200
  N       -4.096       28.393       31.622    -0.346    3.50        0.160
 HD       -3.322       28.890       32.008     0.163    2.00        0.000
  C       -4.359       27.063       32.209     0.177    4.00        0.150
  C       -3.179       26.840       33.122     0.045    4.00        0.150
  C       -3.366       25.641       34.168     0.116    4.00        0.150
  C       -2.083       25.388       35.104     0.172    4.00        0.150
 OA       -1.398       24.416       34.787    -0.648    3.20        0.200
 OA       -1.825       26.059       36.153    -0.648    3.20        0.200
  C       -5.705       26.967       32.947     0.241    4.00        0.150
 OA       -6.410       26.068       32.737    -0.271    3.20        0.200
  N       -6.097       27.895       33.835    -0.346    3.50        0.160
 HD       -5.504       28.674       34.031     0.163    2.00        0.000
  C       -7.233       27.876       34.765     0.172    4.00        0.150
  C       -7.263       29.190       35.626     0.042    4.00        0.150
  C       -8.537       27.806       33.981     0.240    4.00        0.150
 OA       -9.407       26.955       34.200    -0.271    3.20        0.200
  N       -8.611       28.618       32.862    -0.346    3.50        0.160
 HD       -7.898       29.312       32.796     0.163    2.00        0.000
  C       -9.799       28.574       32.014     0.185    4.00        0.150
  C       -9.681       29.522       30.731     0.137    4.00        0.150
  C       -9.804       30.944       31.224     0.217    4.00        0.150
 OA      -10.326       31.250       32.295    -0.274    3.20        0.200
  N       -9.264       31.871       30.405    -0.370    3.50        0.160
 HD       -9.510       32.792       30.707     0.159    2.00        0.000
 HD       -8.614       31.463       29.764     0.159    2.00        0.000
  C      -10.123       27.161       31.506     0.241    4.00        0.150
 OA      -11.280       26.734       31.322    -0.271    3.20        0.200
  N       -9.115       26.312       31.244    -0.346    3.50        0.160
 HD       -8.177       26.551       31.484     0.163    2.00        0.000
  C       -9.240       24.957       30.866     0.176    4.00        0.150
  C       -8.086       24.498       30.001     0.035    4.00        0.150
  C       -8.388       24.937       28.544     0.004    4.00        0.150
  C       -9.414       24.003       27.840     0.027    4.00        0.150
  C       -9.392       24.064       26.348     0.229    4.00        0.150
  N      -10.178       25.230       25.878    -0.079    3.50        0.160
 HD      -10.252       24.999       24.867     0.274    2.00        0.000
 HD       -9.652       26.122       25.977     0.274    2.00        0.000
 HD      -11.102       25.381       26.333     0.274    2.00        0.000
  C       -9.633       23.945       31.886     0.241    4.00        0.150
 OA      -10.218       22.912       31.473    -0.271    3.20        0.200
  N       -9.352       24.223       33.219    -0.346    3.50        0.160
 HD       -8.632       24.865       33.472     0.163    2.00        0.000
  C       -9.920       23.489       34.316     0.176    4.00        0.150
  C       -9.174       23.786       35.638     0.035    4.00        0.150
  C       -8.088       22.720       36.029     0.004    4.00        0.150
  C       -8.605       21.528       36.761     0.027    4.00        0.150
  C       -7.669       20.338       37.068     0.229    4.00        0.150
  N       -6.759       20.490       38.307    -0.079    3.50        0.160
 HD       -7.369       20.619       39.139     0.274    2.00        0.000
 HD       -6.116       21.284       38.113     0.274    2.00        0.000
 HD       -6.253       19.604       38.509     0.274    2.00        0.000
  C      -11.426       23.749       34.575     0.241    4.00        0.150
 OA      -12.178       22.823       34.864    -0.271    3.20        0.200
  N      -11.783       24.993       34.458    -0.346    3.50        0.160
 HD      -11.065       25.659       34.273     0.163    2.00        0.000
  C      -13.220       25.468       34.574     0.180    4.00        0.150
  C      -13.286       27.015       34.698     0.013    4.00        0.150
  C      -14.679       27.510       34.718     0.012    4.00        0.150
  C      -12.486       27.606       35.946     0.002    4.00        0.150
  C      -12.478       29.136       36.202     0.005    4.00        0.150
  C      -14.074       24.879       33.437     0.241    4.00        0.150
 OA      -15.251       24.559       33.625    -0.271    3.20        0.200
  N      -13.500       24.822       32.182    -0.346    3.50        0.160
 HD      -12.630       25.257       31.965     0.163    2.00        0.000
  C      -14.089       24.248       31.041     0.177    4.00        0.150
  C      -13.213       24.485       29.778     0.045    4.00        0.150
  C      -13.803       23.887       28.406     0.116    4.00        0.150
  C      -13.209       24.426       27.109     0.172    4.00        0.150
 OA      -13.397       23.696       26.085    -0.648    3.20        0.200
 OA      -12.590       25.494       27.190    -0.648    3.20        0.200
  C      -14.418       22.762       31.256     0.241    4.00        0.150
 OA      -15.525       22.269       30.890    -0.271    3.20        0.200
  N      -13.524       21.975       31.793    -0.346    3.50        0.160
 HD      -12.645       22.339       32.090     0.163    2.00        0.000
  C      -13.903       20.628       32.045     0.176    4.00        0.150
  C      -12.750       19.688       32.219     0.035    4.00        0.150
  C      -11.609       20.016       33.207     0.004    4.00        0.150
  C      -10.438       18.926       33.250     0.027    4.00        0.150
  C      -10.896       17.549       33.709     0.229    4.00        0.150
  N       -9.749       16.597       33.703    -0.079    3.50        0.160
 HD       -9.054       16.793       34.451     0.274    2.00        0.000
 HD       -9.262       16.510       32.789     0.274    2.00        0.000
 HD      -10.256       15.715       33.917     0.274    2.00        0.000
  C      -14.864       20.450       33.227     0.241    4.00        0.150
 OA      -15.700       19.559       33.203    -0.271    3.20        0.200
  N      -14.816       21.238       34.334    -0.346    3.50        0.160
 HD      -14.086       21.917       34.360     0.163    2.00        0.000
  C      -15.975       21.085       35.261     0.177    4.00        0.150
  C      -15.648       21.995       36.515     0.044    4.00        0.150
  C      -16.686       21.955       37.633     0.105    4.00        0.150
  C      -16.776       20.572       38.283     0.215    4.00        0.150
 OA      -15.771       20.239       38.920    -0.274    3.20        0.200
  N      -17.854       19.878       38.190    -0.370    3.50        0.160
 HD      -17.960       19.021       38.696     0.159    2.00        0.000
 HD      -18.612       20.156       37.599     0.159    2.00        0.000
  C      -17.393       21.416       34.706     0.241    4.00        0.150
 OA      -18.334       20.710       35.064    -0.271    3.20        0.200
  N      -17.497       22.421       33.765    -0.346    3.50        0.160
 HD      -16.700       22.861       33.358     0.163    2.00        0.000
  C      -18.715       22.605       32.951     0.177    4.00        0.150
  C      -18.519       23.926       32.176     0.038    4.00        0.150
  C      -19.761       24.340       31.421    -0.020    4.00        0.150
  C      -19.858       25.941       31.480     0.009    4.00        0.150
  C      -19.685       23.980       29.975     0.009    4.00        0.150
  C      -19.206       21.398       32.110     0.241    4.00        0.150
 OA      -20.407       21.055       32.061    -0.271    3.20        0.200
  N      -18.260       20.735       31.400    -0.346    3.50        0.160
 HD      -17.295       20.977       31.347     0.163    2.00        0.000
  C      -18.623       19.658       30.528     0.177    4.00        0.150
  C      -17.525       19.575       29.471     0.044    4.00        0.150
  C      -17.789       20.810       28.424     0.105    4.00        0.150
  C      -19.160       20.710       27.672     0.215    4.00        0.150
 OA      -19.799       19.638       27.740    -0.274    3.20        0.200
  N      -19.723       21.781       27.084    -0.370    3.50        0.160
 HD      -20.706       21.845       26.908     0.159    2.00        0.000
 HD      -19.159       22.605       27.030     0.159    2.00        0.000
  C      -18.870       18.376       31.353     0.241    4.00        0.150
 OA      -19.561       17.428       30.915    -0.271    3.20        0.200
  N      -18.421       18.247       32.604    -0.346    3.50        0.160
 HD      -17.694       18.842       32.940     0.163    2.00        0.000
  C      -18.730       17.235       33.502     0.176    4.00        0.150
  C      -17.706       17.133       34.671     0.035    4.00        0.150
  C      -16.389       16.359       34.465     0.004    4.00        0.150
  C      -16.669       14.830       34.167     0.027    4.00        0.150
  C      -15.435       13.863       34.050     0.229    4.00        0.150
  N      -14.512       14.118       35.155    -0.079    3.50        0.160
 HD      -13.763       13.403       35.267     0.274    2.00        0.000
 HD      -15.099       14.230       36.006     0.274    2.00        0.000
 HD      -14.106       15.052       34.945     0.274    2.00        0.000
  C      -20.132       17.473       34.102     0.241    4.00        0.150
 OA      -20.965       16.591       34.201    -0.271    3.20        0.200
  N      -20.418       18.695       34.529    -0.346    3.50        0.160
 HD      -19.771       19.450       34.469     0.163    2.00        0.000
  C      -21.692       19.204       35.028     0.186    4.00        0.150
  C      -21.583       20.693       35.456     0.147    4.00        0.150
  C      -21.055       20.896       36.827     0.175    4.00        0.150
 OA      -20.841       22.081       37.265    -0.648    3.20        0.200
 OA      -20.805       19.876       37.547    -0.648    3.20        0.200
  C      -22.707       19.070       33.976     0.241    4.00        0.150
 OA      -23.849       18.620       34.231    -0.271    3.20        0.200
  N      -22.378       19.370       32.682    -0.346    3.50        0.160
 HD      -21.539       19.877       32.500     0.163    2.00        0.000
  C      -23.271       19.072       31.583     0.176    4.00        0.150
  C      -22.655       19.519       30.265     0.035    4.00        0.150
  C      -23.557       19.300       29.009     0.004    4.00        0.150
  C      -24.900       20.075       29.066     0.027    4.00        0.150
  C      -25.703       20.013       27.725     0.229    4.00        0.150
  N      -26.770       21.082       27.645    -0.079    3.50        0.160
 HD      -27.237       21.100       26.716     0.274    2.00        0.000
 HD      -26.220       21.958       27.750     0.274    2.00        0.000
 HD      -27.452       21.040       28.430     0.274    2.00        0.000
  C      -23.616       17.609       31.453     0.241    4.00        0.150
 OA      -24.794       17.265       31.301    -0.271    3.20        0.200
  N      -22.582       16.666       31.567    -0.346    3.50        0.160
 HD      -21.616       16.901       31.644     0.163    2.00        0.000
  C      -22.815       15.285       31.658     0.177    4.00        0.150
  C      -21.409       14.560       31.692     0.044    4.00        0.150
  C      -20.598       14.447       30.388     0.105    4.00        0.150
  C      -21.459       14.881       29.111     0.215    4.00        0.150
 OA      -22.223       14.114       28.552    -0.274    3.20        0.200
  N      -21.150       16.139       28.703    -0.370    3.50        0.160
 HD      -20.446       16.633       29.214     0.159    2.00        0.000
 HD      -21.639       16.508       27.913     0.159    2.00        0.000
  C      -23.671       14.773       32.736     0.241    4.00        0.150
 OA      -24.455       13.798       32.529    -0.271    3.20        0.200
  N      -23.599       15.371       33.960    -0.346    3.50        0.160
 HD      -22.907       16.062       34.154     0.163    2.00        0.000
  C      -24.460       15.035       35.083     0.180    4.00        0.150
  C      -23.926       15.805       36.305     0.009    4.00        0.150
  C      -24.966       15.711       37.436     0.012    4.00        0.150
  C      -22.601       15.106       36.697     0.012    4.00        0.150
  C      -25.901       15.358       34.854     0.241    4.00        0.150
 OA      -26.761       14.580       35.162    -0.271    3.20        0.200
  N      -26.190       16.542       34.288    -0.346    3.50        0.160
 HD      -25.487       17.215       34.071     0.163    2.00        0.000
  C      -27.506       16.865       33.750     0.180    4.00        0.150
  C      -27.646       18.446       33.572     0.073    4.00        0.150
  A      -29.059       19.049       33.604    -0.056    4.00        0.150
  A      -29.631       19.115       34.875     0.010    4.00        0.150
  A      -30.983       19.610       34.978     0.037    4.00        0.150
  A      -31.675       20.052       33.824     0.065    4.00        0.150
 OA      -33.052       20.468       33.919    -0.361    3.20        0.200
 HD      -33.382       20.324       34.808     0.217    2.00        0.000
  A      -29.710       19.451       32.524     0.010    4.00        0.150
  A      -30.996       20.034       32.608     0.037    4.00        0.150
  C      -27.961       16.054       32.520     0.241    4.00        0.150
 OA      -29.055       15.571       32.458    -0.271    3.20        0.200
  N      -27.040       15.835       31.554    -0.346    3.50        0.160
 HD      -26.172       16.311       31.447     0.163    2.00        0.000
  C      -27.302       14.982       30.415     0.176    4.00        0.150
  C      -26.116       15.086       29.355     0.036    4.00        0.150
  C      -26.165       14.150       28.097     0.023    4.00        0.150
  C      -25.263       14.384       26.917     0.138    4.00        0.150
  N      -25.195       13.114       26.102    -0.227    3.50        0.160
 HD      -26.022       12.717       25.705     0.177    2.00        0.000
  C      -24.052       12.432       25.862     0.665    4.00        0.150
  N      -22.833       12.753       26.156    -0.235    3.50        0.160
 HD      -22.617       13.521       26.758     0.174    2.00        0.000
 HD      -22.144       12.068       25.919     0.174    2.00        0.000
  N      -24.222       11.282       25.149    -0.235    3.50        0.160
 HD      -25.135       10.956       24.900     0.174    2.00        0.000
 HD      -23.445       10.724       24.857     0.174    2.00        0.000
  C      -27.693       13.571       30.783     0.241    4.00        0.150
 OA      -28.656       12.987       30.236    -0.271    3.20        0.200
  N      -26.843       12.905       31.728    -0.346    3.50        0.160
 HD      -25.989       13.367       31.947     0.163    2.00        0.000
  C      -27.156       11.506       32.270     0.172    4.00        0.150
  C      -25.817       10.895       32.872     0.042    4.00        0.150
  C      -28.240       11.265       33.368     0.240    4.00        0.150
 OA      -28.522       10.126       33.646    -0.271    3.20        0.200
  N      -28.855       12.312       33.910    -0.344    3.50        0.160
 HD      -28.631       13.204       33.526     0.163    2.00        0.000
  C      -29.863       12.238       34.950     0.205    4.00        0.150
  C      -29.708       13.263       36.006     0.146    4.00        0.150
 OA      -28.440       13.024       36.607    -0.393    3.20        0.200
 HD      -27.871       13.650       36.154     0.210    2.00        0.000
  C      -30.653       13.037       37.192     0.042    4.00        0.150
  C      -31.184       12.349       34.393     0.243    4.00        0.150
 OA      -31.359       13.224       33.578    -0.271    3.20        0.200
  N      -32.117       11.568       34.806    -0.346    3.50        0.160
 HD      -31.852       10.768       35.338     0.163    2.00        0.000
  C      -33.375       11.415       34.157     0.182    4.00        0.150
  C      -33.758        9.994       33.958     0.093    4.00        0.150
  N      -33.032        9.701       31.539    -0.353    3.50        0.160
 HD      -33.824       10.183       31.164     0.166    2.00        0.000
  A      -32.948        9.344       32.832     0.030    4.00        0.150
  A      -31.994        9.190       30.830     0.207    4.00        0.150
 NA      -31.306        8.411       31.613    -0.254    3.50        0.160
  A      -31.882        8.483       32.870     0.143    4.00        0.150
  C      -34.517       12.095       34.835     0.241    4.00        0.150
 OA      -34.893       11.796       35.952    -0.271    3.20        0.200
  N      -35.077       13.191       34.223    -0.346    3.50        0.160
 HD      -34.737       13.522       33.345     0.163    2.00        0.000
  C      -36.087       14.034       34.871     0.176    4.00        0.150
  C      -35.836       15.513       34.405     0.036    4.00        0.150
  C      -34.556       16.044       35.211     0.023    4.00        0.150
  C      -33.946       17.305       34.757     0.138    4.00        0.150
  N      -33.678       17.096       33.303    -0.227    3.50        0.160
 HD      -34.474       17.151       32.701     0.177    2.00        0.000
  C      -32.561       16.764       32.765     0.665    4.00        0.150
  N      -31.538       16.362       33.373    -0.235    3.50        0.160
 HD      -31.439       16.559       34.349     0.174    2.00        0.000
 HD      -30.756       16.197       32.770     0.174    2.00        0.000
  N      -32.457       16.897       31.459    -0.235    3.50        0.160
 HD      -33.097       17.459       30.934     0.174    2.00        0.000
 HD      -31.757       16.424       30.925     0.174    2.00        0.000
  C      -37.469       13.631       34.572     0.241    4.00        0.150
 OA      -37.771       13.537       33.383    -0.271    3.20        0.200
  N      -38.238       13.215       35.575    -0.346    3.50        0.160
 HD      -38.094       13.385       36.546     0.163    2.00        0.000
  C      -39.569       12.573       35.390     0.177    4.00        0.150
  C      -39.506       11.245       36.208     0.038    4.00        0.150
  C      -38.353       10.276       35.835    -0.020    4.00        0.150
  C      -38.064        9.261       36.932     0.009    4.00        0.150
  C      -38.500        9.574       34.456     0.009    4.00        0.150
  C      -40.660       13.542       35.977     0.241    4.00        0.150
 OA      -40.464       13.913       37.139    -0.271    3.20        0.200
  N      -41.784       13.890       35.336    -0.346    3.50        0.160
 HD      -41.932       13.637       34.383     0.163    2.00        0.000
  C      -42.845       14.495       36.049     0.177    4.00        0.150
  C      -43.614       15.392       35.091     0.038    4.00        0.150
  C      -44.931       16.075       35.590    -0.020    4.00        0.150
  C      -44.634       17.054       36.752     0.009    4.00        0.150
  C      -45.469       16.851       34.280     0.009    4.00        0.150
  C      -43.711       13.417       36.755     0.241    4.00        0.150
 OA      -43.820       12.268       36.299    -0.271    3.20        0.200
  N      -44.260       13.696       37.963    -0.346    3.50        0.160
 HD      -44.132       14.624       38.307     0.163    2.00        0.000
  C      -45.195       12.793       38.715     0.177    4.00        0.150
  C      -44.703       12.402       40.069     0.038    4.00        0.150
  C      -45.359       11.280       40.770    -0.020    4.00        0.150
  C      -45.400        9.883       40.075     0.009    4.00        0.150
  C      -44.576       10.870       42.039     0.009    4.00        0.150
  C      -46.515       13.490       38.856     0.241    4.00        0.150
 OA      -46.664       14.484       39.621    -0.271    3.20        0.200
  N      -47.584       12.959       38.200    -0.346    3.50        0.160
 HD      -47.345       12.138       37.686     0.163    2.00        0.000
  C      -48.984       13.476       38.223     0.177    4.00        0.150
  C      -49.533       13.841       36.806     0.038    4.00        0.150
  C      -48.766       15.038       36.224    -0.020    4.00        0.150
  C      -49.013       15.210       34.755     0.009    4.00        0.150
  C      -49.146       16.325       36.929     0.009    4.00        0.150
  C      -49.887       12.416       38.837     0.240    4.00        0.150
 OA      -49.796       11.270       38.530    -0.271    3.20        0.200
  N      -50.700       12.757       39.848    -0.351    3.50        0.160
 HD      -50.785       13.708       40.136     0.163    2.00        0.000
  C      -51.627       11.843       40.456     0.225    4.00        0.150
  C      -52.490       12.749       41.270     0.236    4.00        0.150
 OA      -51.983       13.733       41.796    -0.272    3.20        0.200
  N      -53.785       12.402       41.369    -0.347    3.50        0.160
 HD      -54.183       11.591       40.948     0.163    2.00        0.000
  C      -54.806       12.918       42.336     0.172    4.00        0.150
  C      -56.200       12.318       42.007     0.042    4.00        0.150
  C      -54.487       12.660       43.832     0.240    4.00        0.150
 OA      -53.925       11.613       44.123    -0.271    3.20        0.200
  N      -54.776       13.537       44.830    -0.346    3.50        0.160
 HD      -54.989       14.470       44.552     0.163    2.00        0.000
  C      -54.398       13.562       46.216     0.186    4.00        0.150
  C      -54.995       14.855       46.901     0.147    4.00        0.150
  C      -54.358       16.095       46.334     0.175    4.00        0.150
 OA      -54.726       17.224       46.826    -0.648    3.20        0.200
 OA      -53.508       16.120       45.431    -0.648    3.20        0.200
  C      -54.675       12.217       47.016     0.241    4.00        0.150
 OA      -53.793       11.779       47.783    -0.271    3.20        0.200
  N      -55.839       11.520       46.762    -0.346    3.50        0.160
 HD      -56.493       11.879       46.099     0.163    2.00        0.000
  C      -56.244       10.314       47.538     0.185    4.00        0.150
  C      -57.711       10.371       48.057     0.137    4.00        0.150
  C      -57.946       11.629       48.922     0.217    4.00        0.150
 OA      -59.057       12.135       48.916    -0.274    3.20        0.200
  N      -56.912       12.070       49.727    -0.370    3.50        0.160
 HD      -57.091       12.842       50.337     0.159    2.00        0.000
 HD      -56.175       11.429       49.942     0.159    2.00        0.000
  C      -55.962        9.100       46.744     0.241    4.00        0.150
 OA      -56.594        8.068       47.018    -0.271    3.20        0.200
  N      -55.048        9.220       45.724    -0.344    3.50        0.160
 HD      -54.745       10.166       45.634     0.163    2.00        0.000
  C      -54.487        8.084       45.025     0.200    4.00        0.150
  C      -53.956        8.466       43.567     0.199    4.00        0.150
 OA      -52.917        9.340       43.500    -0.398    3.20        0.200
 HD      -53.301       10.204       43.670     0.209    2.00        0.000
  C      -53.368        7.389       45.742     0.242    4.00        0.150
 OA      -52.999        7.752       46.856    -0.271    3.20        0.200
  N      -52.779        6.301       45.141    -0.350    3.50        0.160
 HD      -53.109        5.851       44.315     0.163    2.00        0.000
  C      -51.600        5.712       45.692     0.225    4.00        0.150
  C      -50.299        6.438       45.517     0.236    4.00        0.150
 OA      -49.237        5.956       45.950    -0.272    3.20        0.200
  N      -50.342        7.633       44.888    -0.346    3.50        0.160
 HD      -51.101        8.031       44.377     0.163    2.00        0.000
  C      -49.114        8.386       44.573     0.176    4.00        0.150
  C      -49.496        9.616       43.720     0.035    4.00        0.150
  C      -48.356       10.537       43.214     0.004    4.00        0.150
  C      -48.578       12.040       43.114     0.027    4.00        0.150
  C      -49.162       12.663       44.395     0.229    4.00        0.150
  N      -49.302       14.213       44.303    -0.079    3.50        0.160
 HD      -49.892       14.318       43.452     0.274    2.00        0.000
 HD      -48.323       14.543       44.186     0.274    2.00        0.000
 HD      -49.814       14.560       45.139     0.274    2.00        0.000
  C      -48.166        8.834       45.709     0.241    4.00        0.150
 OA      -46.944        8.598       45.653    -0.271    3.20        0.200
  N      -48.798        9.425       46.780    -0.344    3.50        0.160
 HD      -49.791        9.470       46.694     0.163    2.00        0.000
  C      -48.113        9.773       47.989     0.200    4.00        0.150
  C      -49.031       10.520       48.895     0.199    4.00        0.150
 OA      -50.215        9.808       49.146    -0.398    3.20        0.200
 HD      -50.766       10.501       49.520     0.209    2.00        0.000
  C      -47.302        8.640       48.705     0.243    4.00        0.150
 OA      -46.187        8.881       49.054    -0.271    3.20        0.200
  N      -47.928        7.520       48.697    -0.344    3.50        0.160
 HD      -48.844        7.397       48.324     0.163    2.00        0.000
  C      -47.261        6.318       49.102     0.205    4.00        0.150
  C      -48.247        5.098       49.251     0.146    4.00        0.150
 OA      -49.265        5.536       50.166    -0.393    3.20        0.200
 HD      -49.932        5.992       49.647     0.210    2.00        0.000
  C      -47.652        3.836       49.919     0.042    4.00        0.150
  C      -46.090        5.790       48.284     0.243    4.00        0.150
 OA      -45.178        5.163       48.822    -0.271    3.20        0.200
  N      -46.114        5.995       46.943    -0.346    3.50        0.160
 HD      -46.886        6.467       46.522     0.163    2.00        0.000
  C      -45.104        5.624       46.013     0.180    4.00        0.150
  C      -45.531        5.828       44.500     0.013    4.00        0.150
  C      -44.350        5.629       43.495     0.012    4.00        0.150
  C      -46.596        4.724       44.196     0.002    4.00        0.150
  C      -47.258        5.013       42.833     0.005    4.00        0.150
  C      -43.886        6.439       46.298     0.241    4.00        0.150
 OA      -42.824        5.906       46.455    -0.271    3.20        0.200
  N      -44.019        7.767       46.474    -0.346    3.50        0.160
 HD      -44.916        8.166       46.299     0.163    2.00        0.000
  C      -42.984        8.650       46.928     0.180    4.00        0.150
  C      -43.347       10.103       46.866     0.009    4.00        0.150
  C      -42.212       10.992       47.524     0.012    4.00        0.150
  C      -43.784       10.536       45.469     0.012    4.00        0.150
  C      -42.531        8.356       48.318     0.241    4.00        0.150
 OA      -41.331        8.229       48.541    -0.271    3.20        0.200
  N      -43.386        8.160       49.366    -0.346    3.50        0.160
 HD      -44.338        8.433       49.251     0.163    2.00        0.000
  C      -43.022        7.603       50.726     0.176    4.00        0.150
  C      -44.152        7.348       51.735     0.035    4.00        0.150
  C      -44.870        8.666       52.119     0.004    4.00        0.150
  C      -44.146        9.599       53.139     0.027    4.00        0.150
  C      -44.236        9.124       54.646     0.229    4.00        0.150
  N      -45.551        8.823       55.136    -0.079    3.50        0.160
 HD      -45.644        8.555       56.137     0.274    2.00        0.000
 HD      -46.050        8.061       54.633     0.274    2.00        0.000
 HD      -46.247        9.561       54.906     0.274    2.00        0.000
  C      -42.140        6.372       50.581     0.241    4.00        0.150
 OA      -41.081        6.310       51.162    -0.271    3.20        0.200
  N      -42.480        5.397       49.685    -0.346    3.50        0.160
 HD      -43.342        5.444       49.187     0.163    2.00        0.000
  C      -41.622        4.238       49.374     0.177    4.00        0.150
  C      -42.363        3.317       48.434     0.044    4.00        0.150
  C      -41.643        2.267       47.599     0.105    4.00        0.150
  C      -40.812        1.256       48.439     0.215    4.00        0.150
 OA      -39.823        0.778       47.923    -0.274    3.20        0.200
  N      -41.327        0.817       49.613    -0.370    3.50        0.160
 HD      -40.795        0.364       50.329     0.159    2.00        0.000
 HD      -42.319        0.895       49.720     0.159    2.00        0.000
  C      -40.276        4.565       48.704     0.241    4.00        0.150
 OA      -39.259        3.985       49.107    -0.271    3.20        0.200
  N      -40.239        5.385       47.663    -0.346    3.50        0.160
 HD      -41.088        5.688       47.236     0.163    2.00        0.000
  C      -38.995        5.800       47.016     0.177    4.00        0.150
  C      -39.340        6.343       45.565     0.045    4.00        0.150
  C      -39.802        5.316       44.515     0.076    4.00        0.150
 SA      -39.874        5.976       42.734    -0.173    4.00        0.200
  C      -40.878        4.543       42.209     0.089    4.00        0.150
  C      -38.096        6.701       47.805     0.241    4.00        0.150
 OA      -36.880        6.647       47.731    -0.271    3.20        0.200
  N      -38.649        7.624       48.658    -0.346    3.50        0.160
 HD      -39.629        7.805       48.649     0.163    2.00        0.000
  C      -37.865        8.417       49.596     0.176    4.00        0.150
  C      -38.304        8.204       51.083     0.036    4.00        0.150
  C      -38.042        6.830       51.692     0.023    4.00        0.150
  C      -38.536        6.718       53.145     0.138    4.00        0.150
  N      -38.288        5.404       53.847    -0.227    3.50        0.160
 HD      -37.762        4.643       53.467     0.177    2.00        0.000
  C      -38.554        5.147       55.096     0.665    4.00        0.150
  N      -38.274        3.924       55.584    -0.235    3.50        0.160
 HD      -38.013        3.183       54.964     0.174    2.00        0.000
 HD      -38.293        3.810       56.577     0.174    2.00        0.000
  N      -39.167        5.905       55.960    -0.235    3.50        0.160
 HD      -39.448        5.497       56.829     0.174    2.00        0.000
 HD      -39.615        6.688       55.528     0.174    2.00        0.000
  C      -37.801        9.923       49.224     0.240    4.00        0.150
 OA      -37.311       10.348       48.213    -0.271    3.20        0.200
  N      -38.344       10.830       50.137    -0.351    3.50        0.160
 HD      -38.620       10.625       51.073     0.163    2.00        0.000
  C      -38.726       12.255       49.717     0.225    4.00        0.150
  C      -39.996       12.821       50.309     0.236    4.00        0.150
 OA      -40.260       12.626       51.510    -0.272    3.20        0.200
  N      -40.719       13.578       49.416    -0.346    3.50        0.160
 HD      -40.345       13.523       48.494     0.163    2.00        0.000
  C      -41.943       14.241       49.619     0.180    4.00        0.150
  C      -42.783       13.969       50.901     0.013    4.00        0.150
  C      -43.903       15.045       51.152     0.012    4.00        0.150
  C      -43.414       12.577       50.946     0.002    4.00        0.150
  C      -44.364       12.115       49.889     0.005    4.00        0.150
  C      -41.800       15.831       49.421     0.241    4.00        0.150
 OA      -41.119       16.463       50.218    -0.271    3.20        0.200
  N      -42.505       16.485       48.431    -0.346    3.50        0.160
 HD      -42.496       17.481       48.471     0.163    2.00        0.000
  C      -43.382       15.925       47.410     0.180    4.00        0.150
  C      -44.224       17.179       46.906     0.073    4.00        0.150
  A      -44.750       18.089       47.990    -0.056    4.00        0.150
  A      -44.024       19.289       48.155     0.007    4.00        0.150
  A      -44.349       20.153       49.230     0.001    4.00        0.150
  A      -45.424       19.845       50.071     0.000    4.00        0.150
  A      -45.785       17.725       48.876     0.007    4.00        0.150
  A      -46.029       18.623       49.895     0.001    4.00        0.150
  C      -42.506       15.306       46.252     0.241    4.00        0.150
 OA      -42.768       14.295       45.618    -0.271    3.20        0.200
  N      -41.345       15.918       46.004    -0.346    3.50        0.160
 HD      -41.170       16.683       46.618     0.163    2.00        0.000
  C      -40.210       15.518       45.092     0.177    4.00        0.150
  C      -39.215       16.687       45.020     0.045    4.00        0.150
  C      -39.788       17.899       44.250     0.116    4.00        0.150
  C      -39.067       19.229       44.418     0.172    4.00        0.150
 OA      -39.763       20.133       44.888    -0.648    3.20        0.200
 OA      -37.883       19.221       44.114    -0.648    3.20        0.200
  C      -39.544       14.232       45.655     0.241    4.00        0.150
 OA      -39.555       13.990       46.857    -0.271    3.20        0.200
  N      -38.919       13.440       44.720    -0.344    3.50        0.160
 HD      -38.873       13.755       43.775     0.163    2.00        0.000
  C      -38.124       12.315       45.155     0.205    4.00        0.150
  C      -38.834       11.043       45.451     0.146    4.00        0.150
 OA      -37.974        9.972       45.689    -0.393    3.20        0.200
 HD      -37.628        9.959       46.585     0.210    2.00        0.000
  C      -39.841       10.564       44.409     0.042    4.00        0.150
  C      -36.957       12.189       44.248     0.243    4.00        0.150
 OA      -37.066       12.441       43.055    -0.271    3.20        0.200
  N      -35.797       11.866       44.790    -0.346    3.50        0.160
 HD      -35.753       11.888       45.786     0.163    2.00        0.000
  C      -34.637       11.529       44.022     0.176    4.00        0.150
  C      -33.443       12.583       44.268     0.035    4.00        0.150
  C      -34.099       13.905       44.067     0.004    4.00        0.150
  C      -33.122       15.116       44.097     0.027    4.00        0.150
  C      -33.776       16.408       43.634     0.229    4.00        0.150
  N      -32.871       17.539       43.815    -0.079    3.50        0.160
 HD      -32.300       17.749       42.972     0.274    2.00        0.000
 HD      -32.142       17.268       44.505     0.274    2.00        0.000
 HD      -33.473       18.352       44.059     0.274    2.00        0.000
  C      -34.140       10.171       44.343     0.241    4.00        0.150
 OA      -34.083        9.737       45.526    -0.271    3.20        0.200
  N      -33.935        9.299       43.341    -0.346    3.50        0.160
 HD      -33.906        9.608       42.394     0.163    2.00        0.000
  C      -33.860        7.880       43.615     0.180    4.00        0.150
  C      -35.275        7.225       43.596     0.073    4.00        0.150
  A      -36.001        7.011       42.300    -0.056    4.00        0.150
  A      -36.884        8.004       41.927     0.007    4.00        0.150
  A      -37.635        7.787       40.793     0.001    4.00        0.150
  A      -37.382        6.786       39.925     0.000    4.00        0.150
  A      -35.765        5.862       41.484     0.007    4.00        0.150
  A      -36.496        5.747       40.284     0.001    4.00        0.150
  C      -32.860        7.284       42.548     0.241    4.00        0.150
 OA      -32.806        7.761       41.464    -0.271    3.20        0.200
  N      -32.254        6.218       42.889    -0.346    3.50        0.160
 HD      -32.373        5.778       43.776     0.163    2.00        0.000
  C      -31.275        5.615       42.092     0.177    4.00        0.150
  C      -29.772        6.070       42.340     0.044    4.00        0.150
  C      -29.362        5.736       43.764     0.105    4.00        0.150
  C      -27.874        6.083       43.985     0.215    4.00        0.150
 OA      -27.093        5.180       44.152    -0.274    3.20        0.200
  N      -27.496        7.334       43.984    -0.370    3.50        0.160
 HD      -26.524        7.546       43.889     0.159    2.00        0.000
 HD      -28.226        7.958       44.260     0.159    2.00        0.000
  C      -31.309        4.123       42.191     0.241    4.00        0.150
 OA      -31.612        3.521       43.178    -0.271    3.20        0.200
  N      -31.106        3.546       40.979    -0.346    3.50        0.160
 HD      -30.721        4.119       40.259     0.163    2.00        0.000
  C      -31.316        2.143       40.646     0.180    4.00        0.150
  C      -32.572        1.742       39.926     0.009    4.00        0.150
  C      -32.725        0.214       39.928     0.012    4.00        0.150
  C      -33.721        2.194       40.740     0.012    4.00        0.150
  C      -30.168        1.889       39.674     0.241    4.00        0.150
 OA      -29.991        2.383       38.574    -0.271    3.20        0.200
  N      -29.240        1.028       40.166    -0.345    3.50        0.160
 HD      -29.354        0.484       40.994     0.163    2.00        0.000
  C      -28.014        0.566       39.402     0.186    4.00        0.150
  C      -28.323       -0.319       38.141     0.147    4.00        0.150
  C      -29.013       -1.638       38.600     0.175    4.00        0.150
 OA      -29.043       -1.958       39.865    -0.648    3.20        0.200
 OA      -29.459       -2.451       37.752    -0.648    3.20        0.200
  C      -27.099        1.677       39.030     0.241    4.00        0.150
 OA      -26.351        1.607       38.014    -0.271    3.20        0.200
  N      -27.083        2.768       39.818    -0.346    3.50        0.160
 HD      -27.750        2.780       40.558     0.163    2.00        0.000
  C      -26.262        3.936       39.663     0.176    4.00        0.150
  C      -24.714        3.622       39.640     0.035    4.00        0.150
  C      -24.309        2.936       40.998     0.004    4.00        0.150
  C      -24.459        3.723       42.372     0.027    4.00        0.150
  C      -24.087        2.931       43.600     0.229    4.00        0.150
  N      -24.414        3.653       44.837    -0.079    3.50        0.160
 HD      -24.055        3.065       45.614     0.274    2.00        0.000
 HD      -25.380        3.964       45.067     0.274    2.00        0.000
 HD      -23.804        4.490       44.926     0.274    2.00        0.000
  C      -26.742        4.911       38.560     0.241    4.00        0.150
 OA      -26.088        5.848       38.218    -0.271    3.20        0.200
  N      -27.993        4.762       38.137    -0.346    3.50        0.160
 HD      -28.645        4.072       38.441     0.163    2.00        0.000
  C      -28.711        5.685       37.283     0.180    4.00        0.150
  C      -29.506        4.951       36.206     0.009    4.00        0.150
  C      -30.116        6.050       35.226     0.012    4.00        0.150
  C      -28.553        4.017       35.415     0.012    4.00        0.150
  C      -29.621        6.425       38.167     0.241    4.00        0.150
 OA      -30.260        5.865       39.093    -0.271    3.20        0.200
  N      -29.543        7.765       38.029    -0.346    3.50        0.160
 HD      -29.012        8.069       37.241     0.163    2.00        0.000
  C      -30.113        8.878       38.849     0.185    4.00        0.150
  C      -29.159       10.095       39.029     0.137    4.00        0.150
  C      -27.820        9.657       39.587     0.217    4.00        0.150
 OA      -26.724        9.952       39.152    -0.274    3.20        0.200
  N      -27.875        8.909       40.702    -0.370    3.50        0.160
 HD      -27.034        8.451       40.990     0.159    2.00        0.000
 HD      -28.750        8.890       41.187     0.159    2.00        0.000
  C      -31.428        9.251       38.234     0.241    4.00        0.150
 OA      -31.419        9.681       37.089    -0.271    3.20        0.200
  N      -32.543        9.124       38.952    -0.346    3.50        0.160
 HD      -32.533        8.514       39.740     0.163    2.00        0.000
  C      -33.859        9.544       38.547     0.180    4.00        0.150
  C      -34.787        8.317       38.523     0.073    4.00        0.150
  A      -34.203        7.225       37.645    -0.056    4.00        0.150
  A      -34.447        7.374       36.241     0.007    4.00        0.150
  A      -33.946        6.319       35.403     0.001    4.00        0.150
  A      -33.323        5.221       35.982     0.000    4.00        0.150
  A      -33.547        6.128       38.189     0.007    4.00        0.150
  A      -33.172        5.070       37.376     0.001    4.00        0.150
  C      -34.350       10.555       39.504     0.241    4.00        0.150
 OA      -34.353       10.307       40.706    -0.271    3.20        0.200
  N      -34.760       11.719       38.984    -0.346    3.50        0.160
 HD      -34.867       11.861       38.002     0.163    2.00        0.000
  C      -35.459       12.739       39.796     0.182    4.00        0.150
  C      -34.920       14.153       39.467     0.093    4.00        0.150
  N      -32.652       13.589       40.433    -0.353    3.50        0.160
 HD      -32.688       12.637       40.736     0.166    2.00        0.000
  A      -33.507       14.476       39.885     0.030    4.00        0.150
  A      -31.504       14.278       40.712     0.207    4.00        0.150
 NA      -31.623       15.568       40.477    -0.254    3.50        0.160
  A      -32.865       15.677       39.921     0.143    4.00        0.150
  C      -36.915       12.790       39.425     0.241    4.00        0.150
 OA      -37.302       12.881       38.220    -0.271    3.20        0.200
  N      -37.880       12.745       40.337    -0.346    3.50        0.160
 HD      -37.685       12.682       41.313     0.163    2.00        0.000
  C      -39.290       12.946       40.113     0.177    4.00        0.150
  C      -40.101       11.839       40.889     0.045    4.00        0.150
  C      -40.299       10.507       40.115     0.076    4.00        0.150
 SA      -40.957        9.271       41.125    -0.173    4.00        0.200
  C      -41.237        8.023       39.838     0.089    4.00        0.150
  C      -39.781       14.303       40.624     0.241    4.00        0.150
 OA      -39.333       14.632       41.711    -0.271    3.20        0.200
  N      -40.699       15.012       39.870    -0.346    3.50        0.160
 HD      -40.885       14.576       38.993     0.163    2.00        0.000
  C      -41.206       16.313       40.118     0.180    4.00        0.150
  C      -41.085       17.424       38.979     0.073    4.00        0.150
  A      -39.703       17.666       38.514    -0.056    4.00        0.150
  A      -39.399       17.670       37.133     0.007    4.00        0.150
  A      -38.071       17.958       36.730     0.001    4.00        0.150
  A      -37.075       18.028       37.690     0.000    4.00        0.150
  A      -38.646       17.729       39.459     0.007    4.00        0.150
  A      -37.346       18.035       39.012     0.001    4.00        0.150
  C      -42.676       16.255       40.559     0.241    4.00        0.150
 OA      -43.390       15.583       39.817    -0.271    3.20        0.200
  N      -43.005       16.884       41.697    -0.345    3.50        0.160
 HD      -42.363       17.294       42.340     0.163    2.00        0.000
  C      -44.362       17.027       42.108     0.186    4.00        0.150
  C      -44.869       15.868       42.981     0.147    4.00        0.150
  C      -46.412       15.963       43.154     0.175    4.00        0.150
 OA      -47.198       16.690       42.502    -0.648    3.20        0.200
 OA      -46.919       15.186       43.982    -0.648    3.20        0.200
  C      -44.350       18.375       42.842     0.241    4.00        0.150
 OA      -43.318       18.870       43.314    -0.271    3.20        0.200
  N      -45.529       19.032       43.038    -0.346    3.50        0.160
 HD      -46.347       18.575       42.696     0.163    2.00        0.000
  C      -45.736       20.394       43.592     0.180    4.00        0.150
  C      -46.291       21.335       42.515     0.009    4.00        0.150
  C      -47.673       20.936       42.011     0.012    4.00        0.150
  C      -46.248       22.758       43.001     0.012    4.00        0.150
  C      -46.643       20.349       44.856     0.241    4.00        0.150
 OA      -47.357       19.416       45.057    -0.271    3.20        0.200
  N      -46.408       21.298       45.821    -0.351    3.50        0.160
 HD      -45.725       22.021       45.745     0.163    2.00        0.000
  C      -47.270       21.378       47.009     0.225    4.00        0.150
  C      -48.509       22.096       46.690     0.235    4.00        0.150
 OA      -49.088       22.092       45.592    -0.272    3.20        0.200
  N      -49.062       22.793       47.717    -0.351    3.50        0.160
 HD      -48.444       22.940       48.486     0.163    2.00        0.000
  C      -50.201       23.763       47.547     0.225    4.00        0.150
  C      -49.963       24.839       46.502     0.236    4.00        0.150
 OA      -49.109       25.751       46.534    -0.272    3.20        0.200
  N      -50.839       24.826       45.543    -0.346    3.50        0.160
 HD      -51.665       24.269       45.528     0.163    2.00        0.000
  C      -50.593       25.410       44.231     0.177    4.00        0.150
  C      -49.466       24.719       43.355     0.044    4.00        0.150
  C      -48.905       25.658       42.186     0.105    4.00        0.150
  C      -48.726       27.169       42.608     0.215    4.00        0.150
 OA      -49.561       28.016       42.453    -0.274    3.20        0.200
  N      -47.568       27.414       43.137    -0.370    3.50        0.160
 HD      -47.366       28.231       43.676     0.159    2.00        0.000
 HD      -46.805       26.854       42.815     0.159    2.00        0.000
  C      -51.881       25.560       43.538     0.241    4.00        0.150
 OA      -52.799       24.755       43.660    -0.271    3.20        0.200
  N      -51.985       26.653       42.639    -0.346    3.50        0.160
 HD      -51.181       27.221       42.477     0.163    2.00        0.000
  C      -53.164       27.010       41.858     0.176    4.00        0.150
  C      -52.939       28.264       41.088     0.036    4.00        0.150
  C      -52.820       29.459       41.978     0.023    4.00        0.150
  C      -54.000       29.992       42.651     0.138    4.00        0.150
  N      -54.810       30.789       41.702    -0.227    3.50        0.160
 HD      -54.655       30.775       40.714     0.177    2.00        0.000
  C      -55.949       31.302       42.098     0.665    4.00        0.150
  N      -56.374       31.379       43.358    -0.235    3.50        0.160
 HD      -55.749       31.365       44.139     0.174    2.00        0.000
 HD      -57.340       31.620       43.452     0.174    2.00        0.000
  N      -56.839       31.794       41.272    -0.235    3.50        0.160
 HD      -56.640       31.867       40.294     0.174    2.00        0.000
 HD      -57.628       32.298       41.623     0.174    2.00        0.000
  C      -53.964       25.940       41.049     0.241    4.00        0.150
 OA      -53.401       24.929       40.548    -0.271    3.20        0.200
  N      -55.221       26.236       40.881    -0.346    3.50        0.160
 HD      -55.596       27.118       41.155     0.163    2.00        0.000
  C      -56.213       25.412       40.263     0.186    4.00        0.150
  C      -57.554       26.105       40.545     0.147    4.00        0.150
  C      -58.631       25.044       40.461     0.175    4.00        0.150
 OA      -59.787       25.411       40.199    -0.648    3.20        0.200
 OA      -58.356       23.865       40.739    -0.648    3.20        0.200
  C      -55.869       25.139       38.778     0.241    4.00        0.150
 OA      -55.869       24.003       38.291    -0.271    3.20        0.200
  N      -55.544       26.299       38.123    -0.346    3.50        0.160
 HD      -55.487       27.204       38.540     0.163    2.00        0.000
  C      -55.284       26.352       36.676     0.177    4.00        0.150
  C      -55.749       27.773       36.067     0.045    4.00        0.150
  C      -57.253       27.864       36.135     0.112    4.00        0.150
  C      -57.913       29.224       35.674     0.139    4.00        0.150
 OA      -57.875       29.636       34.523    -0.650    3.20        0.200
 OA      -58.689       29.761       36.701    -0.776    3.20        0.200
 HD      -59.030       30.632       36.486     0.167    2.00        0.000
  C      -53.772       26.128       36.431     0.241    4.00        0.150
 OA      -52.870       26.730       37.054    -0.271    3.20        0.200
  N      -53.385       25.272       35.454    -0.346    3.50        0.160
 HD      -54.157       25.016       34.877     0.163    2.00        0.000
  C      -51.968       24.790       35.276     0.176    4.00        0.150
  C      -51.896       23.257       35.536     0.036    4.00        0.150
  C      -52.295       22.362       34.405     0.022    4.00        0.150
  C      -52.414       20.887       34.992     0.122    4.00        0.150
  N      -53.745       20.779       35.678    -0.367    3.50        0.160
 HD      -54.613       21.201       35.416     0.162    2.00        0.000
  C      -53.873       20.088       36.768     0.143    4.00        0.150
 NA      -52.894       19.461       37.460    -0.274    3.50        0.160
 HD      -52.020       19.939       37.374     0.127    2.00        0.000
 HD      -53.205       19.191       38.371     0.127    2.00        0.000
  N      -55.040       20.049       37.382    -0.376    3.50        0.160
 HD      -55.826       20.258       36.800     0.158    2.00        0.000
 HD      -55.127       19.583       38.262     0.158    2.00        0.000
  C      -51.277       25.217       33.978     0.241    4.00        0.150
 OA      -50.070       25.016       33.785    -0.271    3.20        0.200
  N      -52.010       25.788       32.965    -0.346    3.50        0.160
 HD      -52.985       25.982       33.036     0.163    2.00        0.000
  C      -51.441       26.063       31.648     0.176    4.00        0.150
  C      -52.611       26.381       30.689     0.036    4.00        0.150
  C      -53.249       27.730       30.958     0.023    4.00        0.150
  C      -54.420       27.917       30.013     0.138    4.00        0.150
  N      -54.824       29.365       30.012    -0.227    3.50        0.160
 HD      -54.591       30.040       29.313     0.177    2.00        0.000
  C      -55.841       29.867       30.820     0.665    4.00        0.150
  N      -56.421       29.185       31.788    -0.235    3.50        0.160
 HD      -55.892       28.408       32.130     0.174    2.00        0.000
 HD      -57.112       29.678       32.316     0.174    2.00        0.000
  N      -56.263       31.054       30.529    -0.235    3.50        0.160
 HD      -55.991       31.564       29.713     0.174    2.00        0.000
 HD      -56.978       31.372       31.152     0.174    2.00        0.000
  C      -50.381       27.120       31.481     0.241    4.00        0.150
 OA      -49.682       27.134       30.511    -0.271    3.20        0.200
  N      -50.241       27.997       32.471    -0.346    3.50        0.160
 HD      -50.807       27.986       33.292     0.163    2.00        0.000
  C      -49.207       29.041       32.429     0.176    4.00        0.150
  C      -49.768       30.420       32.901     0.035    4.00        0.150
  C      -50.890       31.033       32.047     0.004    4.00        0.150
  C      -50.566       31.109       30.548     0.027    4.00        0.150
  C      -51.427       32.051       29.729     0.229    4.00        0.150
  N      -50.974       31.917       28.297    -0.079    3.50        0.160
 HD      -50.062       32.407       28.201     0.274    2.00        0.000
 HD      -51.595       32.538       27.740     0.274    2.00        0.000
 HD      -50.939       30.937       27.952     0.274    2.00        0.000
  C      -47.927       28.539       33.206     0.241    4.00        0.150
 OA      -46.957       29.230       33.322    -0.271    3.20        0.200
  N      -47.880       27.241       33.639    -0.346    3.50        0.160
 HD      -48.703       26.677       33.623     0.163    2.00        0.000
  C      -46.667       26.670       34.324     0.181    4.00        0.150
  C      -46.619       26.906       35.933     0.075    4.00        0.150
  A      -47.935       26.570       36.595    -0.028    4.00        0.150
  A      -49.123       27.258       36.637     0.096    4.00        0.150
  N      -49.968       26.601       37.585    -0.365    3.50        0.160
 HD      -50.904       26.805       37.770     0.165    2.00        0.000
  A      -49.425       25.472       38.015     0.042    4.00        0.150
  A      -48.158       25.368       37.411    -0.002    4.00        0.150
  A      -47.426       24.173       37.615     0.014    4.00        0.150
  A      -47.865       23.230       38.541     0.001    4.00        0.150
  A      -49.921       24.519       38.959     0.030    4.00        0.150
  A      -49.101       23.363       39.153     0.002    4.00        0.150
  C      -46.450       25.179       34.204     0.241    4.00        0.150
 OA      -45.446       24.720       34.690    -0.271    3.20        0.200
  N      -47.288       24.426       33.483    -0.346    3.50        0.160
 HD      -48.120       24.926       33.252     0.163    2.00        0.000
  C      -47.246       23.015       33.289     0.180    4.00        0.150
  C      -48.580       22.396       32.808     0.013    4.00        0.150
  C      -48.908       22.690       31.272     0.012    4.00        0.150
  C      -48.620       20.879       33.078     0.002    4.00        0.150
  C      -48.447       20.578       34.549     0.005    4.00        0.150
  C      -46.142       22.679       32.307     0.241    4.00        0.150
 OA      -45.494       21.615       32.270    -0.271    3.20        0.200
  N      -45.717       23.631       31.500    -0.346    3.50        0.160
 HD      -46.115       24.541       31.578     0.163    2.00        0.000
  C      -44.686       23.398       30.481     0.177    4.00        0.150
  C      -44.873       24.375       29.328     0.044    4.00        0.150
  C      -44.449       25.780       29.506     0.105    4.00        0.150
  C      -45.161       26.535       30.710     0.215    4.00        0.150
 OA      -46.325       26.292       30.996    -0.274    3.20        0.200
  N      -44.408       27.420       31.331    -0.370    3.50        0.160
 HD      -43.470       27.567       31.021     0.159    2.00        0.000
 HD      -44.688       27.873       32.177     0.159    2.00        0.000
  C      -43.236       23.651       30.926     0.241    4.00        0.150
 OA      -42.280       23.361       30.316    -0.271    3.20        0.200
  N      -43.086       24.016       32.225    -0.345    3.50        0.160
 HD      -43.926       24.071       32.760     0.163    2.00        0.000
  C      -41.808       24.007       32.902     0.185    4.00        0.150
  C      -41.922       24.539       34.410     0.105    4.00        0.150
 SA      -42.607       26.243       34.501    -0.180    4.00        0.200
 HD      -43.871       25.848       34.494     0.101    2.00        0.000
  C      -41.213       22.584       33.070     0.241    4.00        0.150
 OA      -40.020       22.391       33.354    -0.271    3.20        0.200
  N      -42.093       21.473       32.775    -0.346    3.50        0.160
 HD      -43.035       21.642       32.499     0.163    2.00        0.000
  C      -41.874       20.100       32.948     0.180    4.00        0.150
  C      -42.964       19.419       33.792     0.073    4.00        0.150
  A      -43.360       20.246       35.061    -0.056    4.00        0.150
  A      -42.540       20.495       36.109     0.007    4.00        0.150
  A      -42.937       21.230       37.201     0.001    4.00        0.150
  A      -44.270       21.673       37.294     0.000    4.00        0.150
  A      -44.760       20.594       35.210     0.007    4.00        0.150
  A      -45.199       21.149       36.408     0.001    4.00        0.150
  C      -41.771       19.500       31.581     0.241    4.00        0.150
 OA      -41.816       18.295       31.463    -0.271    3.20        0.200
  N      -41.689       20.331       30.475    -0.346    3.50        0.160
 HD      -41.504       21.303       30.587     0.163    2.00        0.000
  C      -41.937       19.899       29.126     0.185    4.00        0.150
  C      -42.288       21.059       28.098     0.137    4.00        0.150
  C      -41.224       22.173       28.040     0.217    4.00        0.150
 OA      -40.201       22.225       28.723    -0.274    3.20        0.200
  N      -41.451       23.157       27.134    -0.370    3.50        0.160
 HD      -40.753       23.868       27.223     0.159    2.00        0.000
 HD      -42.396       23.449       26.984     0.159    2.00        0.000
  C      -40.804       19.093       28.496     0.241    4.00        0.150
 OA      -41.038       18.387       27.485    -0.271    3.20        0.200
  N      -39.619       19.095       29.074    -0.345    3.50        0.160
 HD      -39.440       19.525       29.956     0.163    2.00        0.000
  C      -38.385       18.530       28.489     0.186    4.00        0.150
  C      -37.366       19.710       28.565     0.147    4.00        0.150
  C      -36.959       20.106       29.993     0.175    4.00        0.150
 OA      -37.781       20.076       30.932    -0.648    3.20        0.200
 OA      -35.793       20.580       30.133    -0.648    3.20        0.200
  C      -37.987       17.206       29.212     0.241    4.00        0.150
 OA      -36.917       16.719       28.934    -0.271    3.20        0.200
  N      -38.860       16.649       29.994    -0.346    3.50        0.160
 HD      -39.718       17.121       30.180     0.163    2.00        0.000
  C      -38.614       15.453       30.834     0.180    4.00        0.150
  C      -39.673       15.306       31.911     0.009    4.00        0.150
  C      -39.689       16.381       32.954     0.012    4.00        0.150
  C      -41.034       15.217       31.259     0.012    4.00        0.150
  C      -38.384       14.204       30.024     0.241    4.00        0.150
 OA      -38.811       14.080       28.916    -0.271    3.20        0.200
  N      -37.696       13.191       30.630    -0.344    3.50        0.160
 HD      -37.281       13.325       31.526     0.163    2.00        0.000
  C      -37.538       11.883       30.187     0.205    4.00        0.150
  C      -36.512       11.076       30.984     0.146    4.00        0.150
 OA      -35.213       11.500       30.516    -0.393    3.20        0.200
 HD      -35.098       12.429       30.731     0.210    2.00        0.000
  C      -36.650        9.600       30.731     0.042    4.00        0.150
  C      -38.896       11.157       30.060     0.243    4.00        0.150
 OA      -39.211       10.507       29.077    -0.271    3.20        0.200
  N      -39.815       11.259       31.004    -0.346    3.50        0.160
 HD      -39.655       11.890       31.761     0.163    2.00        0.000
  C      -41.158       10.733       30.953     0.172    4.00        0.150
  C      -41.295        9.254       31.398     0.042    4.00        0.150
  C      -42.000       11.518       31.887     0.240    4.00        0.150
 OA      -41.530       12.056       32.871    -0.271    3.20        0.200
  N      -43.268       11.496       31.566    -0.346    3.50        0.160
 HD      -43.495       10.962       30.755     0.163    2.00        0.000
  C      -44.346       11.906       32.528     0.180    4.00        0.150
  C      -45.561       12.639       31.783     0.013    4.00        0.150
  C      -46.607       13.027       32.808     0.012    4.00        0.150
  C      -45.017       13.861       30.931     0.002    4.00        0.150
  C      -46.072       14.251       29.879     0.005    4.00        0.150
  C      -44.853       10.694       33.184     0.241    4.00        0.150
 OA      -45.284        9.810       32.516    -0.271    3.20        0.200
  N      -44.913       10.659       34.486    -0.346    3.50        0.160
 HD      -44.668       11.432       35.066     0.163    2.00        0.000
  C      -45.375        9.492       35.268     0.180    4.00        0.150
  C      -44.408        8.989       36.415     0.013    4.00        0.150
  C      -44.930        7.775       37.163     0.012    4.00        0.150
  C      -42.934        8.915       35.921     0.002    4.00        0.150
  C      -42.732        7.650       34.975     0.005    4.00        0.150
  C      -46.697        9.823       35.860     0.241    4.00        0.150
 OA      -46.834       10.745       36.644    -0.271    3.20        0.200
  N      -47.745        9.113       35.395    -0.346    3.50        0.160
 HD      -47.481        8.423       34.725     0.163    2.00        0.000
  C      -49.082        9.114       35.900     0.180    4.00        0.150
  C      -50.099        8.941       34.756     0.073    4.00        0.150
  A      -50.487       10.187       34.030    -0.056    4.00        0.150
  A      -49.596       10.832       33.178     0.007    4.00        0.150
  A      -49.978       12.042       32.523     0.001    4.00        0.150
  A      -51.366       12.446       32.592     0.000    4.00        0.150
  A      -51.825       10.630       34.054     0.007    4.00        0.150
  A      -52.313       11.773       33.339     0.001    4.00        0.150
  C      -49.282        7.992       37.025     0.241    4.00        0.150
 OA      -48.639        6.925       36.935    -0.271    3.20        0.200
  N      -50.090        8.260       38.072    -0.346    3.50        0.160
 HD      -50.458        9.186       38.079     0.163    2.00        0.000
  C      -50.560        7.198       39.050     0.180    4.00        0.150
  C      -50.158        7.371       40.525     0.009    4.00        0.150
  C      -50.749        6.261       41.373     0.012    4.00        0.150
  C      -48.610        7.408       40.375     0.012    4.00        0.150
  C      -51.997        7.354       39.037     0.241    4.00        0.150
 OA      -52.438        8.486       39.322    -0.271    3.20        0.200
  N      -52.783        6.301       38.786    -0.346    3.50        0.160
 HD      -52.408        5.410       38.539     0.163    2.00        0.000
  C      -54.200        6.313       38.549     0.180    4.00        0.150
  C      -54.669        6.219       37.099     0.009    4.00        0.150
  C      -56.159        6.585       37.106     0.012    4.00        0.150
  C      -53.924        7.255       36.258     0.012    4.00        0.150
  C      -54.650        5.111       39.270     0.241    4.00        0.150
 OA      -54.113        4.023       39.101    -0.271    3.20        0.200
  N      -55.631        5.311       40.201    -0.345    3.50        0.160
 HD      -55.913        6.255       40.343     0.163    2.00        0.000
  C      -56.217        4.210       41.010     0.186    4.00        0.150
  C      -56.559        4.689       42.435     0.147    4.00        0.150
  C      -55.295        4.715       43.351     0.175    4.00        0.150
 OA      -55.488        4.628       44.592    -0.648    3.20        0.200
 OA      -54.154        4.745       42.916    -0.648    3.20        0.200
  C      -57.442        3.783       40.228     0.241    4.00        0.150
 OA      -58.351        4.569       39.999    -0.271    3.20        0.200
  N      -57.579        2.523       39.861    -0.344    3.50        0.160
 HD      -56.959        1.841       40.240     0.163    2.00        0.000
  C      -58.738        2.006       39.074     0.200    4.00        0.150
  C      -58.487        0.507       38.637     0.199    4.00        0.150
 OA      -57.431        0.439       37.676    -0.398    3.20        0.200
 HD      -56.815        1.050       38.085     0.209    2.00        0.000
  C      -60.036        2.028       39.805     0.243    4.00        0.150
 OA      -61.097        2.157       39.221    -0.271    3.20        0.200
  N      -59.962        1.790       41.122    -0.344    3.50        0.160
 HD      -59.122        1.538       41.596     0.163    2.00        0.000
  C      -60.989        1.669       42.043     0.200    4.00        0.150
  C      -60.506        1.422       43.479     0.199    4.00        0.150
 OA      -59.649        2.451       44.087    -0.398    3.20        0.200
 HD      -60.198        3.070       44.573     0.209    2.00        0.000
  C      -61.863        2.963       42.025     0.243    4.00        0.150
 OA      -63.077        2.865       42.033    -0.271    3.20        0.200
  N      -61.146        4.087       41.923    -0.345    3.50        0.160
 HD      -60.166        4.011       41.758     0.163    2.00        0.000
  C      -61.664        5.455       41.952     0.186    4.00        0.150
  C      -60.704        6.453       42.423     0.147    4.00        0.150
  C      -60.343        6.104       43.872     0.175    4.00        0.150
 OA      -61.123        5.359       44.573    -0.648    3.20        0.200
 OA      -59.380        6.640       44.402    -0.648    3.20        0.200
  C      -62.175        5.907       40.565     0.241    4.00        0.150
 OA      -61.475        6.445       39.754    -0.271    3.20        0.200
  N      -63.453        5.636       40.265    -0.346    3.50        0.160
 HD      -64.056        5.221       40.942     0.163    2.00        0.000
  C      -64.126        5.722       38.934     0.180    4.00        0.150
  C      -65.533        5.118       39.136     0.073    4.00        0.150
  A      -65.635        3.696       39.519    -0.056    4.00        0.150
  A      -64.705        2.726       39.213     0.010    4.00        0.150
  A      -64.794        1.424       39.628     0.037    4.00        0.150
  A      -65.910        1.071       40.316     0.065    4.00        0.150
 OA      -66.122       -0.282       40.521    -0.361    3.20        0.200
 HD      -66.811       -0.494       41.154     0.217    2.00        0.000
  A      -66.745        3.341       40.348     0.010    4.00        0.150
  A      -66.859        2.054       40.829     0.037    4.00        0.150
  C      -64.135        7.043       38.300     0.241    4.00        0.150
 OA      -63.625        7.266       37.198    -0.271    3.20        0.200
  N      -64.687        8.136       39.013    -0.346    3.50        0.160
 HD      -65.137        7.969       39.887     0.163    2.00        0.000
  C      -64.793        9.494       38.617     0.185    4.00        0.150
  C      -65.594       10.279       39.659     0.137    4.00        0.150
  C      -65.949       11.759       39.383     0.217    4.00        0.150
 OA      -66.075       12.133       38.214    -0.274    3.20        0.200
  N      -66.163       12.582       40.449    -0.370    3.50        0.160
 HD      -66.590       13.465       40.254     0.159    2.00        0.000
 HD      -66.292       12.180       41.355     0.159    2.00        0.000
  C      -63.372       10.113       38.404     0.241    4.00        0.150
 OA      -63.119       10.737       37.410    -0.271    3.20        0.200
  N      -62.406        9.821       39.263    -0.346    3.50        0.160
 HD      -62.557        9.021       39.840     0.163    2.00        0.000
  C      -61.056       10.401       39.258     0.176    4.00        0.150
  C      -60.354       10.217       40.605     0.036    4.00        0.150
  C      -60.982       10.973       41.769     0.023    4.00        0.150
  C      -60.381       12.337       42.063     0.138    4.00        0.150
  N      -61.192       13.298       41.235    -0.227    3.50        0.160
 HD      -60.799       13.814       40.473     0.177    2.00        0.000
  C      -62.342       13.874       41.507     0.665    4.00        0.150
  N      -63.052       13.548       42.506    -0.235    3.50        0.160
 HD      -62.769       12.760       43.054     0.174    2.00        0.000
 HD      -63.791       14.164       42.780     0.174    2.00        0.000
  N      -62.858       14.801       40.638    -0.235    3.50        0.160
 HD      -62.384       14.998       39.779     0.174    2.00        0.000
 HD      -63.769       15.189       40.768     0.174    2.00        0.000
  C      -60.304        9.736       38.159     0.241    4.00        0.150
 OA      -59.454       10.353       37.513    -0.271    3.20        0.200
  N      -60.558        8.498       37.790    -0.346    3.50        0.160
 HD      -61.379        8.144       38.231     0.163    2.00        0.000
  C      -60.159        7.855       36.557     0.177    4.00        0.150
  C      -60.501        6.300       36.654     0.038    4.00        0.150
  C      -60.651        5.499       35.376    -0.020    4.00        0.150
  C      -59.238        5.292       34.705     0.009    4.00        0.150
  C      -61.091        4.124       35.883     0.009    4.00        0.150
  C      -60.731        8.452       35.327     0.241    4.00        0.150
 OA      -60.009        8.520       34.339    -0.271    3.20        0.200
  N      -62.025        8.813       35.335    -0.346    3.50        0.160
 HD      -62.676        8.702       36.083     0.163    2.00        0.000
  C      -62.679        9.460       34.175     0.177    4.00        0.150
  C      -64.179        9.822       34.465     0.044    4.00        0.150
  C      -64.872       10.542       33.230     0.105    4.00        0.150
  C      -64.967        9.813       31.853     0.215    4.00        0.150
 OA      -65.453        8.710       31.685    -0.274    3.20        0.200
  N      -64.377       10.396       30.781    -0.370    3.50        0.160
 HD      -63.825       11.193       31.026     0.159    2.00        0.000
 HD      -64.253        9.877       29.936     0.159    2.00        0.000
  C      -61.985       10.832       33.851     0.241    4.00        0.150
 OA      -61.735       11.202       32.728    -0.271    3.20        0.200
  N      -61.631       11.588       34.932    -0.346    3.50        0.160
 HD      -61.846       11.150       35.802     0.163    2.00        0.000
  C      -60.874       12.823       34.913     0.177    4.00        0.150
  C      -61.046       13.376       36.394     0.045    4.00        0.150
  C      -60.309       14.708       36.722     0.116    4.00        0.150
  C      -60.526       15.165       38.202     0.172    4.00        0.150
 OA      -59.850       14.569       39.026    -0.648    3.20        0.200
 OA      -61.344       16.131       38.469    -0.648    3.20        0.200
  C      -59.457       12.572       34.472     0.241    4.00        0.150
 OA      -58.906       13.445       33.817    -0.271    3.20        0.200
  N      -58.813       11.421       34.799    -0.346    3.50        0.160
 HD      -59.328       10.833       35.419     0.163    2.00        0.000
  C      -57.429       11.013       34.440     0.172    4.00        0.150
  C      -57.006        9.869       35.343     0.042    4.00        0.150
  C      -57.253       10.611       32.986     0.240    4.00        0.150
 OA      -56.177       10.924       32.465    -0.271    3.20        0.200
  N      -58.268        9.921       32.464    -0.346    3.50        0.160
 HD      -58.924        9.644       33.162     0.163    2.00        0.000
  C      -58.467        9.762       31.019     0.177    4.00        0.150
  C      -59.677        8.889       30.692     0.038    4.00        0.150
  C      -59.411        7.445       30.921    -0.020    4.00        0.150
  C      -60.800        6.718       31.300     0.009    4.00        0.150
  C      -58.728        6.806       29.724     0.009    4.00        0.150
  C      -58.621       11.106       30.292     0.241    4.00        0.150
 OA      -57.968       11.407       29.269    -0.271    3.20        0.200
  N      -59.416       11.987       30.802    -0.346    3.50        0.160
 HD      -59.997       11.727       31.569     0.163    2.00        0.000
  C      -59.479       13.383       30.315     0.185    4.00        0.150
  C      -60.680       14.181       30.883     0.137    4.00        0.150
  C      -62.061       13.545       30.712     0.217    4.00        0.150
 OA      -62.285       12.599       29.977    -0.274    3.20        0.200
  N      -63.107       14.071       31.408    -0.370    3.50        0.160
 HD      -63.944       13.524       31.376     0.159    2.00        0.000
 HD      -62.959       14.904       31.939     0.159    2.00        0.000
  C      -58.099       14.179       30.497     0.241    4.00        0.150
 OA      -57.770       15.047       29.700    -0.271    3.20        0.200
  N      -57.353       14.046       31.633    -0.346    3.50        0.160
 HD      -57.899       13.646       32.366     0.163    2.00        0.000
  C      -56.095       14.669       31.951     0.177    4.00        0.150
  C      -55.874       14.633       33.479     0.038    4.00        0.150
  C      -54.512       15.173       33.915    -0.020    4.00        0.150
  C      -54.177       16.647       33.496     0.009    4.00        0.150
  C      -54.284       14.994       35.451     0.009    4.00        0.150
  C      -54.947       14.199       31.098     0.241    4.00        0.150
 OA      -54.142       14.961       30.585    -0.271    3.20        0.200
  N      -54.886       12.832       30.958    -0.346    3.50        0.160
 HD      -55.536       12.156       31.296     0.163    2.00        0.000
  C      -53.914       12.120       30.103     0.180    4.00        0.150
  C      -54.170       10.552       30.126     0.073    4.00        0.150
  A      -53.402        9.787       29.094    -0.056    4.00        0.150
  A      -52.029        9.938       29.006     0.007    4.00        0.150
  A      -51.305        9.278       28.012     0.001    4.00        0.150
  A      -51.942        8.423       27.150     0.000    4.00        0.150
  A      -54.038        9.035       28.107     0.007    4.00        0.150
  A      -53.334        8.279       27.156     0.001    4.00        0.150
  C      -54.124       12.482       28.621     0.241    4.00        0.150
 OA      -53.181       12.833       27.982    -0.271    3.20        0.200
  N      -55.412       12.582       28.096    -0.346    3.50        0.160
 HD      -56.175       12.429       28.721     0.163    2.00        0.000
  C      -55.801       12.835       26.755     0.176    4.00        0.150
  C      -57.291       12.643       26.668     0.035    4.00        0.150
  C      -57.941       12.936       25.309     0.004    4.00        0.150
  C      -59.329       12.320       25.313     0.027    4.00        0.150
  C      -60.345       12.984       26.233     0.229    4.00        0.150
  N      -61.621       12.288       25.996    -0.079    3.50        0.160
 HD      -61.780       11.636       26.790     0.274    2.00        0.000
 HD      -61.565       11.717       25.130     0.274    2.00        0.000
 HD      -62.405       12.948       25.818     0.274    2.00        0.000
  C      -55.398       14.210       26.276     0.241    4.00        0.150
 OA      -54.899       14.421       25.108    -0.271    3.20        0.200
  N      -55.530       15.166       27.240    -0.344    3.50        0.160
 HD      -55.963       14.949       28.111     0.163    2.00        0.000
  C      -55.109       16.618       27.127     0.200    4.00        0.150
  C      -55.473       17.448       28.442     0.199    4.00        0.150
 OA      -55.263       18.862       28.209    -0.398    3.20        0.200
 HD      -55.245       19.225       29.098     0.209    2.00        0.000
  C      -53.593       16.699       27.041     0.243    4.00        0.150
 OA      -53.106       17.353       26.137    -0.271    3.20        0.200
  N      -52.863       16.038       28.005    -0.346    3.50        0.160
 HD      -53.397       15.570       28.703     0.163    2.00        0.000
  C      -51.457       16.021       28.077     0.180    4.00        0.150
  C      -51.026       15.600       29.484     0.013    4.00        0.150
  C      -49.510       15.357       29.567     0.012    4.00        0.150
  C      -51.390       16.773       30.497     0.002    4.00        0.150
  C      -50.964       16.572       32.036     0.005    4.00        0.150
  C      -50.812       15.256       26.902     0.241    4.00        0.150
 OA      -49.783       15.747       26.458    -0.271    3.20        0.200
  N      -51.351       14.083       26.484    -0.346    3.50        0.160
 HD      -52.060       13.618       27.008     0.163    2.00        0.000
  C      -50.960       13.364       25.270     0.181    4.00        0.150
  C      -51.886       12.104       25.052     0.075    4.00        0.150
  A      -51.568       11.159       23.893    -0.028    4.00        0.150
  A      -52.009       11.219       22.550     0.096    4.00        0.150
  N      -51.420       10.254       21.772    -0.365    3.50        0.160
 HD      -51.503       10.241       20.799     0.165    2.00        0.000
  A      -50.521        9.631       22.587     0.042    4.00        0.150
  A      -50.560       10.145       23.866    -0.002    4.00        0.150
  A      -49.718        9.665       24.851     0.014    4.00        0.150
  A      -48.800        8.704       24.508     0.001    4.00        0.150
  A      -49.595        8.577       22.269     0.030    4.00        0.150
  A      -48.691        8.169       23.230     0.002    4.00        0.150
  C      -50.983       14.233       23.981     0.241    4.00        0.150
 OA      -50.108       14.200       23.146    -0.271    3.20        0.200
  N      -52.066       15.070       23.880    -0.346    3.50        0.160
 HD      -52.783       15.053       24.572     0.163    2.00        0.000
  C      -52.196       15.873       22.620     0.185    4.00        0.150
  C      -53.691       15.986       22.242     0.137    4.00        0.150
  C      -54.074       14.632       21.705     0.217    4.00        0.150
 OA      -53.878       14.390       20.498    -0.274    3.20        0.200
  N      -54.671       13.663       22.505    -0.370    3.50        0.160
 HD      -55.026       12.850       22.048     0.159    2.00        0.000
 HD      -54.785       13.818       23.487     0.159    2.00        0.000
  C      -51.588       17.293       22.759     0.241    4.00        0.150
 OA      -51.620       18.079       21.757    -0.271    3.20        0.200
  N      -50.963       17.651       23.868    -0.346    3.50        0.160
 HD      -50.817       16.950       24.561     0.163    2.00        0.000
  C      -50.213       18.858       23.995     0.185    4.00        0.150
  C      -49.694       19.127       25.525     0.137    4.00        0.150
  C      -48.731       20.292       25.782     0.217    4.00        0.150
 OA      -47.492       20.168       25.559    -0.274    3.20        0.200
  N      -49.221       21.432       26.340    -0.370    3.50        0.160
 HD      -50.178       21.633       26.130     0.159    2.00        0.000
 HD      -48.666       22.182       26.699     0.159    2.00        0.000
  C      -49.052       19.057       22.919     0.241    4.00        0.150
 OA      -48.372       18.134       22.397    -0.271    3.20        0.200
  N      -48.900       20.363       22.586    -0.346    3.50        0.160
 HD      -49.500       21.018       23.038     0.163    2.00        0.000
  C      -47.964       20.829       21.563     0.176    4.00        0.150
  C      -48.167       22.334       21.259     0.036    4.00        0.150
  C      -47.283       23.056       20.286     0.023    4.00        0.150
  C      -46.075       23.822       20.849     0.138    4.00        0.150
  N      -45.490       24.705       19.811    -0.227    3.50        0.160
 HD      -45.796       25.603       19.493     0.177    2.00        0.000
  C      -44.429       24.368       18.991     0.665    4.00        0.150
  N      -43.841       23.155       19.022    -0.235    3.50        0.160
 HD      -44.169       22.488       19.691     0.174    2.00        0.000
 HD      -43.248       22.835       18.283     0.174    2.00        0.000
  N      -44.135       25.211       18.030    -0.235    3.50        0.160
 HD      -44.515       26.135       17.984     0.174    2.00        0.000
 HD      -43.349       25.008       17.445     0.174    2.00        0.000
  C      -46.534       20.462       21.952     0.241    4.00        0.150
 OA      -45.741       20.108       21.085    -0.271    3.20        0.200
  N      -46.014       20.549       23.172    -0.346    3.50        0.160
 HD      -46.653       20.749       23.911     0.163    2.00        0.000
  C      -44.597       20.604       23.539     0.181    4.00        0.150
  C      -44.252       21.658       24.665     0.075    4.00        0.150
  A      -44.571       23.098       24.470    -0.028    4.00        0.150
  A      -45.610       23.785       25.032     0.096    4.00        0.150
  N      -45.586       25.131       24.543    -0.365    3.50        0.160
 HD      -46.296       25.763       24.761     0.165    2.00        0.000
  A      -44.599       25.314       23.639     0.042    4.00        0.150
  A      -43.887       24.024       23.532    -0.002    4.00        0.150
  A      -42.829       23.892       22.574     0.014    4.00        0.150
  A      -42.690       24.937       21.631     0.001    4.00        0.150
  A      -44.324       26.348       22.780     0.030    4.00        0.150
  A      -43.409       26.120       21.748     0.002    4.00        0.150
  C      -44.184       19.238       24.047     0.241    4.00        0.150
 OA      -43.010       19.009       24.344    -0.271    3.20        0.200
  N      -45.159       18.325       24.125    -0.346    3.50        0.160
 HD      -46.007       18.602       23.679     0.163    2.00        0.000
  C      -44.991       17.035       24.690     0.177    4.00        0.150
  C      -45.986       16.784       25.823     0.038    4.00        0.150
  C      -45.853       17.613       27.095    -0.020    4.00        0.150
  C      -47.042       17.448       28.086     0.009    4.00        0.150
  C      -44.530       17.317       27.889     0.009    4.00        0.150
  C      -45.165       15.950       23.642     0.241    4.00        0.150
 OA      -45.328       14.768       23.983    -0.271    3.20        0.200
  N      -45.089       16.246       22.322    -0.346    3.50        0.160
 HD      -45.252       17.204       22.097     0.163    2.00        0.000
  C      -45.195       15.344       21.166     0.176    4.00        0.150
  C      -45.028       16.144       19.862     0.036    4.00        0.150
  C      -46.217       17.187       19.674     0.023    4.00        0.150
  C      -46.102       18.129       18.387     0.138    4.00        0.150
  N      -47.405       18.854       18.296    -0.227    3.50        0.160
 HD      -48.240       18.468       18.687     0.177    2.00        0.000
  C      -47.551       20.121       17.867     0.665    4.00        0.150
  N      -46.667       20.853       17.226    -0.235    3.50        0.160
 HD      -45.866       20.337       16.921     0.174    2.00        0.000
 HD      -46.856       21.821       17.057     0.174    2.00        0.000
  N      -48.670       20.664       18.142    -0.235    3.50        0.160
 HD      -49.368       20.186       18.674     0.174    2.00        0.000
 HD      -49.021       21.422       17.591     0.174    2.00        0.000
  C      -44.121       14.257       21.211     0.241    4.00        0.150
 OA      -44.314       13.163       20.733    -0.271    3.20        0.200
  N      -42.884       14.520       21.718    -0.344    3.50        0.160
 HD      -42.586       15.396       22.090     0.163    2.00        0.000
  C      -41.761       13.590       21.868     0.205    4.00        0.150
  C      -40.399       14.233       21.786     0.146    4.00        0.150
 OA      -40.426       15.478       22.441    -0.393    3.20        0.200
 HD      -39.521       15.736       22.632     0.210    2.00        0.000
  C      -40.053       14.527       20.276     0.042    4.00        0.150
  C      -41.873       12.882       23.208     0.243    4.00        0.150
 OA      -40.976       12.031       23.378    -0.271    3.20        0.200
  N      -42.776       13.236       24.111    -0.346    3.50        0.160
 HD      -43.541       13.846       23.920     0.163    2.00        0.000
  C      -42.631       12.982       25.511     0.180    4.00        0.150
  C      -42.643       14.276       26.349     0.013    4.00        0.150
  C      -42.344       13.883       27.795     0.012    4.00        0.150
  C      -41.699       15.471       26.004     0.002    4.00        0.150
  C      -40.326       14.969       25.950     0.005    4.00        0.150
  C      -43.394       11.755       25.979     0.241    4.00        0.150
 OA      -44.639       11.702       25.809    -0.271    3.20        0.200
  N      -42.775       10.699       26.418    -0.344    3.50        0.160
 HD      -41.791       10.726       26.268     0.163    2.00        0.000
  C      -43.310        9.479       26.948     0.200    4.00        0.150
  C      -42.413        8.262       27.013     0.199    4.00        0.150
 OA      -42.009        7.776       25.747    -0.398    3.20        0.200
 HD      -41.407        8.470       25.472     0.209    2.00        0.000
  C      -44.160        9.560       28.262     0.243    4.00        0.150
 OA      -43.823       10.207       29.236    -0.271    3.20        0.200
  N      -45.248        8.735       28.294    -0.346    3.50        0.160
 HD      -45.398        8.133       27.512     0.163    2.00        0.000
  C      -46.183        8.773       29.429     0.180    4.00        0.150
  C      -47.642        9.229       29.059     0.009    4.00        0.150
  C      -48.448        9.391       30.418     0.012    4.00        0.150
  C      -47.620       10.584       28.236     0.012    4.00        0.150
  C      -46.314        7.348       29.956     0.241    4.00        0.150
 OA      -46.475        6.328       29.267    -0.271    3.20        0.200
  N      -46.098        7.135       31.259    -0.346    3.50        0.160
 HD      -45.908        7.856       31.922     0.163    2.00        0.000
  C      -46.133        5.834       31.955     0.180    4.00        0.150
  C      -44.689        5.666       32.578     0.013    4.00        0.150
  C      -44.657        4.304       33.303     0.012    4.00        0.150
  C      -43.588        5.774       31.442     0.002    4.00        0.150
  C      -42.158        5.641       31.985     0.005    4.00        0.150
  C      -47.182        6.060       32.978     0.241    4.00        0.150
 OA      -47.161        7.078       33.640    -0.271    3.20        0.200
  N      -48.107        5.086       33.080    -0.346    3.50        0.160
 HD      -48.162        4.357       32.403     0.163    2.00        0.000
  C      -49.104        5.049       34.063     0.177    4.00        0.150
  C      -50.515        4.875       33.554     0.038    4.00        0.150
  C      -50.921        5.898       32.491    -0.020    4.00        0.150
  C      -50.692        5.426       31.092     0.009    4.00        0.150
  C      -52.451        6.205       32.753     0.009    4.00        0.150
  C      -48.891        3.887       34.963     0.241    4.00        0.150
 OA      -48.895        2.751       34.539    -0.271    3.20        0.200
  N      -48.976        4.203       36.296    -0.346    3.50        0.160
 HD      -48.893        5.180       36.475     0.163    2.00        0.000
  C      -49.001        3.182       37.318     0.180    4.00        0.150
  C      -48.177        3.457       38.694     0.073    4.00        0.150
  A      -46.762        3.124       38.520    -0.056    4.00        0.150
  A      -45.829        4.055       38.976     0.007    4.00        0.150
  A      -44.497        3.722       39.198     0.001    4.00        0.150
  A      -44.082        2.332       38.880     0.000    4.00        0.150
  A      -46.369        1.754       38.412     0.007    4.00        0.150
  A      -45.071        1.392       38.591     0.001    4.00        0.150
  C      -50.519        3.021       37.591     0.241    4.00        0.150
 OA      -51.155        3.934       38.101    -0.271    3.20        0.200
  N      -51.042        1.823       37.332    -0.346    3.50        0.160
 HD      -50.413        1.160       36.932     0.163    2.00        0.000
  C      -52.427        1.507       37.631     0.177    4.00        0.150
  C      -53.116        0.775       36.457     0.038    4.00        0.150
  C      -53.330        1.591       35.111    -0.020    4.00        0.150
  C      -53.858        0.730       33.923     0.009    4.00        0.150
  C      -54.383        2.669       35.272     0.009    4.00        0.150
  C      -52.477        0.658       38.906     0.241    4.00        0.150
 OA      -51.823       -0.360       39.106    -0.271    3.20        0.200
  N      -53.343        1.186       39.769    -0.346    3.50        0.160
 HD      -53.935        1.890       39.385     0.163    2.00        0.000
  C      -53.311        0.894       41.225     0.185    4.00        0.150
  C      -52.601        2.109       41.855     0.137    4.00        0.150
  C      -52.390        1.862       43.355     0.217    4.00        0.150
 OA      -51.717        0.893       43.819    -0.274    3.20        0.200
  N      -53.066        2.677       44.145    -0.370    3.50        0.160
 HD      -52.987        2.471       45.120     0.159    2.00        0.000
 HD      -53.588        3.462       43.808     0.159    2.00        0.000
  C      -54.693        0.525       41.729     0.241    4.00        0.150
 OA      -55.754        0.799       41.062    -0.271    3.20        0.200
  N      -54.641       -0.221       42.874    -0.346    3.50        0.160
 HD      -53.766       -0.313       43.343     0.163    2.00        0.000
  C      -55.706       -0.610       43.641     0.176    4.00        0.150
  C      -56.802        0.455       43.894     0.035    4.00        0.150
  C      -56.295        1.534       44.818     0.004    4.00        0.150
  C      -55.596        1.067       46.068     0.027    4.00        0.150
  C      -55.696        2.038       47.207     0.229    4.00        0.150
  N      -55.047        3.461       47.095    -0.079    3.50        0.160
 HD      -55.226        4.116       47.882     0.274    2.00        0.000
 HD      -55.326        3.855       46.174     0.274    2.00        0.000
 HD      -54.027        3.309       47.227     0.274    2.00        0.000
  C      -56.354       -1.963       43.172     0.241    4.00        0.150
 OA      -57.572       -2.170       43.244    -0.271    3.20        0.200
  N      -55.591       -2.848       42.544    -0.346    3.50        0.160
 HD      -54.628       -2.620       42.423     0.163    2.00        0.000
  C      -56.089       -4.077       41.836     0.177    4.00        0.150
  C      -55.036       -4.699       41.040     0.044    4.00        0.150
  C      -54.637       -3.942       39.672     0.105    4.00        0.150
  C      -55.624       -3.030       39.006     0.215    4.00        0.150
 OA      -56.835       -3.296       38.796    -0.274    3.20        0.200
  N      -55.289       -1.791       38.599    -0.370    3.50        0.160
 HD      -54.377       -1.437       38.803     0.159    2.00        0.000
 HD      -56.070       -1.337       38.171     0.159    2.00        0.000
  C      -56.815       -5.119       42.671     0.241    4.00        0.150
 OA      -57.788       -5.711       42.366    -0.271    3.20        0.200
  N      -56.256       -5.230       43.919    -0.346    3.50        0.160
 HD      -55.492       -4.653       44.198     0.163    2.00        0.000
  C      -56.846       -6.124       44.888     0.186    4.00        0.150
  C      -55.751       -6.495       45.866     0.147    4.00        0.150
  C      -55.241       -5.169       46.477     0.175    4.00        0.150
 OA      -54.425       -4.486       45.825    -0.648    3.20        0.200
 OA      -55.664       -4.851       47.620    -0.648    3.20        0.200
  C      -58.157       -5.610       45.458     0.241    4.00        0.150
 OA      -59.204       -6.338       45.515    -0.271    3.20        0.200
  N      -58.187       -4.314       45.813    -0.346    3.50        0.160
 HD      -57.325       -3.834       45.955     0.163    2.00        0.000
  C      -59.394       -3.560       46.081     0.177    4.00        0.150
  C      -58.938       -2.185       46.516     0.038    4.00        0.150
  C      -59.977       -1.243       47.226    -0.020    4.00        0.150
  C      -60.522       -1.951       48.462     0.009    4.00        0.150
  C      -59.367        0.190       47.544     0.009    4.00        0.150
  C      -60.388       -3.411       45.015     0.241    4.00        0.150
 OA      -61.549       -3.542       45.279    -0.271    3.20        0.200
  N      -59.930       -3.198       43.745    -0.346    3.50        0.160
 HD      -58.945       -3.187       43.592     0.163    2.00        0.000
  C      -60.848       -3.317       42.617     0.177    4.00        0.150
  C      -60.168       -3.242       41.247     0.038    4.00        0.150
  C      -61.164       -3.095       40.003    -0.020    4.00        0.150
  C      -61.708       -1.699       39.858     0.009    4.00        0.150
  C      -60.456       -3.519       38.684     0.009    4.00        0.150
  C      -61.560       -4.616       42.518     0.241    4.00        0.150
 OA      -62.775       -4.560       42.346    -0.271    3.20        0.200
  N      -60.897       -5.813       42.663    -0.346    3.50        0.160
 HD      -59.913       -5.735       42.807     0.163    2.00        0.000
  C      -61.494       -7.116       42.530     0.172    4.00        0.150
  C      -60.415       -8.229       42.721     0.042    4.00        0.150
  C      -62.602       -7.247       43.633     0.240    4.00        0.150
 OA      -63.691       -7.835       43.434    -0.271    3.20        0.200
  N      -62.333       -6.757       44.877    -0.346    3.50        0.160
 HD      -61.583       -6.118       45.030     0.163    2.00        0.000
  C      -63.250       -6.714       45.959     0.177    4.00        0.150
  C      -62.585       -6.153       47.218     0.045    4.00        0.150
  C      -63.615       -5.720       48.351     0.116    4.00        0.150
  C      -63.026       -5.738       49.820     0.172    4.00        0.150
 OA      -63.807       -5.611       50.819    -0.648    3.20        0.200
 OA      -61.808       -5.850       50.034    -0.648    3.20        0.200
  C      -64.503       -5.934       45.630     0.241    4.00        0.150
 OA      -65.603       -6.396       45.989    -0.271    3.20        0.200
  N      -64.512       -4.854       44.844    -0.346    3.50        0.160
 HD      -63.635       -4.593       44.447     0.163    2.00        0.000
  C      -65.708       -4.056       44.527     0.176    4.00        0.150
  C      -65.304       -2.500       44.392     0.035    4.00        0.150
  C      -64.623       -1.733       45.484     0.004    4.00        0.150
  C      -65.146       -1.958       46.900     0.027    4.00        0.150
  C      -66.645       -1.628       46.983     0.229    4.00        0.150
  N      -66.974       -1.816       48.446    -0.079    3.50        0.160
 HD      -66.458       -2.613       48.872     0.274    2.00        0.000
 HD      -67.986       -2.034       48.547     0.274    2.00        0.000
 HD      -66.754       -0.947       48.973     0.274    2.00        0.000
  C      -66.414       -4.582       43.299     0.241    4.00        0.150
 OA      -67.566       -4.220       43.124    -0.271    3.20        0.200
  N      -65.777       -5.392       42.476    -0.346    3.50        0.160
 HD      -64.834       -5.627       42.697     0.163    2.00        0.000
  C      -66.198       -5.802       41.217     0.180    4.00        0.150
  C      -64.913       -5.715       40.278     0.009    4.00        0.150
  C      -64.989       -6.575       39.001     0.012    4.00        0.150
  C      -64.689       -4.231       39.844     0.012    4.00        0.150
  C      -66.863       -7.156       41.216     0.241    4.00        0.150
 OA      -67.801       -7.384       40.489    -0.271    3.20        0.200
  N      -66.443       -8.025       42.088    -0.346    3.50        0.160
 HD      -65.646       -7.857       42.663     0.163    2.00        0.000
  C      -66.973       -9.283       42.338     0.177    4.00        0.150
  C      -65.727      -10.222       42.531     0.038    4.00        0.150
  C      -64.680      -10.301       41.389    -0.020    4.00        0.150
  C      -63.495      -11.178       41.948     0.009    4.00        0.150
  C      -65.302      -10.910       40.162     0.009    4.00        0.150
  C      -67.993       -9.348       43.493     0.241    4.00        0.150
 OA      -68.464      -10.456       43.783    -0.271    3.20        0.200
  N      -68.415       -8.221       44.032    -0.346    3.50        0.160
 HD      -67.948       -7.397       43.719     0.163    2.00        0.000
  C      -69.580       -8.210       44.856     0.172    4.00        0.150
  C      -69.306       -7.264       46.104     0.042    4.00        0.150
  C      -70.824       -7.681       44.150     0.240    4.00        0.150
 OA      -70.678       -6.947       43.181    -0.271    3.20        0.200
  N      -72.032       -8.084       44.514    -0.351    3.50        0.160
 HD      -72.132       -8.589       45.368     0.163    2.00        0.000
  C      -73.204       -7.431       43.960     0.225    4.00        0.150
  C      -73.285       -6.005       44.502     0.236    4.00        0.150
 OA      -72.774       -5.590       45.522    -0.272    3.20        0.200
  N      -73.964       -5.191       43.720    -0.346    3.50        0.160
 HD      -74.555       -5.657       43.067     0.163    2.00        0.000
  C      -73.889       -3.751       43.760     0.176    4.00        0.150
  C      -74.450       -3.068       45.022     0.035    4.00        0.150
  C      -75.880       -3.330       45.433     0.004    4.00        0.150
  C      -76.813       -2.677       44.440     0.027    4.00        0.150
  C      -78.261       -3.094       44.599     0.229    4.00        0.150
  N      -79.170       -2.386       43.658    -0.079    3.50        0.160
 HD      -80.186       -2.523       43.829     0.274    2.00        0.000
 HD      -78.942       -2.638       42.675     0.274    2.00        0.000
 HD      -79.023       -1.357       43.689     0.274    2.00        0.000
  C      -72.547       -3.224       43.317     0.241    4.00        0.150
 OA      -72.094       -2.136       43.735    -0.271    3.20        0.200
  N      -71.825       -3.931       42.426    -0.344    3.50        0.160
 HD      -72.194       -4.827       42.190     0.163    2.00        0.000
  C      -70.774       -3.376       41.717     0.200    4.00        0.150
  C      -69.989       -4.436       40.947     0.199    4.00        0.150
 OA      -69.163       -3.935       39.895    -0.398    3.20        0.200
 HD      -69.794       -3.463       39.348     0.209    2.00        0.000
  C      -71.201       -2.258       40.774     0.243    4.00        0.150
 OA      -72.239       -2.343       40.128    -0.271    3.20        0.200
  N      -70.359       -1.144       40.634    -0.346    3.50        0.160
 HD      -69.429       -1.136       40.993     0.163    2.00        0.000
  C      -70.791        0.050       39.882     0.176    4.00        0.150
  C      -70.753        1.306       40.760     0.035    4.00        0.150
  C      -71.793        1.320       41.927     0.004    4.00        0.150
  C      -71.619        2.533       42.936     0.027    4.00        0.150
  C      -71.536        3.825       42.278     0.229    4.00        0.150
  N      -72.023        4.911       43.140    -0.079    3.50        0.160
 HD      -73.002        5.184       42.923     0.274    2.00        0.000
 HD      -71.437        5.770       43.142     0.274    2.00        0.000
 HD      -72.185        4.497       44.080     0.274    2.00        0.000
  C      -69.931        0.395       38.697     0.241    4.00        0.150
 OA      -69.940        1.452       38.085    -0.271    3.20        0.200
  N      -68.943       -0.561       38.333    -0.346    3.50        0.160
 HD      -68.743       -1.390       38.850     0.163    2.00        0.000
  C      -68.056       -0.329       37.159     0.180    4.00        0.150
  C      -66.939       -1.332       37.055     0.013    4.00        0.150
  C      -67.453       -2.797       36.912     0.012    4.00        0.150
  C      -65.835       -0.967       36.070     0.002    4.00        0.150
  C      -64.486       -1.612       36.215     0.005    4.00        0.150
  C      -68.885       -0.122       35.857     0.241    4.00        0.150
 OA      -68.587        0.776       35.027    -0.271    3.20        0.200
  N      -69.927       -0.897       35.617    -0.346    3.50        0.160
 HD      -70.175       -1.669       36.198     0.163    2.00        0.000
  C      -70.708       -0.904       34.394     0.177    4.00        0.150
  C      -71.418       -2.236       34.146     0.045    4.00        0.150
  C      -70.537       -3.457       33.824     0.116    4.00        0.150
  C      -71.160       -4.662       34.272     0.172    4.00        0.150
 OA      -71.304       -4.964       35.507    -0.648    3.20        0.200
 OA      -71.790       -5.301       33.382    -0.648    3.20        0.200
  C      -71.554        0.277       34.234     0.241    4.00        0.150
 OA      -71.650        0.832       33.141    -0.271    3.20        0.200
  N      -72.291        0.761       35.296    -0.346    3.50        0.160
 HD      -72.322        0.163       36.094     0.163    2.00        0.000
  C      -73.084        1.971       35.261     0.186    4.00        0.150
  C      -73.723        2.136       36.694     0.147    4.00        0.150
  C      -74.909        1.217       36.997     0.175    4.00        0.150
 OA      -75.692        1.580       37.879    -0.648    3.20        0.200
 OA      -74.950        0.110       36.546    -0.648    3.20        0.200
  C      -72.219        3.205       35.028     0.241    4.00        0.150
 OA      -72.504        4.182       34.277    -0.271    3.20        0.200
  N      -71.021        3.307       35.650    -0.346    3.50        0.160
 HD      -70.636        2.602       36.241     0.163    2.00        0.000
  C      -70.150        4.434       35.332     0.180    4.00        0.150
  C      -68.999        4.269       36.378     0.073    4.00        0.150
  A      -68.450        5.722       36.652    -0.056    4.00        0.150
  A      -67.767        6.484       35.619     0.010    4.00        0.150
  A      -67.478        7.823       35.807     0.037    4.00        0.150
  A      -67.766        8.430       37.065     0.065    4.00        0.150
 OA      -67.679        9.840       37.225    -0.361    3.20        0.200
 HD      -67.394       10.269       36.415     0.217    2.00        0.000
  A      -68.609        6.339       37.906     0.010    4.00        0.150
  A      -68.256        7.683       38.118     0.037    4.00        0.150
  C      -69.685        4.514       33.864     0.241    4.00        0.150
 OA      -69.525        5.602       33.249    -0.271    3.20        0.200
  N      -69.587        3.289       33.332    -0.346    3.50        0.160
 HD      -69.798        2.493       33.894     0.163    2.00        0.000
  C      -68.901        3.033       32.045     0.181    4.00        0.150
  C      -67.476        2.453       32.150     0.073    4.00        0.150
  A      -66.418        3.363       32.813    -0.056    4.00        0.150
  A      -66.269        4.635       32.317     0.007    4.00        0.150
  A      -65.331        5.545       32.811     0.001    4.00        0.150
  A      -64.464        5.081       33.851     0.000    4.00        0.150
  A      -65.544        2.868       33.773     0.007    4.00        0.150
  A      -64.546        3.725       34.326     0.001    4.00        0.150
  C      -69.587        2.005       31.178     0.243    4.00        0.150
 OA      -69.123        0.861       31.119    -0.271    3.20        0.200
  N      -70.659        2.362       30.438    -0.337    3.50        0.160
  C      -71.190        3.674       30.173     0.127    4.00        0.150
  C      -71.438        1.296       29.797     0.179    4.00        0.150
  C      -72.746        2.167       29.352     0.037    4.00        0.150
  C      -72.276        3.554       29.071     0.022    4.00        0.150
  C      -70.784        0.534       28.672     0.241    4.00        0.150
 OA      -71.417       -0.461       28.294    -0.271    3.20        0.200
  N      -69.568        1.052       28.258    -0.346    3.50        0.160
 HD      -69.291        1.966       28.548     0.163    2.00        0.000
  C      -68.696        0.349       27.312     0.177    4.00        0.150
  C      -67.559        1.246       26.667     0.045    4.00        0.150
  C      -68.177        2.306       25.720     0.116    4.00        0.150
  C      -67.202        3.400       25.338     0.172    4.00        0.150
 OA      -67.636        4.574       25.507    -0.648    3.20        0.200
 OA      -66.002        3.112       24.980    -0.648    3.20        0.200
  C      -68.010       -0.928       27.950     0.241    4.00        0.150
 OA      -67.666       -1.874       27.196    -0.271    3.20        0.200
  N      -67.761       -0.919       29.302    -0.346    3.50        0.160
 HD      -68.089       -0.186       29.893     0.163    2.00        0.000
  C      -67.161       -2.047       30.015     0.180    4.00        0.150
  C      -66.753       -1.711       31.467     0.073    4.00        0.150
  A      -66.192       -2.947       32.096    -0.056    4.00        0.150
  A      -65.133       -3.531       31.416     0.007    4.00        0.150
  A      -64.709       -4.836       31.782     0.001    4.00        0.150
  A      -65.214       -5.500       32.922     0.000    4.00        0.150
  A      -66.685       -3.567       33.268     0.007    4.00        0.150
  A      -66.118       -4.836       33.728     0.001    4.00        0.150
  C      -67.921       -3.323       29.852     0.241    4.00        0.150
 OA      -67.437       -4.475       29.759    -0.271    3.20        0.200
  N      -69.311       -3.199       29.796    -0.346    3.50        0.160
 HD      -69.657       -2.272       29.917     0.163    2.00        0.000
  C      -70.311       -4.312       29.687     0.172    4.00        0.150
  C      -71.722       -3.716       29.535     0.042    4.00        0.150
  C      -70.041       -5.200       28.480     0.240    4.00        0.150
 OA      -70.290       -6.387       28.403    -0.271    3.20        0.200
  N      -69.646       -4.510       27.370    -0.346    3.50        0.160
 HD      -69.382       -3.549       27.391     0.163    2.00        0.000
  C      -69.498       -5.048       26.018     0.176    4.00        0.150
  C      -69.825       -3.956       24.951     0.036    4.00        0.150
  C      -71.319       -3.426       25.012     0.023    4.00        0.150
  C      -72.467       -4.424       24.784     0.138    4.00        0.150
  N      -72.316       -5.029       23.436    -0.227    3.50        0.160
 HD      -71.550       -5.662       23.324     0.177    2.00        0.000
  C      -72.858       -4.641       22.293     0.665    4.00        0.150
  N      -73.609       -3.585       22.239    -0.235    3.50        0.160
 HD      -73.912       -3.069       23.041     0.174    2.00        0.000
 HD      -73.733       -3.221       21.315     0.174    2.00        0.000
  N      -72.627       -5.326       21.235    -0.235    3.50        0.160
 HD      -71.794       -5.877       21.267     0.174    2.00        0.000
 HD      -73.133       -5.076       20.408     0.174    2.00        0.000
  C      -68.127       -5.535       25.810     0.241    4.00        0.150
 OA      -67.968       -6.415       24.952    -0.271    3.20        0.200
  N      -67.221       -5.212       26.671    -0.346    3.50        0.160
 HD      -67.519       -4.735       27.495     0.163    2.00        0.000
  C      -65.840       -5.525       26.567     0.180    4.00        0.150
  C      -64.843       -4.553       27.425     0.073    4.00        0.150
  A      -63.410       -5.018       27.315    -0.056    4.00        0.150
  A      -62.836       -6.043       28.020     0.010    4.00        0.150
  A      -61.460       -6.340       27.796     0.037    4.00        0.150
  A      -60.699       -5.602       26.912     0.065    4.00        0.150
 OA      -59.300       -5.830       26.914    -0.361    3.20        0.200
 HD      -58.895       -5.021       26.592     0.217    2.00        0.000
  A      -62.654       -4.306       26.402     0.010    4.00        0.150
  A      -61.303       -4.539       26.232     0.037    4.00        0.150
  C      -65.628       -7.079       26.692     0.241    4.00        0.150
 OA      -66.189       -7.726       27.517    -0.271    3.20        0.200
  N      -64.790       -7.604       25.818    -0.344    3.50        0.160
 HD      -64.353       -7.143       25.049     0.163    2.00        0.000
  C      -64.147       -8.881       26.030     0.205    4.00        0.150
  C      -65.104      -10.011       25.570     0.146    4.00        0.150
 OA      -64.684      -11.350       25.923    -0.393    3.20        0.200
 HD      -65.313      -11.836       25.384     0.210    2.00        0.000
  C      -65.374       -9.934       23.993     0.042    4.00        0.150
  C      -62.772       -8.982       25.391     0.243    4.00        0.150
 OA      -62.395       -8.234       24.469    -0.271    3.20        0.200
  N      -61.853       -9.865       25.890    -0.344    3.50        0.160
 HD      -62.194      -10.424       26.642     0.163    2.00        0.000
  C      -60.468      -10.030       25.362     0.205    4.00        0.150
  C      -59.526       -9.036       25.992     0.146    4.00        0.150
 OA      -58.180       -9.210       25.487    -0.393    3.20        0.200
 HD      -57.578       -8.545       25.829     0.210    2.00        0.000
  C      -59.462       -9.265       27.592     0.042    4.00        0.150
  C      -60.140      -11.480       25.590     0.245    4.00        0.150
 OA      -60.675      -12.035       26.526    -0.271    3.20        0.200
  N      -59.367      -12.120       24.750    -0.337    3.50        0.160
  C      -59.252      -11.788       23.337     0.127    4.00        0.150
  C      -58.934      -13.523       24.980     0.179    4.00        0.150
  C      -58.148      -13.977       23.643     0.037    4.00        0.150
  C      -58.259      -12.762       22.791     0.022    4.00        0.150
  C      -57.932      -13.690       26.132     0.241    4.00        0.150
 OA      -57.806      -14.735       26.700    -0.271    3.20        0.200
  N      -57.160      -12.673       26.396    -0.346    3.50        0.160
 HD      -57.224      -11.913       25.753     0.163    2.00        0.000
  C      -56.072      -12.472       27.388     0.177    4.00        0.150
  C      -55.816      -11.028       27.718     0.045    4.00        0.150
  C      -55.301      -10.314       26.391     0.116    4.00        0.150
  C      -54.951       -8.804       26.624     0.172    4.00        0.150
 OA      -54.029       -8.536       27.423    -0.648    3.20        0.200
 OA      -55.624       -7.910       26.058    -0.648    3.20        0.200
  C      -56.133      -13.308       28.679     0.241    4.00        0.150
 OA      -57.196      -13.627       29.124    -0.271    3.20        0.200
  N      -55.005      -13.847       29.127    -0.346    3.50        0.160
 HD      -54.171      -13.718       28.596     0.163    2.00        0.000
  C      -54.950      -14.815       30.158     0.186    4.00        0.150
  C      -53.534      -15.339       30.096     0.147    4.00        0.150
  C      -53.312      -16.570       31.076     0.175    4.00        0.150
 OA      -52.195      -16.555       31.662    -0.648    3.20        0.200
 OA      -54.137      -17.484       31.221    -0.648    3.20        0.200
  C      -55.386      -14.349       31.492     0.241    4.00        0.150
 OA      -55.001      -13.280       31.907    -0.271    3.20        0.200
  N      -56.128      -15.209       32.276    -0.346    3.50        0.160
 HD      -56.461      -16.094       31.961     0.163    2.00        0.000
  C      -56.490      -15.041       33.671     0.172    4.00        0.150
  C      -57.479      -16.108       34.005     0.042    4.00        0.150
  C      -55.372      -14.933       34.728     0.240    4.00        0.150
 OA      -54.418      -15.726       34.745    -0.271    3.20        0.200
  N      -55.433      -13.933       35.630    -0.344    3.50        0.160
 HD      -56.273      -13.416       35.487     0.163    2.00        0.000
  C      -54.299      -13.548       36.520     0.205    4.00        0.150
  C      -53.690      -12.146       36.365     0.146    4.00        0.150
 OA      -54.642      -11.124       36.595    -0.393    3.20        0.200
 HD      -55.487      -11.563       36.729     0.210    2.00        0.000
  C      -53.055      -12.020       34.968     0.042    4.00        0.150
  C      -54.769      -13.702       37.964     0.245    4.00        0.150
 OA      -55.958      -13.498       38.231    -0.271    3.20        0.200
  N      -53.984      -14.145       38.879    -0.337    3.50        0.160
  C      -52.618      -14.700       38.613     0.127    4.00        0.150
  C      -54.585      -14.686       40.112     0.179    4.00        0.150
  C      -53.572      -15.759       40.465     0.037    4.00        0.150
  C      -52.215      -15.430       39.846     0.022    4.00        0.150
  C      -54.497      -13.677       41.246     0.241    4.00        0.150
 OA      -55.151      -13.892       42.302    -0.271    3.20        0.200
  N      -53.674      -12.623       41.104    -0.346    3.50        0.160
 HD      -53.046      -12.692       40.333     0.163    2.00        0.000
  C      -53.533      -11.584       42.089     0.177    4.00        0.150
  C      -52.532      -10.509       41.669     0.045    4.00        0.150
  C      -51.120      -11.086       42.017     0.116    4.00        0.150
  C      -50.068      -10.389       41.194     0.172    4.00        0.150
 OA      -49.145       -9.792       41.822    -0.648    3.20        0.200
 OA      -50.110      -10.428       39.919    -0.648    3.20        0.200
  C      -54.894      -10.867       42.354     0.243    4.00        0.150
 OA      -55.110      -10.504       43.541    -0.271    3.20        0.200
  N      -55.879      -10.667       41.492    -0.337    3.50        0.160
  C      -55.469      -10.187       40.114     0.127    4.00        0.150
  C      -57.166      -10.150       41.859     0.179    4.00        0.150
  C      -57.491       -9.162       40.679     0.037    4.00        0.150
  C      -56.773       -9.823       39.497     0.022    4.00        0.150
  C      -58.144      -11.262       41.815     0.241    4.00        0.150
 OA      -59.247      -11.095       42.405    -0.271    3.20        0.200
  N      -57.936      -12.394       41.127    -0.351    3.50        0.160
 HD      -57.009      -12.468       40.768     0.163    2.00        0.000
  C      -58.910      -13.445       40.990     0.225    4.00        0.150
  C      -59.134      -13.724       39.506     0.236    4.00        0.150
 OA      -59.203      -12.794       38.655    -0.272    3.20        0.200
  N      -59.182      -15.087       39.195    -0.346    3.50        0.160
 HD      -58.921      -15.828       39.809     0.163    2.00        0.000
  C      -59.177      -15.560       37.836     0.177    4.00        0.150
  C      -58.454      -16.903       37.621     0.045    4.00        0.150
  C      -57.006      -16.837       38.023     0.116    4.00        0.150
  C      -56.315      -18.066       38.294     0.172    4.00        0.150
 OA      -56.058      -18.892       37.327    -0.648    3.20        0.200
 OA      -56.021      -18.306       39.488    -0.648    3.20        0.200
  C      -60.547      -15.421       37.175     0.241    4.00        0.150
 OA      -60.759      -15.581       35.955    -0.271    3.20        0.200
  N      -61.567      -15.018       38.033    -0.346    3.50        0.160
 HD      -61.430      -15.107       39.017     0.163    2.00        0.000
  C      -62.901      -14.575       37.763     0.186    4.00        0.150
  C      -63.599      -14.125       39.063     0.147    4.00        0.150
  C      -63.589      -15.256       40.053     0.175    4.00        0.150
 OA      -64.668      -15.851       40.276    -0.648    3.20        0.200
 OA      -62.588      -15.569       40.750    -0.648    3.20        0.200
  C      -63.008      -13.653       36.538     0.243    4.00        0.150
 OA      -62.121      -12.773       36.429    -0.271    3.20        0.200
  N      -63.905      -13.753       35.619    -0.337    3.50        0.160
  C      -65.140      -14.652       35.605     0.127    4.00        0.150
  C      -63.772      -13.020       34.338     0.179    4.00        0.150
  C      -64.930      -13.669       33.446     0.037    4.00        0.150
  C      -65.983      -14.260       34.427     0.022    4.00        0.150
  C      -64.092      -11.544       34.559     0.241    4.00        0.150
 OA      -63.571      -10.720       33.803    -0.271    3.20        0.200
  N      -64.974      -11.047       35.443    -0.346    3.50        0.160
 HD      -65.586      -11.581       36.021     0.163    2.00        0.000
  C      -65.294       -9.611       35.529     0.176    4.00        0.150
  C      -66.530       -9.440       36.408     0.036    4.00        0.150
  C      -67.880       -9.913       35.857     0.023    4.00        0.150
  C      -69.043       -9.513       36.764     0.138    4.00        0.150
  N      -70.199      -10.242       36.288    -0.227    3.50        0.160
 HD      -70.144      -10.679       35.390     0.177    2.00        0.000
  C      -71.385      -10.303       36.785     0.665    4.00        0.150
  N      -71.669       -9.782       37.928    -0.235    3.50        0.160
 HD      -70.867       -9.510       38.460     0.174    2.00        0.000
 HD      -72.622       -9.882       38.214     0.174    2.00        0.000
  N      -72.362      -10.806       36.161    -0.235    3.50        0.160
 HD      -72.325      -11.064       35.196     0.174    2.00        0.000
 HD      -73.240      -10.601       36.595     0.174    2.00        0.000
  C      -64.193       -8.725       35.962     0.241    4.00        0.150
 OA      -63.899       -7.716       35.305    -0.271    3.20        0.200
  N      -63.338       -9.035       36.985    -0.346    3.50        0.160
 HD      -63.516       -9.937       37.371     0.163    2.00        0.000
  C      -62.141       -8.324       37.348     0.180    4.00        0.150
  C      -61.649       -8.659       38.736     0.009    4.00        0.150
  C      -61.224      -10.126       38.828     0.012    4.00        0.150
  C      -60.413       -7.767       39.003     0.012    4.00        0.150
  C      -61.062       -8.537       36.208     0.241    4.00        0.150
 OA      -60.359       -7.559       35.945    -0.271    3.20        0.200
  N      -60.833       -9.770       35.677    -0.344    3.50        0.160
 HD      -61.479      -10.529       35.704     0.163    2.00        0.000
  C      -59.769      -10.009       34.671     0.205    4.00        0.150
  C      -59.616      -11.450       34.165     0.146    4.00        0.150
 OA      -59.691      -12.375       35.241    -0.393    3.20        0.200
 HD      -60.611      -12.441       35.505     0.210    2.00        0.000
  C      -58.280      -11.708       33.451     0.042    4.00        0.150
  C      -59.998       -9.135       33.453     0.243    4.00        0.150
 OA      -59.080       -8.624       32.861    -0.271    3.20        0.200
  N      -61.220       -8.958       33.046    -0.346    3.50        0.160
 HD      -61.948       -9.472       33.493     0.163    2.00        0.000
  C      -61.599       -8.076       31.965     0.176    4.00        0.150
  C      -62.991       -8.312       31.447     0.036    4.00        0.150
  C      -63.248       -9.663       30.777     0.023    4.00        0.150
  C      -64.782       -9.843       30.761     0.138    4.00        0.150
  N      -65.084      -11.134       30.103    -0.227    3.50        0.160
 HD      -64.608      -11.364       29.254     0.177    2.00        0.000
  C      -66.187      -11.849       30.351     0.665    4.00        0.150
  N      -67.039      -11.717       31.348    -0.235    3.50        0.160
 HD      -67.214      -10.817       31.746     0.174    2.00        0.000
 HD      -67.785      -12.382       31.348     0.174    2.00        0.000
  N      -66.304      -13.025       29.737    -0.235    3.50        0.160
 HD      -65.905      -13.187       28.834     0.174    2.00        0.000
 HD      -67.031      -13.691       29.912     0.174    2.00        0.000
  C      -61.501       -6.603       32.229     0.241    4.00        0.150
 OA      -61.106       -5.850       31.334    -0.271    3.20        0.200
  N      -61.900       -6.142       33.459    -0.346    3.50        0.160
 HD      -62.173       -6.818       34.138     0.163    2.00        0.000
  C      -61.951       -4.746       33.956     0.172    4.00        0.150
  C      -62.534       -4.811       35.377     0.042    4.00        0.150
  C      -60.472       -4.136       33.864     0.240    4.00        0.150
 OA      -60.236       -3.075       33.256    -0.271    3.20        0.200
  N      -59.524       -4.853       34.442    -0.346    3.50        0.160
 HD      -59.869       -5.688       34.863     0.163    2.00        0.000
  C      -58.067       -4.473       34.466     0.176    4.00        0.150
  C      -57.128       -5.481       35.253     0.035    4.00        0.150
  C      -57.172       -6.970       34.861     0.004    4.00        0.150
  C      -56.177       -7.927       35.626     0.027    4.00        0.150
  C      -54.707       -7.560       35.455     0.229    4.00        0.150
  N      -53.915       -8.655       36.061    -0.079    3.50        0.160
 HD      -52.898       -8.713       35.853     0.274    2.00        0.000
 HD      -54.250       -9.618       35.861     0.274    2.00        0.000
 HD      -53.930       -8.573       37.099     0.274    2.00        0.000
  C      -57.545       -4.217       33.045     0.241    4.00        0.150
 OA      -56.899       -3.241       32.759    -0.271    3.20        0.200
  N      -57.779       -5.189       32.103    -0.346    3.50        0.160
 HD      -58.358       -5.963       32.350     0.163    2.00        0.000
  C      -57.499       -5.110       30.650     0.180    4.00        0.150
  C      -57.504       -6.529       30.007     0.073    4.00        0.150
  A      -56.628       -7.613       30.639    -0.056    4.00        0.150
  A      -57.078       -8.947       30.596     0.010    4.00        0.150
  A      -56.226       -9.992       31.006     0.037    4.00        0.150
  A      -55.029       -9.728       31.572     0.065    4.00        0.150
 OA      -54.236      -10.754       32.103    -0.361    3.20        0.200
 HD      -54.736      -11.560       31.959     0.217    2.00        0.000
  A      -55.367       -7.344       31.098     0.010    4.00        0.150
  A      -54.555       -8.396       31.572     0.037    4.00        0.150
  C      -58.400       -4.018       29.956     0.241    4.00        0.150
 OA      -57.860       -3.267       29.144    -0.271    3.20        0.200
  N      -59.775       -3.866       30.246    -0.346    3.50        0.160
 HD      -60.244       -4.417       30.931     0.163    2.00        0.000
  C      -60.460       -2.716       29.669     0.180    4.00        0.150
  C      -62.006       -2.711       30.037     0.073    4.00        0.150
  A      -62.658       -1.360       29.920    -0.056    4.00        0.150
  A      -63.242       -0.956       28.714     0.007    4.00        0.150
  A      -63.929        0.224       28.570     0.001    4.00        0.150
  A      -64.147        1.044       29.657     0.000    4.00        0.150
  A      -62.942       -0.514       31.001     0.007    4.00        0.150
  A      -63.650        0.646       30.864     0.001    4.00        0.150
  C      -59.826       -1.367       29.937     0.241    4.00        0.150
 OA      -59.533       -0.655       28.986    -0.271    3.20        0.200
  N      -59.579       -1.065       31.203    -0.346    3.50        0.160
 HD      -59.842       -1.786       31.840     0.163    2.00        0.000
  C      -58.992        0.239       31.725     0.180    4.00        0.150
  C      -59.077        0.266       33.224     0.013    4.00        0.150
  C      -58.127        1.330       33.864     0.012    4.00        0.150
  C      -60.468        0.556       33.653     0.002    4.00        0.150
  C      -60.782        0.379       35.163     0.005    4.00        0.150
  C      -57.562        0.527       31.211     0.241    4.00        0.150
 OA      -57.233        1.622       30.887    -0.271    3.20        0.200
  N      -56.648       -0.476       31.030    -0.346    3.50        0.160
 HD      -56.792       -1.355       31.478     0.163    2.00        0.000
  C      -55.453       -0.281       30.259     0.176    4.00        0.150
  C      -54.669       -1.629       30.427     0.036    4.00        0.150
  C      -53.424       -1.764       29.496     0.023    4.00        0.150
  C      -52.981       -3.277       29.185     0.138    4.00        0.150
  N      -53.952       -3.911       28.286    -0.227    3.50        0.160
 HD      -54.423       -3.386       27.577     0.177    2.00        0.000
  C      -54.075       -5.181       28.086     0.665    4.00        0.150
  N      -53.306       -6.061       28.667    -0.235    3.50        0.160
 HD      -52.588       -5.653       29.232     0.174    2.00        0.000
 HD      -53.505       -6.996       28.373     0.174    2.00        0.000
  N      -54.987       -5.558       27.160    -0.235    3.50        0.160
 HD      -55.600       -4.909       26.709     0.174    2.00        0.000
 HD      -55.147       -6.533       27.004     0.174    2.00        0.000
  C      -55.741        0.051       28.764     0.241    4.00        0.150
 OA      -55.268        1.028       28.193    -0.271    3.20        0.200
  N      -56.658       -0.750       28.078    -0.346    3.50        0.160
 HD      -57.104       -1.534       28.503     0.163    2.00        0.000
  C      -56.962       -0.605       26.678     0.186    4.00        0.150
  C      -57.916       -1.785       26.250     0.147    4.00        0.150
  C      -57.153       -3.050       25.956     0.175    4.00        0.150
 OA      -55.905       -3.052       26.247    -0.648    3.20        0.200
 OA      -57.814       -4.044       25.490    -0.648    3.20        0.200
  C      -57.618        0.721       26.250     0.241    4.00        0.150
 OA      -57.467        1.207       25.125    -0.271    3.20        0.200
  N      -58.346        1.382       27.243    -0.346    3.50        0.160
 HD      -58.482        0.946       28.129     0.163    2.00        0.000
  C      -58.898        2.724       27.205     0.177    4.00        0.150
  C      -59.718        2.955       28.464     0.045    4.00        0.150
  C      -61.108        2.338       28.455     0.116    4.00        0.150
  C      -61.988        2.809       27.322     0.172    4.00        0.150
 OA      -62.830        3.698       27.532    -0.648    3.20        0.200
 OA      -61.973        2.358       26.183    -0.648    3.20        0.200
  C      -57.770        3.805       26.972     0.241    4.00        0.150
 OA      -58.002        4.588       26.080    -0.271    3.20        0.200
  N      -56.602        3.737       27.707    -0.346    3.50        0.160
 HD      -56.487        3.121       28.482     0.163    2.00        0.000
  C      -55.497        4.671       27.591     0.180    4.00        0.150
  C      -54.563        4.470       28.815     0.073    4.00        0.150
  A      -55.166        5.083       30.080    -0.056    4.00        0.150
  A      -55.161        6.460       30.309     0.007    4.00        0.150
  A      -55.710        7.113       31.424     0.001    4.00        0.150
  A      -56.397        6.316       32.393     0.000    4.00        0.150
  A      -55.703        4.334       31.086     0.007    4.00        0.150
  A      -56.319        4.915       32.221     0.001    4.00        0.150
  C      -54.803        4.532       26.250     0.241    4.00        0.150
 OA      -54.405        5.501       25.583    -0.271    3.20        0.200
  N      -54.601        3.248       25.840    -0.346    3.50        0.160
 HD      -54.827        2.433       26.366     0.163    2.00        0.000
  C      -54.059        2.880       24.550     0.177    4.00        0.150
  C      -53.669        1.384       24.651     0.038    4.00        0.150
  C      -52.653        1.016       25.737    -0.020    4.00        0.150
  C      -52.472       -0.521       25.868     0.009    4.00        0.150
  C      -51.269        1.676       25.400     0.009    4.00        0.150
  C      -55.007        3.276       23.409     0.241    4.00        0.150
 OA      -54.475        3.716       22.443    -0.271    3.20        0.200
  N      -56.336        3.235       23.528    -0.346    3.50        0.160
 HD      -56.670        2.632       24.248     0.163    2.00        0.000
  C      -57.314        3.711       22.565     0.176    4.00        0.150
  C      -58.724        3.236       23.037     0.036    4.00        0.150
  C      -59.795        3.966       22.193     0.023    4.00        0.150
  C      -61.045        3.183       22.489     0.138    4.00        0.150
  N      -61.534        3.684       23.733    -0.227    3.50        0.160
 HD      -61.591        3.088       24.535     0.177    2.00        0.000
  C      -62.227        4.797       23.913     0.665    4.00        0.150
  N      -62.564        5.604       22.884    -0.235    3.50        0.160
 HD      -63.110        6.410       23.117     0.174    2.00        0.000
 HD      -62.303        5.410       21.939     0.174    2.00        0.000
  N      -62.616        5.161       25.129    -0.235    3.50        0.160
 HD      -62.476        4.495       25.863     0.174    2.00        0.000
 HD      -63.196        5.962       25.280     0.174    2.00        0.000
  C      -57.174        5.219       22.233     0.241    4.00        0.150
 OA      -57.009        5.684       21.188    -0.271    3.20        0.200
  N      -57.072        6.043       23.338    -0.346    3.50        0.160
 HD      -57.177        5.613       24.232     0.163    2.00        0.000
  C      -56.841        7.409       23.321     0.180    4.00        0.150
  C      -56.773        7.965       24.680     0.013    4.00        0.150
  C      -56.303        9.462       24.830     0.012    4.00        0.150
  C      -58.174        7.791       25.358     0.002    4.00        0.150
  C      -59.336        8.387       24.575     0.005    4.00        0.150
  C      -55.562        7.792       22.604     0.241    4.00        0.150
 OA      -55.487        8.659       21.748    -0.271    3.20        0.200
  N      -54.463        7.122       23.077    -0.344    3.50        0.160
 HD      -54.631        6.369       23.708     0.163    2.00        0.000
  C      -53.094        7.239       22.547     0.200    4.00        0.150
  C      -52.226        6.129       23.255     0.199    4.00        0.150
 OA      -50.915        5.994       22.731    -0.398    3.20        0.200
 HD      -50.494        6.855       22.795     0.209    2.00        0.000
  C      -53.072        6.931       21.066     0.243    4.00        0.150
 OA      -52.457        7.529       20.258    -0.271    3.20        0.200
  N      -53.846        5.809       20.657    -0.344    3.50        0.160
 HD      -54.370        5.334       21.360     0.163    2.00        0.000
  C      -53.883        5.368       19.226     0.205    4.00        0.150
  C      -54.599        4.016       19.066     0.146    4.00        0.150
 OA      -53.767        2.969       19.698    -0.393    3.20        0.200
 HD      -53.414        3.347       20.508     0.210    2.00        0.000
  C      -54.834        3.693       17.559     0.042    4.00        0.150
  C      -54.574        6.361       18.341     0.243    4.00        0.150
 OA      -54.162        6.606       17.235    -0.271    3.20        0.200
  N      -55.673        6.989       18.894    -0.346    3.50        0.160
 HD      -55.970        6.761       19.817     0.163    2.00        0.000
  C      -56.572        7.787       18.136     0.172    4.00        0.150
  C      -58.031        7.688       18.614     0.042    4.00        0.150
  C      -56.157        9.219       17.996     0.240    4.00        0.150
 OA      -56.864        9.951       17.348    -0.271    3.20        0.200
  N      -55.071        9.715       18.733    -0.344    3.50        0.160
 HD      -54.646        9.056       19.348     0.163    2.00        0.000
  C      -54.714       11.082       18.874     0.200    4.00        0.150
  C      -55.533       11.730       20.074     0.199    4.00        0.150
 OA      -55.152       11.295       21.336    -0.398    3.20        0.200
 HD      -55.136       10.335       21.317     0.209    2.00        0.000
  C      -53.200       11.248       18.947     0.242    4.00        0.150
 OA      -52.474       10.239       19.083    -0.271    3.20        0.200
  N      -52.676       12.495       18.650    -0.350    3.50        0.160
 HD      -53.304       13.268       18.603     0.163    2.00        0.000
  C      -51.301       12.779       18.416     0.225    4.00        0.150
  C      -50.639       12.120       17.149     0.236    4.00        0.150
 OA      -51.010       11.042       16.872    -0.272    3.20        0.200
  N      -49.643       12.762       16.636    -0.346    3.50        0.160
 HD      -49.373       13.651       16.999     0.163    2.00        0.000
  C      -48.961       12.239       15.451     0.186    4.00        0.150
  C      -49.302       13.053       14.207     0.147    4.00        0.150
  C      -50.734       12.828       13.807     0.175    4.00        0.150
 OA      -51.429       13.804       13.425    -0.648    3.20        0.200
 OA      -51.170       11.648       13.562    -0.648    3.20        0.200
  C      -47.478       12.255       15.676     0.241    4.00        0.150
 OA      -46.665       12.137       14.751    -0.271    3.20        0.200
  N      -47.038       12.440       16.963    -0.351    3.50        0.160
 HD      -47.705       12.479       17.703     0.163    2.00        0.000
  C      -45.675       12.595       17.398     0.225    4.00        0.150
  C      -44.964       11.236       17.549     0.236    4.00        0.150
 OA      -45.420       10.240       17.080    -0.272    3.20        0.200
  N      -43.819       11.289       18.304    -0.346    3.50        0.160
 HD      -43.534       12.163       18.691     0.163    2.00        0.000
  C      -43.019       10.156       18.618     0.176    4.00        0.150
  C      -41.551       10.359       18.266     0.036    4.00        0.150
  C      -41.268       10.277       16.715     0.023    4.00        0.150
  C      -41.658       11.536       15.903     0.138    4.00        0.150
  N      -40.455       12.397       15.621    -0.227    3.50        0.160
 HD      -39.554       12.102       15.940     0.177    2.00        0.000
  C      -40.383       13.542       14.937     0.665    4.00        0.150
  N      -41.515       14.168       14.687    -0.235    3.50        0.160
 HD      -42.311       13.567       14.750     0.174    2.00        0.000
 HD      -41.497       15.107       14.345     0.174    2.00        0.000
  N      -39.225       14.147       14.767    -0.235    3.50        0.160
 HD      -38.466       13.824       15.331     0.174    2.00        0.000
 HD      -39.377       15.091       14.474     0.174    2.00        0.000
  C      -43.166        9.674       20.064     0.241    4.00        0.150
 OA      -42.543        8.640       20.489    -0.271    3.20        0.200
  N      -43.996       10.332       20.877    -0.346    3.50        0.160
 HD      -44.254       11.255       20.602     0.163    2.00        0.000
  C      -44.492        9.975       22.202     0.182    4.00        0.150
  C      -45.649       10.850       22.664     0.093    4.00        0.150
  N      -47.589       12.217       21.797    -0.353    3.50        0.160
 HD      -47.848       12.614       22.678     0.166    2.00        0.000
  A      -46.667       11.225       21.596     0.030    4.00        0.150
  A      -48.224       12.363       20.632     0.207    4.00        0.150
 NA      -47.830       11.448       19.720    -0.254    3.50        0.160
  A      -46.858       10.764       20.339     0.143    4.00        0.150
  C      -44.965        8.449       22.265     0.241    4.00        0.150
 OA      -45.444        7.906       21.260    -0.271    3.20        0.200
  N      -44.888        7.758       23.439    -0.346    3.50        0.160
 HD      -44.447        8.135       24.250     0.163    2.00        0.000
  C      -45.411        6.361       23.538     0.180    4.00        0.150
  C      -44.248        5.352       23.313     0.073    4.00        0.150
  A      -44.715        3.996       23.036    -0.056    4.00        0.150
  A      -44.737        3.045       24.074     0.010    4.00        0.150
  A      -45.102        1.725       23.883     0.037    4.00        0.150
  A      -45.597        1.365       22.615     0.065    4.00        0.150
 OA      -45.930        0.023       22.440    -0.361    3.20        0.200
 HD      -46.474       -0.017       21.649     0.217    2.00        0.000
  A      -45.193        3.636       21.784     0.010    4.00        0.150
  A      -45.718        2.352       21.648     0.037    4.00        0.150
  C      -45.909        6.252       24.912     0.241    4.00        0.150
 OA      -45.460        6.922       25.813    -0.271    3.20        0.200
  N      -46.950        5.429       25.132    -0.345    3.50        0.160
 HD      -47.114        4.684       24.490     0.163    2.00        0.000
  C      -47.696        5.321       26.367     0.185    4.00        0.150
  C      -49.268        5.398       26.103     0.105    4.00        0.150
 SA      -50.332        5.461       27.632    -0.180    4.00        0.200
 HD      -50.683        6.725       27.446     0.101    2.00        0.000
  C      -47.499        3.933       26.936     0.241    4.00        0.150
 OA      -47.590        2.862       26.283    -0.271    3.20        0.200
  N      -47.258        3.914       28.272    -0.346    3.50        0.160
 HD      -47.013        4.755       28.746     0.163    2.00        0.000
  C      -46.896        2.659       28.951     0.181    4.00        0.150
  C      -45.484        2.604       29.504     0.073    4.00        0.150
  A      -44.460        2.626       28.454    -0.056    4.00        0.150
  A      -43.849        1.434       28.025     0.010    4.00        0.150
  A      -42.669        1.442       27.192     0.037    4.00        0.150
  A      -42.153        2.618       26.677     0.065    4.00        0.150
 OA      -41.070        2.622       25.717    -0.361    3.20        0.200
 HD      -40.711        1.744       25.869     0.217    2.00        0.000
  A      -43.869        3.818       27.915     0.010    4.00        0.150
  A      -42.849        3.830       26.938     0.037    4.00        0.150
  C      -47.711        2.446       30.251     0.243    4.00        0.150
 OA      -47.282        2.909       31.321    -0.271    3.20        0.200
  N      -48.804        1.735       30.168    -0.337    3.50        0.160
  C      -49.554        1.488       28.968     0.127    4.00        0.150
  C      -49.561        1.400       31.377     0.179    4.00        0.150
  C      -50.969        1.198       30.896     0.037    4.00        0.150
  C      -50.790        0.646       29.456     0.022    4.00        0.150
  C      -49.051        0.145       32.058     0.241    4.00        0.150
 OA      -48.973       -0.909       31.462    -0.271    3.20        0.200
  N      -48.765        0.248       33.400    -0.346    3.50        0.160
 HD      -48.762        1.149       33.826     0.163    2.00        0.000
  C      -48.236       -0.896       34.159     0.182    4.00        0.150
  C      -46.695       -0.872       34.407     0.093    4.00        0.150
  N      -46.143       -2.552       36.217    -0.353    3.50        0.160
 HD      -46.923       -2.387       36.822     0.166    2.00        0.000
  A      -46.024       -2.131       34.936     0.030    4.00        0.150
  A      -45.208       -3.550       36.428     0.207    4.00        0.150
 NA      -44.524       -3.769       35.317    -0.254    3.50        0.160
  A      -45.023       -2.888       34.376     0.143    4.00        0.150
  C      -48.961       -1.024       35.491     0.241    4.00        0.150
 OA      -48.799       -0.102       36.358    -0.271    3.20        0.200
  N      -49.634       -2.095       35.807    -0.346    3.50        0.160
 HD      -49.832       -2.829       35.163     0.163    2.00        0.000
  C      -50.236       -2.347       37.149     0.180    4.00        0.150
  C      -50.982       -3.640       37.147     0.073    4.00        0.150
  A      -51.955       -3.749       35.943    -0.056    4.00        0.150
  A      -53.146       -2.974       36.016     0.007    4.00        0.150
  A      -54.062       -2.927       34.929     0.001    4.00        0.150
  A      -53.797       -3.697       33.818     0.000    4.00        0.150
  A      -51.743       -4.520       34.777     0.007    4.00        0.150
  A      -52.712       -4.563       33.750     0.001    4.00        0.150
  C      -49.129       -2.490       38.217     0.241    4.00        0.150
 OA      -48.167       -3.228       38.024    -0.271    3.20        0.200
  N      -49.309       -1.852       39.410    -0.344    3.50        0.160
 HD      -50.048       -1.187       39.483     0.163    2.00        0.000
  C      -48.473       -2.149       40.561     0.205    4.00        0.150
  C      -47.119       -1.367       40.453     0.146    4.00        0.150
 OA      -46.056       -2.125       40.894    -0.393    3.20        0.200
 HD      -45.819       -1.894       41.795     0.210    2.00        0.000
  C      -47.103       -0.024       41.114     0.042    4.00        0.150
  C      -49.225       -1.878       41.808     0.243    4.00        0.150
 OA      -50.211       -1.135       41.774    -0.271    3.20        0.200
  N      -48.754       -2.457       42.916    -0.345    3.50        0.160
 HD      -47.987       -3.092       42.959     0.163    2.00        0.000
  C      -49.298       -2.158       44.253     0.185    4.00        0.150
  C      -49.068       -3.355       45.219     0.105    4.00        0.150
 SA      -49.768       -3.042       46.888    -0.180    4.00        0.200
 HD      -51.036       -3.396       46.739     0.101    2.00        0.000
  C      -48.426       -1.021       44.779     0.241    4.00        0.150
 OA      -47.234       -0.952       44.549    -0.271    3.20        0.200
  N      -48.953       -0.039       45.515    -0.346    3.50        0.160
 HD      -49.889        0.038       45.850     0.163    2.00        0.000
  C      -48.256        1.180       45.726     0.172    4.00        0.150
  C      -49.270        2.244       46.176     0.042    4.00        0.150
  C      -47.200        1.155       46.739     0.240    4.00        0.150
 OA      -46.226        1.907       46.759    -0.271    3.20        0.200
  N      -47.236        0.281       47.741    -0.346    3.50        0.160
 HD      -47.886       -0.472       47.678     0.163    2.00        0.000
  C      -46.220        0.059       48.731     0.180    4.00        0.150
  C      -46.698       -0.731       49.920     0.009    4.00        0.150
  C      -47.665        0.258       50.678     0.012    4.00        0.150
  C      -47.453       -1.993       49.505     0.012    4.00        0.150
  C      -44.984       -0.625       48.143     0.241    4.00        0.150
 OA      -43.932       -0.542       48.780    -0.271    3.20        0.200
  N      -45.134       -1.309       46.980    -0.345    3.50        0.160
 HD      -45.893       -1.208       46.342     0.163    2.00        0.000
  C      -44.151       -2.349       46.754     0.186    4.00        0.150
  C      -44.750       -3.326       45.697     0.147    4.00        0.150
  C      -44.110       -4.654       45.402     0.175    4.00        0.150
 OA      -43.202       -5.084       46.175    -0.648    3.20        0.200
 OA      -44.530       -5.350       44.438    -0.648    3.20        0.200
  C      -42.720       -1.962       46.335     0.241    4.00        0.150
 OA      -42.338       -0.857       45.967    -0.271    3.20        0.200
  N      -41.747       -2.868       46.595    -0.344    3.50        0.160
 HD      -42.041       -3.816       46.692     0.163    2.00        0.000
  C      -40.338       -2.581       46.570     0.205    4.00        0.150
  C      -39.441       -3.389       47.552     0.146    4.00        0.150
 OA      -39.642       -4.813       47.394    -0.393    3.20        0.200
 HD      -39.221       -5.139       46.595     0.210    2.00        0.000
  C      -39.836       -2.973       48.950     0.042    4.00        0.150
  C      -39.719       -2.672       45.119     0.243    4.00        0.150
 OA      -38.616       -2.266       44.903    -0.271    3.20        0.200
  N      -40.508       -3.149       44.081    -0.346    3.50        0.160
 HD      -41.447       -3.435       44.259     0.163    2.00        0.000
  C      -40.111       -3.435       42.696     0.177    4.00        0.150
  C      -41.043       -4.513       42.208     0.045    4.00        0.150
  C      -40.744       -5.808       42.984     0.116    4.00        0.150
  C      -41.173       -7.150       42.291     0.172    4.00        0.150
 OA      -41.865       -7.994       42.892    -0.648    3.20        0.200
 OA      -40.738       -7.445       41.174    -0.648    3.20        0.200
  C      -40.340       -2.169       41.906     0.241    4.00        0.150
 OA      -39.842       -2.013       40.799    -0.271    3.20        0.200
  N      -41.031       -1.169       42.535    -0.346    3.50        0.160
 HD      -41.277       -1.307       43.491     0.163    2.00        0.000
  C      -41.715       -0.021       41.918     0.185    4.00        0.150
  C      -42.454        0.922       42.976     0.137    4.00        0.150
  C      -43.720        0.087       43.353     0.217    4.00        0.150
 OA      -43.893       -1.101       43.093    -0.274    3.20        0.200
  N      -44.616        0.877       43.983    -0.370    3.50        0.160
 HD      -45.384        0.413       44.424     0.159    2.00        0.000
 HD      -44.311        1.738       44.391     0.159    2.00        0.000
  C      -40.690        0.848       41.229     0.241    4.00        0.150
 OA      -40.849        1.252       40.096    -0.271    3.20        0.200
  N      -39.512        1.117       41.762    -0.346    3.50        0.160
 HD      -39.427        0.974       42.745     0.163    2.00        0.000
  C      -38.360        1.796       41.183     0.172    4.00        0.150
  C      -37.538        2.306       42.371     0.042    4.00        0.150
  C      -37.542        1.057       40.104     0.240    4.00        0.150
 OA      -37.027        1.629       39.168    -0.271    3.20        0.200
  N      -37.502       -0.271       40.244    -0.346    3.50        0.160
 HD      -38.030       -0.674       40.988     0.163    2.00        0.000
  C      -36.872       -1.163       39.272     0.176    4.00        0.150
  C      -36.770       -2.620       39.913     0.036    4.00        0.150
  C      -36.228       -3.617       38.844     0.023    4.00        0.150
  C      -34.915       -3.384       38.145     0.138    4.00        0.150
  N      -33.841       -3.565       39.189    -0.227    3.50        0.160
 HD      -33.999       -3.891       40.121     0.177    2.00        0.000
  C      -32.589       -3.158       39.021     0.665    4.00        0.150
  N      -32.140       -2.931       37.821    -0.235    3.50        0.160
 HD      -32.693       -3.315       37.082     0.174    2.00        0.000
 HD      -31.173       -2.781       37.617     0.174    2.00        0.000
  N      -31.753       -3.014       40.008    -0.235    3.50        0.160
 HD      -32.093       -2.760       40.913     0.174    2.00        0.000
 HD      -30.872       -2.714       39.642     0.174    2.00        0.000
  C      -37.571       -1.199       37.897     0.241    4.00        0.150
 OA      -36.984       -1.424       36.808    -0.271    3.20        0.200
  N      -38.997       -1.132       37.959    -0.346    3.50        0.160
 HD      -39.318       -1.018       38.896     0.163    2.00        0.000
  C      -39.830       -0.914       36.799     0.176    4.00        0.150
  C      -41.369       -0.988       37.200     0.036    4.00        0.150
  C      -41.691       -2.391       37.840     0.022    4.00        0.150
  C      -42.985       -2.488       38.607     0.122    4.00        0.150
  N      -42.897       -3.907       38.927    -0.367    3.50        0.160
 HD      -42.245       -4.486       38.436     0.162    2.00        0.000
  C      -43.794       -4.735       39.530     0.143    4.00        0.150
 NA      -44.991       -4.383       39.880    -0.274    3.50        0.160
 HD      -45.461       -5.123       40.361     0.127    2.00        0.000
 HD      -45.183       -3.525       40.354     0.127    2.00        0.000
  N      -43.474       -6.010       39.498    -0.376    3.50        0.160
 HD      -42.637       -6.306       39.036     0.158    2.00        0.000
 HD      -44.181       -6.718       39.476     0.158    2.00        0.000
  C      -39.498        0.381       36.087     0.241    4.00        0.150
 OA      -39.301        0.314       34.864    -0.271    3.20        0.200
  N      -39.363        1.540       36.794    -0.346    3.50        0.160
 HD      -39.590        1.664       37.757     0.163    2.00        0.000
  C      -39.070        2.782       36.084     0.180    4.00        0.150
  C      -39.422        3.993       36.918     0.013    4.00        0.150
  C      -38.963        5.297       36.153     0.012    4.00        0.150
  C      -40.930        4.127       37.338     0.002    4.00        0.150
  C      -41.922        3.912       36.211     0.005    4.00        0.150
  C      -37.584        2.857       35.575     0.241    4.00        0.150
 OA      -37.223        3.531       34.586    -0.271    3.20        0.200
  N      -36.611        2.161       36.236    -0.346    3.50        0.160
 HD      -36.906        1.723       37.081     0.163    2.00        0.000
  C      -35.317        1.854       35.605     0.180    4.00        0.150
  C      -34.502        1.197       36.775     0.073    4.00        0.150
  A      -33.118        0.688       36.246    -0.056    4.00        0.150
  A      -31.929        1.465       36.235     0.007    4.00        0.150
  A      -30.769        0.978       35.623     0.001    4.00        0.150
  A      -30.770       -0.332       35.145     0.000    4.00        0.150
  A      -33.103       -0.595       35.744     0.007    4.00        0.150
  A      -31.921       -1.059       35.160     0.001    4.00        0.150
  C      -35.417        1.078       34.335     0.241    4.00        0.150
 OA      -34.785        1.392       33.329    -0.271    3.20        0.200
  N      -36.291        0.088       34.193    -0.346    3.50        0.160
 HD      -36.723       -0.258       35.023     0.163    2.00        0.000
  C      -36.491       -0.615       32.946     0.185    4.00        0.150
  C      -37.244       -2.036       33.224     0.137    4.00        0.150
  C      -36.281       -2.888       33.930     0.217    4.00        0.150
 OA      -35.029       -2.836       33.868    -0.274    3.20        0.200
  N      -36.873       -3.766       34.785    -0.370    3.50        0.160
 HD      -37.852       -3.630       34.938     0.159    2.00        0.000
 HD      -36.265       -4.411       35.249     0.159    2.00        0.000
  C      -37.093        0.199       31.886     0.241    4.00        0.150
 OA      -36.620        0.189       30.767    -0.271    3.20        0.200
  N      -38.169        0.943       32.164    -0.345    3.50        0.160
 HD      -38.709        0.907       33.002     0.163    2.00        0.000
  C      -38.878        1.711       31.165     0.186    4.00        0.150
  C      -40.287        2.050       31.726     0.147    4.00        0.150
  C      -41.083        0.762       31.942     0.175    4.00        0.150
 OA      -40.688       -0.332       31.392    -0.648    3.20        0.200
 OA      -42.161        0.840       32.562    -0.648    3.20        0.200
  C      -38.084        2.900       30.625     0.241    4.00        0.150
 OA      -38.136        3.188       29.481    -0.271    3.20        0.200
  N      -37.301        3.580       31.443    -0.345    3.50        0.160
 HD      -37.485        3.386       32.403     0.163    2.00        0.000
  C      -36.263        4.529       30.990     0.185    4.00        0.150
  C      -35.638        5.400       32.162     0.105    4.00        0.150
 SA      -36.925        6.406       32.913    -0.180    4.00        0.200
 HD      -37.128        5.412       33.766     0.101    2.00        0.000
  C      -35.160        3.998       30.124     0.241    4.00        0.150
 OA      -34.803        4.612       29.150    -0.271    3.20        0.200
  N      -34.598        2.805       30.457    -0.346    3.50        0.160
 HD      -34.891        2.345       31.291     0.163    2.00        0.000
  C      -33.666        2.052       29.633     0.176    4.00        0.150
  C      -33.150        0.780       30.347     0.036    4.00        0.150
  C      -32.303       -0.125       29.477     0.023    4.00        0.150
  C      -32.167       -1.467       30.220     0.138    4.00        0.150
  N      -33.426       -2.241       30.226    -0.227    3.50        0.160
 HD      -34.137       -1.979       29.572     0.177    2.00        0.000
  C      -33.624       -3.392       30.824     0.665    4.00        0.150
  N      -32.770       -3.870       31.693    -0.235    3.50        0.160
 HD      -31.860       -3.454       31.713     0.174    2.00        0.000
 HD      -32.872       -4.842       31.904     0.174    2.00        0.000
  N      -34.747       -4.065       30.547    -0.235    3.50        0.160
 HD      -34.875       -4.986       30.917     0.174    2.00        0.000
 HD      -35.530       -3.600       30.133     0.174    2.00        0.000
  C      -34.186        1.840       28.210     0.241    4.00        0.150
 OA      -33.480        2.153       27.323    -0.271    3.20        0.200
  N      -35.473        1.376       28.050    -0.346    3.50        0.160
 HD      -35.928        1.142       28.905     0.163    2.00        0.000
  C      -36.228        1.396       26.836     0.186    4.00        0.150
  C      -37.615        0.699       27.176     0.147    4.00        0.150
  C      -38.259        0.080       25.924     0.175    4.00        0.150
 OA      -39.503       -0.085       25.763    -0.648    3.20        0.200
 OA      -37.540       -0.530       25.103    -0.648    3.20        0.200
  C      -36.481        2.743       26.236     0.241    4.00        0.150
 OA      -36.335        2.940       25.039    -0.271    3.20        0.200
  N      -37.068        3.769       26.977    -0.346    3.50        0.160
 HD      -37.530        3.515       27.823     0.163    2.00        0.000
  C      -37.378        5.015       26.346     0.180    4.00        0.150
  C      -38.260        5.866       27.210     0.013    4.00        0.150
  C      -38.354        7.370       26.827     0.012    4.00        0.150
  C      -39.651        5.239       27.333     0.002    4.00        0.150
  C      -40.349        5.719       28.590     0.005    4.00        0.150
  C      -36.142        5.733       25.883     0.241    4.00        0.150
 OA      -36.106        6.179       24.765    -0.271    3.20        0.200
  N      -35.028        5.672       26.588    -0.346    3.50        0.160
 HD      -35.015        5.287       27.508     0.163    2.00        0.000
  C      -33.789        6.154       26.000     0.180    4.00        0.150
  C      -32.735        6.340       27.056     0.013    4.00        0.150
  C      -31.407        6.926       26.628     0.012    4.00        0.150
  C      -33.216        7.275       28.183     0.002    4.00        0.150
  C      -33.287        8.808       27.860     0.005    4.00        0.150
  C      -33.300        5.377       24.740     0.241    4.00        0.150
 OA      -32.863        5.881       23.728    -0.271    3.20        0.200
  N      -33.451        3.989       24.848    -0.346    3.50        0.160
 HD      -33.907        3.523       25.602     0.163    2.00        0.000
  C      -33.106        3.138       23.685     0.177    4.00        0.150
  C      -33.197        1.602       23.891     0.044    4.00        0.150
  C      -32.539        0.668       22.854     0.105    4.00        0.150
  C      -32.837       -0.787       23.276     0.215    4.00        0.150
 OA      -33.857       -1.437       23.025    -0.274    3.20        0.200
  N      -31.894       -1.305       24.034    -0.370    3.50        0.160
 HD      -31.042       -0.847       24.290     0.159    2.00        0.000
 HD      -32.060       -2.265       24.263     0.159    2.00        0.000
  C      -33.909        3.453       22.429     0.241    4.00        0.150
 OA      -33.395        3.490       21.357    -0.271    3.20        0.200
  N      -35.187        3.762       22.572    -0.346    3.50        0.160
 HD      -35.637        3.854       23.457     0.163    2.00        0.000
  C      -35.994        4.203       21.491     0.176    4.00        0.150
  C      -37.508        4.095       21.756     0.036    4.00        0.150
  C      -38.112        2.809       22.363     0.023    4.00        0.150
  C      -37.592        1.517       21.681     0.138    4.00        0.150
  N      -38.291        0.365       22.395    -0.227    3.50        0.160
 HD      -37.831       -0.177       23.098     0.177    2.00        0.000
  C      -39.575        0.166       22.178     0.665    4.00        0.150
  N      -40.266        0.498       21.087    -0.235    3.50        0.160
 HD      -39.821        0.937       20.306     0.174    2.00        0.000
 HD      -41.251        0.410       20.933     0.174    2.00        0.000
  N      -40.304       -0.226       23.210    -0.235    3.50        0.160
 HD      -39.892       -0.193       24.121     0.174    2.00        0.000
 HD      -41.292       -0.352       23.116     0.174    2.00        0.000
  C      -35.540        5.496       20.978     0.241    4.00        0.150
 OA      -35.388        5.651       19.748    -0.271    3.20        0.200
  N      -35.311        6.477       21.970    -0.346    3.50        0.160
 HD      -35.482        6.279       22.931     0.163    2.00        0.000
  C      -34.870        7.763       21.610     0.177    4.00        0.150
  C      -34.726        8.700       22.928     0.045    4.00        0.150
  C      -35.981        9.314       23.495     0.076    4.00        0.150
 SA      -36.749       10.651       22.396    -0.173    4.00        0.200
  C      -35.550       11.997       22.511     0.089    4.00        0.150
  C      -33.494        7.754       20.805     0.241    4.00        0.150
 OA      -33.301        8.385       19.751    -0.271    3.20        0.200
  N      -32.527        6.953       21.251    -0.346    3.50        0.160
 HD      -32.801        6.403       22.036     0.163    2.00        0.000
  C      -31.191        6.650       20.674     0.182    4.00        0.150
  C      -30.377        5.782       21.683     0.093    4.00        0.150
  N      -29.102        6.218       23.756    -0.353    3.50        0.160
 HD      -28.673        5.318       23.684     0.166    2.00        0.000
  A      -29.994        6.656       22.822     0.030    4.00        0.150
  A      -28.771        7.228       24.621     0.207    4.00        0.150
 NA      -29.403        8.339       24.275    -0.254    3.50        0.160
  A      -30.220        8.015       23.170     0.143    4.00        0.150
  C      -31.233        6.104       19.172     0.241    4.00        0.150
 OA      -30.523        6.569       18.257    -0.271    3.20        0.200
  N      -32.138        5.143       18.950    -0.346    3.50        0.160
 HD      -32.721        4.741       19.651     0.163    2.00        0.000
  C      -32.348        4.621       17.629     0.177    4.00        0.150
  C      -33.311        3.386       17.685     0.038    4.00        0.150
  C      -32.747        2.160       18.367    -0.020    4.00        0.150
  C      -33.896        1.261       18.847     0.009    4.00        0.150
  C      -31.752        1.381       17.408     0.009    4.00        0.150
  C      -32.924        5.760       16.701     0.241    4.00        0.150
 OA      -32.585        5.959       15.559    -0.271    3.20        0.200
  N      -33.838        6.510       17.338    -0.346    3.50        0.160
 HD      -34.133        6.261       18.257     0.163    2.00        0.000
  C      -34.348        7.713       16.685     0.176    4.00        0.150
  C      -35.592        8.250       17.409     0.036    4.00        0.150
  C      -36.908        7.591       16.951     0.023    4.00        0.150
  C      -37.988        7.654       18.005     0.138    4.00        0.150
  N      -39.165        6.930       17.387    -0.227    3.50        0.160
 HD      -39.186        6.796       16.396     0.177    2.00        0.000
  C      -40.032        6.173       18.075     0.665    4.00        0.150
  N      -40.137        6.367       19.354    -0.235    3.50        0.160
 HD      -40.693        5.673       19.811     0.174    2.00        0.000
 HD      -39.708        7.172       19.763     0.174    2.00        0.000
  N      -40.825        5.353       17.468    -0.235    3.50        0.160
 HD      -40.874        5.329       16.469     0.174    2.00        0.000
 HD      -41.678        5.299       17.988     0.174    2.00        0.000
  C      -33.308        8.801       16.400     0.241    4.00        0.150
 OA      -33.386        9.603       15.423    -0.271    3.20        0.200
  N      -32.277        9.080       17.188    -0.346    3.50        0.160
 HD      -32.063        8.670       18.071     0.163    2.00        0.000
  C      -31.166       10.022       16.947     0.177    4.00        0.150
  C      -30.175       10.177       18.139     0.044    4.00        0.150
  C      -30.782       10.562       19.507     0.105    4.00        0.150
  C      -31.135       12.153       19.430     0.215    4.00        0.150
 OA      -30.616       12.848       18.543    -0.274    3.20        0.200
  N      -32.124       12.662       20.186    -0.370    3.50        0.160
 HD      -32.423       13.585       19.945     0.159    2.00        0.000
 HD      -32.516       12.083       20.900     0.159    2.00        0.000
  C      -30.398        9.706       15.722     0.241    4.00        0.150
 OA      -29.958       10.589       14.967    -0.271    3.20        0.200
  N      -30.259        8.414       15.338    -0.346    3.50        0.160
 HD      -30.625        7.637       15.844     0.163    2.00        0.000
  C      -29.691        8.028       14.020     0.180    4.00        0.150
  C      -28.947        6.700       14.335     0.073    4.00        0.150
  A      -27.961        6.789       15.429    -0.056    4.00        0.150
  A      -28.086        6.028       16.667     0.010    4.00        0.150
  A      -27.041        6.201       17.668     0.037    4.00        0.150
  A      -25.916        7.018       17.455     0.065    4.00        0.150
 OA      -24.923        7.186       18.495    -0.361    3.20        0.200
 HD      -24.150        7.620       18.124     0.217    2.00        0.000
  A      -26.806        7.558       15.239     0.010    4.00        0.150
  A      -25.803        7.709       16.263     0.037    4.00        0.150
  C      -30.813        7.713       12.971     0.241    4.00        0.150
 OA      -30.573        7.240       11.850    -0.271    3.20        0.200
  N      -32.082        7.979       13.265    -0.346    3.50        0.160
 HD      -32.438        8.337       14.125     0.163    2.00        0.000
  C      -33.229        7.652       12.447     0.177    4.00        0.150
  C      -33.535        8.685       11.366     0.045    4.00        0.150
  C      -34.185       10.025       11.791     0.116    4.00        0.150
  C      -34.518       10.960       10.656     0.172    4.00        0.150
 OA      -35.014       12.111       10.873    -0.648    3.20        0.200
 OA      -34.386       10.511        9.509    -0.648    3.20        0.200
  C      -33.454        6.219       12.078     0.241    4.00        0.150
 OA      -33.858        5.841       10.959    -0.271    3.20        0.200
  N      -33.173        5.323       12.959    -0.346    3.50        0.160
 HD      -32.989        5.543       13.914     0.163    2.00        0.000
  C      -33.259        3.859       12.683     0.177    4.00        0.150
  C      -32.234        2.992       13.473     0.038    4.00        0.150
  C      -30.800        3.514       13.285    -0.020    4.00        0.150
  C      -29.870        2.925       14.334     0.009    4.00        0.150
  C      -30.212        3.083       11.969     0.009    4.00        0.150
  C      -34.692        3.350       12.645     0.241    4.00        0.150
 OA      -34.834        2.240       12.160    -0.271    3.20        0.200
  N      -35.712        4.087       13.123    -0.345    3.50        0.160
 HD      -35.556        4.983       13.531     0.163    2.00        0.000
  C      -37.113        3.636       13.271     0.185    4.00        0.150
  C      -37.506        3.991       14.739     0.040    4.00        0.150
  C      -36.771        3.147       15.855    -0.020    4.00        0.150
  C      -37.014        3.787       17.292     0.009    4.00        0.150
  C      -37.325        1.703       15.701     0.009    4.00        0.150
  C      -37.981        4.517       12.358     0.196    4.00        0.150
 OA      -38.882        4.044       11.582    -0.646    3.20        0.200
 OA      -37.971        5.753       12.535    -0.646    3.20        0.200
  N      -82.199       40.689       44.634    -0.066    3.50        0.160
 HD      -82.056       39.668       44.763     0.275    2.00        0.000
 HD      -82.580       40.785       43.670     0.275    2.00        0.000
 HD      -82.901       41.094       45.287     0.275    2.00        0.000
  C      -80.929       41.496       44.708     0.275    4.00        0.150
  C      -80.279       41.419       46.177     0.053    4.00        0.150
  C      -81.230       41.723       47.367     0.115    4.00        0.150
  C      -81.777       43.081       47.413     0.172    4.00        0.150
 OA      -82.658       43.310       48.324    -0.648    3.20        0.200
 OA      -81.388       43.978       46.633    -0.648    3.20        0.200
  C      -79.862       41.261       43.693     0.249    4.00        0.150
 OA      -79.340       42.182       43.123    -0.271    3.20        0.200
  N      -79.423       40.039       43.384    -0.346    3.50        0.160
 HD      -79.655       39.172       43.818     0.163    2.00        0.000
  C      -78.390       39.817       42.432     0.177    4.00        0.150
  C      -78.011       38.327       42.483     0.038    4.00        0.150
  C      -77.040       37.800       43.556    -0.020    4.00        0.150
  C      -75.614       38.359       43.535     0.009    4.00        0.150
  C      -77.490       37.917       45.040     0.009    4.00        0.150
  C      -78.689       40.183       40.953     0.241    4.00        0.150
 OA      -77.838       40.754       40.206    -0.271    3.20        0.200
  N      -79.937       40.004       40.470    -0.346    3.50        0.160
 HD      -80.641       39.563       41.021     0.163    2.00        0.000
  C      -80.320       40.269       39.098     0.186    4.00        0.150
  C      -81.671       39.472       38.861     0.147    4.00        0.150
  C      -82.217       39.481       37.438     0.175    4.00        0.150
 OA      -81.561       40.068       36.516    -0.648    3.20        0.200
 OA      -83.352       38.961       37.205    -0.648    3.20        0.200
  C      -80.418       41.807       38.928     0.241    4.00        0.150
 OA      -79.891       42.376       37.967    -0.271    3.20        0.200
  N      -80.967       42.550       39.989    -0.346    3.50        0.160
 HD      -81.205       42.025       40.803     0.163    2.00        0.000
  C      -80.925       44.002       40.076     0.177    4.00        0.150
  C      -81.696       44.466       41.358     0.044    4.00        0.150
  C      -83.154       43.935       41.321     0.105    4.00        0.150
  C      -83.449       42.459       41.685     0.215    4.00        0.150
 OA      -82.560       41.754       42.201    -0.274    3.20        0.200
  N      -84.722       41.940       41.541    -0.370    3.50        0.160
 HD      -84.888       41.021       41.897     0.159    2.00        0.000
 HD      -85.513       42.502       41.302     0.159    2.00        0.000
  C      -79.517       44.587       39.966     0.241    4.00        0.150
 OA      -79.371       45.598       39.277    -0.271    3.20        0.200
  N      -78.509       43.931       40.663    -0.346    3.50        0.160
 HD      -78.745       43.139       41.221     0.163    2.00        0.000
  C      -77.024       44.318       40.598     0.177    4.00        0.150
  C      -76.138       43.668       41.656     0.038    4.00        0.150
  C      -76.598       44.096       43.061    -0.020    4.00        0.150
  C      -76.325       43.047       44.120     0.009    4.00        0.150
  C      -75.964       45.511       43.350     0.009    4.00        0.150
  C      -76.508       44.111       39.169     0.241    4.00        0.150
 OA      -75.860       44.997       38.618    -0.271    3.20        0.200
  N      -76.833       42.979       38.466    -0.346    3.50        0.160
 HD      -77.405       42.239       38.811     0.163    2.00        0.000
  C      -76.434       42.708       37.080     0.176    4.00        0.150
  C      -76.723       41.223       36.786     0.036    4.00        0.150
  C      -76.251       40.661       35.408     0.023    4.00        0.150
  C      -76.983       41.026       34.109     0.138    4.00        0.150
  N      -78.389       40.782       34.298    -0.227    3.50        0.160
 HD      -78.665       40.205       35.066     0.177    2.00        0.000
  C      -79.411       41.250       33.551     0.665    4.00        0.150
  N      -79.153       41.971       32.473    -0.235    3.50        0.160
 HD      -79.887       42.570       32.153     0.174    2.00        0.000
 HD      -78.300       41.876       31.959     0.174    2.00        0.000
  N      -80.636       41.129       33.969    -0.235    3.50        0.160
 HD      -81.363       41.543       33.421     0.174    2.00        0.000
 HD      -80.801       40.589       34.794     0.174    2.00        0.000
  C      -76.997       43.696       36.038     0.241    4.00        0.150
 OA      -76.213       44.197       35.217    -0.271    3.20        0.200
  N      -78.276       44.034       36.173    -0.346    3.50        0.160
 HD      -78.884       43.712       36.895     0.163    2.00        0.000
  C      -78.953       45.117       35.458     0.177    4.00        0.150
  C      -80.421       45.143       35.817     0.044    4.00        0.150
  C      -81.285       46.291       35.190     0.105    4.00        0.150
  C      -81.209       46.491       33.710     0.215    4.00        0.150
 OA      -80.791       45.564       32.958    -0.274    3.20        0.200
  N      -81.484       47.664       33.143    -0.370    3.50        0.160
 HD      -81.414       47.742       32.148     0.159    2.00        0.000
 HD      -81.820       48.438       33.681     0.159    2.00        0.000
  C      -78.274       46.500       35.810     0.241    4.00        0.150
 OA      -77.930       47.291       34.936    -0.271    3.20        0.200
  N      -77.927       46.800       37.077    -0.346    3.50        0.160
 HD      -78.212       46.169       37.795     0.163    2.00        0.000
  C      -77.143       48.049       37.404     0.177    4.00        0.150
  C      -76.941       48.341       38.939     0.045    4.00        0.150
  C      -78.283       48.629       39.600     0.116    4.00        0.150
  C      -79.068       49.854       39.108     0.172    4.00        0.150
 OA      -78.482       50.785       38.456    -0.648    3.20        0.200
 OA      -80.265       49.891       39.387    -0.648    3.20        0.200
  C      -75.769       48.115       36.790     0.241    4.00        0.150
 OA      -75.359       49.134       36.232    -0.271    3.20        0.200
  N      -75.016       47.003       36.810    -0.346    3.50        0.160
 HD      -75.379       46.205       37.287     0.163    2.00        0.000
  C      -73.732       46.899       36.031     0.172    4.00        0.150
  C      -72.955       45.643       36.438     0.042    4.00        0.150
  C      -73.957       46.993       34.549     0.240    4.00        0.150
 OA      -73.141       47.675       33.907    -0.271    3.20        0.200
  N      -74.955       46.408       33.898    -0.346    3.50        0.160
 HD      -75.724       46.017       34.397     0.163    2.00        0.000
  C      -75.140       46.490       32.492     0.177    4.00        0.150
  C      -76.128       45.389       31.922     0.045    4.00        0.150
  C      -75.498       44.044       31.810     0.116    4.00        0.150
  C      -76.107       43.220       30.753     0.172    4.00        0.150
 OA      -76.822       42.201       30.944    -0.648    3.20        0.200
 OA      -75.786       43.566       29.544    -0.648    3.20        0.200
  C      -75.347       47.863       32.000     0.241    4.00        0.150
 OA      -74.693       48.289       31.058    -0.271    3.20        0.200
  N      -76.146       48.643       32.758    -0.346    3.50        0.160
 HD      -76.657       48.249       33.518     0.163    2.00        0.000
  C      -76.254       50.007       32.472     0.177    4.00        0.150
  C      -77.387       50.723       33.188     0.044    4.00        0.150
  C      -77.408       52.261       32.946     0.105    4.00        0.150
  C      -77.763       52.728       31.592     0.215    4.00        0.150
 OA      -79.011       53.050       31.504    -0.274    3.20        0.200
  N      -76.873       52.847       30.609    -0.370    3.50        0.160
 HD      -77.073       53.426       29.819     0.159    2.00        0.000
 HD      -75.940       52.609       30.881     0.159    2.00        0.000
  C      -74.949       50.775       32.598     0.241    4.00        0.150
 OA      -74.545       51.517       31.636    -0.271    3.20        0.200
  N      -74.172       50.582       33.674    -0.346    3.50        0.160
 HD      -74.467       49.912       34.350     0.163    2.00        0.000
  C      -72.896       51.294       33.885     0.177    4.00        0.150
  C      -72.390       51.015       35.323     0.038    4.00        0.150
  C      -73.238       51.515       36.581    -0.020    4.00        0.150
  C      -72.812       50.795       37.808     0.009    4.00        0.150
  C      -73.109       53.015       37.000     0.009    4.00        0.150
  C      -71.788       50.912       32.852     0.241    4.00        0.150
 OA      -71.071       51.842       32.436    -0.271    3.20        0.200
  N      -71.734       49.677       32.433    -0.346    3.50        0.160
 HD      -72.188       48.951       32.943     0.163    2.00        0.000
  C      -70.943       49.160       31.288     0.176    4.00        0.150
  C      -71.098       47.649       31.179     0.035    4.00        0.150
  C      -70.398       46.967       32.333     0.004    4.00        0.150
  C      -70.252       45.437       32.108     0.027    4.00        0.150
  C      -69.828       44.658       33.364     0.229    4.00        0.150
  N      -69.393       43.309       32.962    -0.079    3.50        0.160
 HD      -70.146       42.690       32.597     0.274    2.00        0.000
 HD      -68.866       42.880       33.749     0.274    2.00        0.000
 HD      -68.777       43.287       32.125     0.274    2.00        0.000
  C      -71.380       49.745       29.938     0.241    4.00        0.150
 OA      -70.504       50.096       29.138    -0.271    3.20        0.200
  N      -72.678       49.951       29.690    -0.346    3.50        0.160
 HD      -73.355       49.715       30.382     0.163    2.00        0.000
  C      -73.195       50.647       28.467     0.185    4.00        0.150
  C      -74.722       50.210       28.259     0.137    4.00        0.150
  C      -74.784       48.742       27.882     0.217    4.00        0.150
 OA      -73.743       48.261       27.517    -0.274    3.20        0.200
  N      -75.973       48.132       27.899    -0.370    3.50        0.160
 HD      -76.000       47.141       27.763     0.159    2.00        0.000
 HD      -76.735       48.687       28.230     0.159    2.00        0.000
  C      -72.982       52.140       28.501     0.241    4.00        0.150
 OA      -72.817       52.820       27.479    -0.271    3.20        0.200
  N      -72.958       52.785       29.669    -0.346    3.50        0.160
 HD      -73.436       52.393       30.452     0.163    2.00        0.000
  C      -72.526       54.138       29.822     0.177    4.00        0.150
  C      -72.610       54.617       31.315     0.044    4.00        0.150
  C      -74.020       54.872       31.875     0.105    4.00        0.150
  C      -73.988       55.091       33.353     0.215    4.00        0.150
 OA      -74.602       54.438       34.188    -0.274    3.20        0.200
  N      -73.290       56.156       33.820    -0.370    3.50        0.160
 HD      -73.265       56.247       34.815     0.159    2.00        0.000
 HD      -72.629       56.617       33.226     0.159    2.00        0.000
  C      -71.012       54.280       29.446     0.241    4.00        0.150
 OA      -70.757       55.184       28.638    -0.271    3.20        0.200
  N      -70.202       53.318       29.983    -0.346    3.50        0.160
 HD      -70.563       52.705       30.682     0.163    2.00        0.000
  C      -68.794       53.283       29.602     0.180    4.00        0.150
  C      -67.970       52.375       30.606     0.013    4.00        0.150
  C      -66.540       52.009       30.287     0.012    4.00        0.150
  C      -67.963       52.954       32.008     0.002    4.00        0.150
  C      -67.979       51.881       33.181     0.005    4.00        0.150
  C      -68.562       53.123       28.091     0.241    4.00        0.150
 OA      -67.802       53.857       27.451    -0.271    3.20        0.200
  N      -69.290       52.161       27.501    -0.346    3.50        0.160
 HD      -69.879       51.519       27.986     0.163    2.00        0.000
  C      -69.329       51.966       26.050     0.176    4.00        0.150
  C      -70.086       50.660       25.614     0.036    4.00        0.150
  C      -69.558       49.328       26.173     0.023    4.00        0.150
  C      -70.602       48.190       26.207     0.138    4.00        0.150
  N      -69.827       46.966       26.636    -0.227    3.50        0.160
 HD      -68.863       47.108       26.861     0.177    2.00        0.000
  C      -70.417       46.096       27.435     0.665    4.00        0.150
  N      -71.757       46.185       27.657    -0.235    3.50        0.160
 HD      -72.321       46.792       27.098     0.174    2.00        0.000
 HD      -72.198       45.716       28.424     0.174    2.00        0.000
  N      -69.667       45.184       27.969    -0.235    3.50        0.160
 HD      -68.718       45.020       27.698     0.174    2.00        0.000
 HD      -70.177       44.528       28.524     0.174    2.00        0.000
  C      -69.734       53.138       25.153     0.241    4.00        0.150
 OA      -69.057       53.460       24.214    -0.271    3.20        0.200
  N      -70.850       53.865       25.526    -0.346    3.50        0.160
 HD      -71.486       53.647       26.262     0.163    2.00        0.000
  C      -71.232       55.078       24.894     0.186    4.00        0.150
  C      -72.563       55.514       25.435     0.147    4.00        0.150
  C      -73.346       56.560       24.614     0.175    4.00        0.150
 OA      -73.009       56.694       23.423    -0.648    3.20        0.200
 OA      -74.163       57.287       25.154    -0.648    3.20        0.200
  C      -70.206       56.199       25.088     0.241    4.00        0.150
 OA      -69.948       56.979       24.177    -0.271    3.20        0.200
  N      -69.458       56.325       26.183    -0.346    3.50        0.160
 HD      -69.487       55.654       26.921     0.163    2.00        0.000
  C      -68.414       57.375       26.400     0.172    4.00        0.150
  C      -68.255       57.582       27.903     0.042    4.00        0.150
  C      -67.141       57.050       25.647     0.240    4.00        0.150
 OA      -66.522       57.932       25.076    -0.271    3.20        0.200
  N      -66.762       55.779       25.658    -0.346    3.50        0.160
 HD      -67.288       55.170       26.245     0.163    2.00        0.000
  C      -65.651       55.227       24.880     0.176    4.00        0.150
  C      -65.443       53.708       25.214     0.036    4.00        0.150
  C      -64.807       53.465       26.608     0.023    4.00        0.150
  C      -64.854       51.984       26.795     0.138    4.00        0.150
  N      -63.869       51.716       27.946    -0.227    3.50        0.160
 HD      -63.454       52.529       28.354     0.177    2.00        0.000
  C      -63.578       50.650       28.628     0.665    4.00        0.150
  N      -64.108       49.434       28.428    -0.235    3.50        0.160
 HD      -64.931       49.345       27.866     0.174    2.00        0.000
 HD      -63.903       48.778       29.154     0.174    2.00        0.000
  N      -62.720       50.777       29.608    -0.235    3.50        0.160
 HD      -62.257       51.644       29.794     0.174    2.00        0.000
 HD      -62.425       50.028       30.201     0.174    2.00        0.000
  C      -65.763       55.379       23.381     0.241    4.00        0.150
 OA      -64.874       55.922       22.677    -0.271    3.20        0.200
  N      -66.983       55.145       22.887    -0.346    3.50        0.160
 HD      -67.590       54.699       23.540     0.163    2.00        0.000
  C      -67.450       55.432       21.564     0.176    4.00        0.150
  C      -68.887       54.822       21.267     0.035    4.00        0.150
  C      -69.513       55.385       20.028     0.004    4.00        0.150
  C      -68.749       55.083       18.753     0.027    4.00        0.150
  C      -69.396       55.770       17.530     0.229    4.00        0.150
  N      -70.447       54.857       16.975    -0.079    3.50        0.160
 HD      -70.042       53.909       16.836     0.274    2.00        0.000
 HD      -70.755       55.183       16.036     0.274    2.00        0.000
 HD      -71.257       54.775       17.621     0.274    2.00        0.000
  C      -67.372       56.878       21.283     0.241    4.00        0.150
 OA      -66.835       57.359       20.340    -0.271    3.20        0.200
  N      -67.836       57.667       22.192    -0.346    3.50        0.160
 HD      -68.181       57.280       23.044     0.163    2.00        0.000
  C      -67.775       59.116       22.049     0.172    4.00        0.150
  C      -68.459       59.818       23.261     0.042    4.00        0.150
  C      -66.353       59.676       21.918     0.240    4.00        0.150
 OA      -66.103       60.568       21.120    -0.271    3.20        0.200
  N      -65.442       59.204       22.755    -0.345    3.50        0.160
 HD      -65.582       58.461       23.406     0.163    2.00        0.000
  C      -64.042       59.476       22.596     0.185    4.00        0.150
  C      -63.261       59.182       23.905     0.105    4.00        0.150
 SA      -63.842       60.253       25.341    -0.180    4.00        0.200
 HD      -64.910       59.521       25.624     0.101    2.00        0.000
  C      -63.428       58.941       21.308     0.241    4.00        0.150
 OA      -62.567       59.604       20.799    -0.271    3.20        0.200
  N      -63.854       57.832       20.699    -0.346    3.50        0.160
 HD      -64.514       57.311       21.234     0.163    2.00        0.000
  C      -63.275       57.187       19.477     0.172    4.00        0.150
  C      -63.793       55.767       19.417     0.042    4.00        0.150
  C      -63.646       57.970       18.221     0.240    4.00        0.150
 OA      -64.447       57.527       17.466    -0.271    3.20        0.200
  N      -63.165       59.262       18.141    -0.346    3.50        0.160
 HD      -62.991       59.804       18.960     0.163    2.00        0.000
  C      -63.560       60.109       16.964     0.186    4.00        0.150
  C      -63.547       61.627       17.372     0.147    4.00        0.150
  C      -62.255       62.306       17.818     0.175    4.00        0.150
 OA      -61.169       61.682       18.079    -0.648    3.20        0.200
 OA      -62.413       63.528       17.996    -0.648    3.20        0.200
  C      -62.690       59.737       15.762     0.241    4.00        0.150
 OA      -63.195       59.639       14.653    -0.271    3.20        0.200
  N      -61.393       59.457       15.963    -0.346    3.50        0.160
 HD      -61.041       59.548       16.891     0.163    2.00        0.000
  C      -60.605       58.803       14.907     0.172    4.00        0.150
  C      -59.527       59.831       14.470     0.042    4.00        0.150
  C      -59.838       57.569       15.375     0.240    4.00        0.150
 OA      -59.678       57.324       16.534    -0.271    3.20        0.200
  N      -59.241       56.844       14.385    -0.344    3.50        0.160
 HD      -59.391       57.110       13.436     0.163    2.00        0.000
  C      -58.232       55.866       14.677     0.205    4.00        0.150
  C      -58.469       54.421       13.941     0.146    4.00        0.150
 OA      -58.220       54.445       12.547    -0.393    3.20        0.200
 HD      -58.082       53.503       12.428     0.210    2.00        0.000
  C      -59.850       53.830       14.222     0.042    4.00        0.150
  C      -56.882       56.510       14.409     0.243    4.00        0.150
 OA      -56.757       57.529       13.693    -0.271    3.20        0.200
  N      -55.843       55.840       14.910    -0.346    3.50        0.160
 HD      -55.927       55.015       15.463     0.163    2.00        0.000
  C      -54.426       56.115       14.725     0.177    4.00        0.150
  C      -53.459       55.281       15.571     0.038    4.00        0.150
  C      -51.906       55.355       15.310    -0.020    4.00        0.150
  C      -51.320       56.708       15.771     0.009    4.00        0.150
  C      -51.139       54.337       16.165     0.009    4.00        0.150
  C      -54.042       56.051       13.312     0.241    4.00        0.150
 OA      -53.375       56.986       12.824    -0.271    3.20        0.200
  N      -54.488       55.104       12.512    -0.344    3.50        0.160
 HD      -54.987       54.413       13.029     0.163    2.00        0.000
  C      -54.222       55.072       11.019     0.200    4.00        0.150
  C      -54.995       53.839       10.382     0.199    4.00        0.150
 OA      -54.646       53.575        9.044    -0.398    3.20        0.200
 HD      -53.715       53.358        9.131     0.209    2.00        0.000
  C      -54.686       56.315       10.256     0.243    4.00        0.150
 OA      -54.060       56.858        9.335    -0.271    3.20        0.200
  N      -55.920       56.832       10.599    -0.346    3.50        0.160
 HD      -56.396       56.456       11.390     0.163    2.00        0.000
  C      -56.481       58.020       10.001     0.177    4.00        0.150
  C      -57.939       58.238       10.403     0.044    4.00        0.150
  C      -58.951       57.167       10.023     0.105    4.00        0.150
  C      -60.323       57.336       10.827     0.215    4.00        0.150
 OA      -60.403       58.075       11.786    -0.274    3.20        0.200
  N      -61.385       56.522       10.457    -0.370    3.50        0.160
 HD      -62.123       56.636       11.121     0.159    2.00        0.000
 HD      -61.332       55.817        9.749     0.159    2.00        0.000
  C      -55.498       59.250       10.336     0.241    4.00        0.150
 OA      -55.081       60.005        9.407    -0.271    3.20        0.200
  N      -55.053       59.435       11.614    -0.346    3.50        0.160
 HD      -55.443       58.844       12.315     0.163    2.00        0.000
  C      -54.283       60.591       12.056     0.180    4.00        0.150
  C      -54.131       60.611       13.574     0.013    4.00        0.150
  C      -53.208       61.768       13.905     0.012    4.00        0.150
  C      -55.478       60.823       14.319     0.002    4.00        0.150
  C      -56.471       61.725       13.595     0.005    4.00        0.150
  C      -52.891       60.425       11.335     0.241    4.00        0.150
 OA      -52.283       61.372       10.779    -0.271    3.20        0.200
  N      -52.308       59.192       11.341    -0.344    3.50        0.160
 HD      -52.682       58.433       11.869     0.163    2.00        0.000
  C      -50.973       58.967       10.823     0.205    4.00        0.150
  C      -50.299       57.800       11.551     0.146    4.00        0.150
 OA      -51.017       56.566       11.406    -0.393    3.20        0.200
 HD      -51.846       56.767       11.844     0.210    2.00        0.000
  C      -50.257       58.214       13.031     0.042    4.00        0.150
  C      -50.827       58.522        9.337     0.243    4.00        0.150
 OA      -49.780       58.109        8.800    -0.271    3.20        0.200
  N      -51.925       58.676        8.558    -0.345    3.50        0.160
 HD      -52.751       59.000        9.013     0.163    2.00        0.000
  C      -52.171       58.238        7.189     0.185    4.00        0.150
  C      -53.545       58.735        6.673     0.137    4.00        0.150
  C      -54.013       58.251        5.317     0.217    4.00        0.150
 OA      -54.302       59.069        4.416    -0.274    3.20        0.200
  N      -54.093       56.948        5.015    -0.370    3.50        0.160
 HD      -54.216       56.726        4.048     0.159    2.00        0.000
 HD      -54.157       56.252        5.729     0.159    2.00        0.000
  C      -51.110       58.648        6.164     0.241    4.00        0.150
 OA      -50.919       57.957        5.171    -0.271    3.20        0.200
  N      -50.496       59.870        6.361    -0.346    3.50        0.160
 HD      -50.870       60.466        7.067     0.163    2.00        0.000
  C      -49.600       60.386        5.332     0.185    4.00        0.150
  C      -49.934       61.825        5.045     0.137    4.00        0.150
  C      -51.412       62.030        4.909     0.217    4.00        0.150
 OA      -52.048       62.709        5.711    -0.274    3.20        0.200
  N      -51.999       61.383        3.943    -0.370    3.50        0.160
 HD      -52.971       61.508        3.747     0.159    2.00        0.000
 HD      -51.355       61.052        3.253     0.159    2.00        0.000
  C      -48.104       60.364        5.763     0.241    4.00        0.150
 OA      -47.220       60.555        4.922    -0.271    3.20        0.200
  N      -47.745       60.203        7.092    -0.346    3.50        0.160
 HD      -48.441       60.108        7.799     0.163    2.00        0.000
  C      -46.331       60.163        7.551     0.180    4.00        0.150
  C      -46.189       60.368        9.062     0.013    4.00        0.150
  C      -46.919       61.738        9.391     0.012    4.00        0.150
  C      -46.694       59.195        9.897     0.002    4.00        0.150
  C      -45.641       58.391       10.446     0.005    4.00        0.150
  C      -45.623       58.933        7.033     0.241    4.00        0.150
 OA      -46.247       57.971        6.650    -0.271    3.20        0.200
  N      -44.290       58.961        6.963    -0.345    3.50        0.160
 HD      -43.742       59.728        7.287     0.163    2.00        0.000
  C      -43.508       58.072        6.188     0.186    4.00        0.150
  C      -42.106       58.757        6.027     0.147    4.00        0.150
  C      -42.232       60.100        5.155     0.175    4.00        0.150
 OA      -41.366       60.951        5.204    -0.648    3.20        0.200
 OA      -43.065       60.006        4.199    -0.648    3.20        0.200
  C      -43.300       56.692        6.888     0.243    4.00        0.150
 OA      -43.098       56.593        8.093    -0.271    3.20        0.200
  N      -43.332       55.560        6.131    -0.337    3.50        0.160
  C      -44.001       55.589        4.834     0.127    4.00        0.150
  C      -42.806       54.241        6.474     0.179    4.00        0.150
  C      -42.909       53.504        5.195     0.037    4.00        0.150
  C      -44.141       54.190        4.448     0.022    4.00        0.150
  C      -41.415       54.296        7.074     0.241    4.00        0.150
 OA      -40.669       55.130        6.653    -0.271    3.20        0.200
  N      -41.059       53.425        8.024    -0.346    3.50        0.160
 HD      -41.672       52.815        8.520     0.163    2.00        0.000
  C      -39.693       53.242        8.410     0.180    4.00        0.150
  C      -39.484       52.655        9.805     0.009    4.00        0.150
  C      -40.195       53.563       10.838     0.012    4.00        0.150
  C      -39.860       51.196        9.899     0.012    4.00        0.150
  C      -38.850       52.440        7.366     0.241    4.00        0.150
 OA      -37.614       52.590        7.409    -0.271    3.20        0.200
  N      -39.527       51.820        6.479    -0.351    3.50        0.160
 HD      -40.520       51.887        6.524     0.163    2.00        0.000
  C      -38.965       50.772        5.541     0.225    4.00        0.150
  C      -38.867       49.407        6.114     0.236    4.00        0.150
 OA      -39.706       49.000        6.950    -0.272    3.20        0.200
  N      -37.683       48.790        5.798    -0.346    3.50        0.160
 HD      -37.037       49.066        5.090     0.163    2.00        0.000
  C      -37.161       47.639        6.496     0.176    4.00        0.150
  C      -36.606       46.528        5.520     0.036    4.00        0.150
  C      -37.713       45.578        4.900     0.023    4.00        0.150
  C      -37.157       44.447        4.075     0.138    4.00        0.150
  N      -38.362       43.459        4.105    -0.227    3.50        0.160
 HD      -39.221       43.803        3.727     0.177    2.00        0.000
  C      -38.311       42.272        4.651     0.665    4.00        0.150
  N      -37.370       41.985        5.536    -0.235    3.50        0.160
 HD      -36.846       42.814        5.730     0.174    2.00        0.000
 HD      -37.372       41.127        6.049     0.174    2.00        0.000
  N      -39.226       41.419        4.399    -0.235    3.50        0.160
 HD      -39.951       41.709        3.775     0.174    2.00        0.000
 HD      -39.257       40.515        4.827     0.174    2.00        0.000
  C      -36.144       48.119        7.537     0.241    4.00        0.150
 OA      -35.405       49.064        7.329    -0.271    3.20        0.200
  N      -36.018       47.430        8.705    -0.346    3.50        0.160
 HD      -36.463       46.540        8.636     0.163    2.00        0.000
  C      -34.959       47.724        9.655     0.180    4.00        0.150
  C      -35.620       48.148       11.002     0.013    4.00        0.150
  C      -34.496       48.323       12.028     0.012    4.00        0.150
  C      -36.373       49.526       10.889     0.002    4.00        0.150
  C      -35.480       50.636       10.359     0.005    4.00        0.150
  C      -34.130       46.479        9.836     0.241    4.00        0.150
 OA      -34.519       45.368       10.201    -0.271    3.20        0.200
  N      -32.873       46.554        9.464    -0.346    3.50        0.160
 HD      -32.560       47.421        9.084     0.163    2.00        0.000
  C      -31.914       45.408        9.418     0.177    4.00        0.150
  C      -30.885       45.529        8.248     0.044    4.00        0.150
  C      -31.404       45.966        6.901     0.105    4.00        0.150
  C      -32.228       44.923        6.264     0.215    4.00        0.150
 OA      -33.459       44.946        6.099    -0.274    3.20        0.200
  N      -31.552       43.935        5.659    -0.370    3.50        0.160
 HD      -32.072       43.203        5.219     0.159    2.00        0.000
 HD      -30.560       44.053        5.616     0.159    2.00        0.000
  C      -31.179       45.267       10.775     0.241    4.00        0.150
 OA      -30.367       46.144       11.070    -0.271    3.20        0.200
  N      -31.401       44.235       11.631    -0.346    3.50        0.160
 HD      -32.147       43.628       11.373     0.163    2.00        0.000
  C      -30.696       43.988       12.898     0.177    4.00        0.150
  C      -31.688       43.726       14.102     0.045    4.00        0.150
  C      -32.450       45.014       14.354     0.076    4.00        0.150
 SA      -33.928       44.834       15.401    -0.173    4.00        0.200
  C      -33.217       44.530       17.001     0.089    4.00        0.150
  C      -29.833       42.760       12.652     0.241    4.00        0.150
 OA      -30.060       41.984       11.746    -0.271    3.20        0.200
  N      -28.772       42.609       13.478    -0.346    3.50        0.160
 HD      -28.521       43.269       14.183     0.163    2.00        0.000
  C      -27.834       41.558       13.376     0.176    4.00        0.150
  C      -26.486       42.065       12.758     0.036    4.00        0.150
  C      -26.765       42.468       11.275     0.023    4.00        0.150
  C      -27.166       41.303       10.301     0.138    4.00        0.150
  N      -26.065       40.342       10.163    -0.227    3.50        0.160
 HD      -25.187       40.620       10.552     0.177    2.00        0.000
  C      -26.095       39.097        9.648     0.665    4.00        0.150
  N      -27.156       38.521        9.201    -0.235    3.50        0.160
 HD      -27.924       39.130        9.004     0.174    2.00        0.000
 HD      -27.197       37.586        8.849     0.174    2.00        0.000
  N      -24.952       38.538        9.918    -0.235    3.50        0.160
 HD      -24.114       39.007       10.198     0.174    2.00        0.000
 HD      -24.954       37.547        9.789     0.174    2.00        0.000
  C      -27.634       41.040       14.703     0.241    4.00        0.150
 OA      -27.778       41.840       15.671    -0.271    3.20        0.200
  N      -27.274       39.787       14.872    -0.344    3.50        0.160
 HD      -27.111       39.134       14.137     0.163    2.00        0.000
  C      -26.928       39.311       16.188     0.205    4.00        0.150
  C      -27.050       37.808       16.491     0.146    4.00        0.150
 OA      -28.360       37.350       16.450    -0.393    3.20        0.200
 HD      -28.579       37.272       15.519     0.210    2.00        0.000
  C      -26.711       37.609       17.980     0.042    4.00        0.150
  C      -25.518       39.699       16.395     0.243    4.00        0.150
 OA      -24.595       39.338       15.579    -0.271    3.20        0.200
  N      -25.252       40.528       17.359    -0.346    3.50        0.160
 HD      -25.959       40.926       17.939     0.163    2.00        0.000
  C      -23.958       40.962       17.684     0.176    4.00        0.150
  C      -24.060       42.418       18.285     0.036    4.00        0.150
  C      -24.804       43.402       17.368     0.023    4.00        0.150
  C      -24.128       43.547       16.003     0.138    4.00        0.150
  N      -24.867       44.489       15.140    -0.227    3.50        0.160
 HD      -25.828       44.292       14.946     0.177    2.00        0.000
  C      -24.525       45.737       14.847     0.665    4.00        0.150
  N      -23.272       46.179       15.103    -0.235    3.50        0.160
 HD      -22.536       45.516       15.231     0.174    2.00        0.000
 HD      -23.051       47.137       14.917     0.174    2.00        0.000
  N      -25.470       46.512       14.407    -0.235    3.50        0.160
 HD      -25.214       47.475       14.337     0.174    2.00        0.000
 HD      -26.427       46.222       14.362     0.174    2.00        0.000
  C      -23.105       40.003       18.583     0.241    4.00        0.150
 OA      -21.928       39.673       18.367    -0.271    3.20        0.200
  N      -23.818       39.584       19.733    -0.346    3.50        0.160
 HD      -24.778       39.755       19.937     0.163    2.00        0.000
  C      -23.375       38.395       20.486     0.176    4.00        0.150
  C      -22.621       38.807       21.812     0.036    4.00        0.150
  C      -21.317       39.622       21.639     0.023    4.00        0.150
  C      -21.441       41.131       21.460     0.138    4.00        0.150
  N      -20.033       41.631       21.243    -0.227    3.50        0.160
 HD      -19.359       41.638       21.982     0.177    2.00        0.000
  C      -19.565       41.918       20.067     0.665    4.00        0.150
  N      -20.203       41.735       18.897    -0.235    3.50        0.160
 HD      -20.927       41.060       18.753     0.174    2.00        0.000
 HD      -19.604       41.743       18.097     0.174    2.00        0.000
  N      -18.386       42.486       19.900    -0.235    3.50        0.160
 HD      -18.170       42.853       18.996     0.174    2.00        0.000
 HD      -17.839       42.755       20.693     0.174    2.00        0.000
  C      -24.453       37.391       20.861     0.241    4.00        0.150
 OA      -25.660       37.716       20.940    -0.271    3.20        0.200
  N      -24.062       36.119       21.073    -0.344    3.50        0.160
 HD      -23.125       35.794       20.974     0.163    2.00        0.000
  C      -24.861       35.100       21.611     0.205    4.00        0.150
  C      -24.975       33.895       20.699     0.146    4.00        0.150
 OA      -25.517       34.289       19.414    -0.393    3.20        0.200
 HD      -25.021       35.057       19.120     0.210    2.00        0.000
  C      -25.948       32.866       21.280     0.042    4.00        0.150
  C      -24.259       34.615       22.916     0.243    4.00        0.150
 OA      -23.081       34.171       22.996    -0.271    3.20        0.200
  N      -25.048       34.803       24.035    -0.346    3.50        0.160
 HD      -25.960       35.198       23.953     0.163    2.00        0.000
  C      -24.600       34.303       25.357     0.177    4.00        0.150
  C      -24.925       35.286       26.517     0.038    4.00        0.150
  C      -24.167       36.618       26.459    -0.020    4.00        0.150
  C      -24.417       37.561       25.156     0.009    4.00        0.150
  C      -24.255       37.337       27.802     0.009    4.00        0.150
  C      -25.084       32.915       25.681     0.241    4.00        0.150
 OA      -26.230       32.526       25.373    -0.271    3.20        0.200
  N      -24.204       32.097       26.300    -0.346    3.50        0.160
 HD      -23.371       32.417       26.746     0.163    2.00        0.000
  C      -24.370       30.651       26.384     0.176    4.00        0.150
  C      -23.806       29.911       25.079     0.036    4.00        0.150
  C      -22.304       30.057       24.736     0.023    4.00        0.150
  C      -21.352       28.965       25.322     0.138    4.00        0.150
  N      -19.983       29.447       25.108    -0.227    3.50        0.160
 HD      -19.545       29.469       24.209     0.177    2.00        0.000
  C      -19.356       30.276       25.925     0.665    4.00        0.150
  N      -19.905       30.769       27.083    -0.235    3.50        0.160
 HD      -20.900       30.778       27.179     0.174    2.00        0.000
 HD      -19.291       31.388       27.571     0.174    2.00        0.000
  N      -18.166       30.610       25.598    -0.235    3.50        0.160
 HD      -17.600       30.142       24.918     0.174    2.00        0.000
 HD      -17.687       31.317       26.118     0.174    2.00        0.000
  C      -23.642       30.209       27.650     0.240    4.00        0.150
 OA      -22.629       30.748       28.028    -0.271    3.20        0.200
  N      -24.087       29.130       28.265    -0.351    3.50        0.160
 HD      -24.843       28.626       27.853     0.163    2.00        0.000
  C      -23.395       28.623       29.508     0.225    4.00        0.150
  C      -24.425       28.409       30.627     0.236    4.00        0.150
 OA      -24.080       28.314       31.793    -0.272    3.20        0.200
  N      -25.750       28.330       30.353    -0.346    3.50        0.160
 HD      -26.111       28.834       29.571     0.163    2.00        0.000
  C      -26.643       27.923       31.363     0.182    4.00        0.150
  C      -28.015       28.669       31.366     0.093    4.00        0.150
  N      -28.354       30.255       33.340    -0.353    3.50        0.160
 HD      -28.651       29.598       34.033     0.166    2.00        0.000
  A      -27.940       30.072       32.050     0.030    4.00        0.150
  A      -28.201       31.641       33.553     0.207    4.00        0.150
 NA      -27.859       32.324       32.541    -0.254    3.50        0.160
  A      -27.706       31.346       31.558     0.143    4.00        0.150
  C      -26.822       26.458       31.136     0.241    4.00        0.150
 OA      -26.844       25.964       29.991    -0.271    3.20        0.200
  N      -26.917       25.651       32.279    -0.346    3.50        0.160
 HD      -27.038       26.069       33.175     0.163    2.00        0.000
  C      -26.867       24.198       32.188     0.177    4.00        0.150
  C      -25.702       23.575       33.048     0.038    4.00        0.150
  C      -24.284       24.275       32.971    -0.020    4.00        0.150
  C      -23.313       23.504       33.917     0.009    4.00        0.150
  C      -23.725       24.142       31.508     0.009    4.00        0.150
  C      -28.253       23.574       32.384     0.241    4.00        0.150
 OA      -28.360       22.358       32.695    -0.271    3.20        0.200
  N      -29.282       24.337       32.157    -0.346    3.50        0.160
 HD      -29.025       25.252       31.854     0.163    2.00        0.000
  C      -30.656       23.957       32.126     0.172    4.00        0.150
  C      -31.143       23.506       33.510     0.042    4.00        0.150
  C      -31.315       25.165       31.441     0.240    4.00        0.150
 OA      -30.601       26.119       31.132    -0.271    3.20        0.200
  N      -32.629       25.022       31.167    -0.346    3.50        0.160
 HD      -33.191       24.251       31.459     0.163    2.00        0.000
  C      -33.358       26.092       30.504     0.176    4.00        0.150
  C      -34.773       25.631       29.995     0.035    4.00        0.150
  C      -35.819       25.124       31.111     0.004    4.00        0.150
  C      -37.034       24.291       30.529     0.027    4.00        0.150
  C      -37.844       23.591       31.635     0.229    4.00        0.150
  N      -37.134       22.405       32.109    -0.079    3.50        0.160
 HD      -37.396       22.076       33.061     0.274    2.00        0.000
 HD      -36.114       22.552       31.969     0.274    2.00        0.000
 HD      -37.420       21.605       31.510     0.274    2.00        0.000
  C      -33.338       27.471       31.142     0.241    4.00        0.150
 OA      -33.544       27.648       32.343    -0.271    3.20        0.200
  N      -33.110       28.533       30.353    -0.346    3.50        0.160
 HD      -32.691       28.402       29.458     0.163    2.00        0.000
  C      -33.264       29.903       30.922     0.180    4.00        0.150
  C      -32.460       30.974       30.111     0.013    4.00        0.150
  C      -32.763       32.409       30.648     0.012    4.00        0.150
  C      -30.959       30.783       30.093     0.002    4.00        0.150
  C      -30.382       31.546       28.911     0.005    4.00        0.150
  C      -34.738       30.274       30.831     0.241    4.00        0.150
 OA      -35.426       30.185       29.822    -0.271    3.20        0.200
  N      -35.278       30.636       32.014    -0.346    3.50        0.160
 HD      -34.734       30.610       32.849     0.163    2.00        0.000
  C      -36.636       31.084       32.142     0.180    4.00        0.150
  C      -37.411       30.462       33.349     0.073    4.00        0.150
  A      -38.342       29.505       32.781    -0.056    4.00        0.150
  A      -37.948       28.433       31.955     0.010    4.00        0.150
  A      -38.898       27.496       31.490     0.037    4.00        0.150
  A      -40.267       27.669       31.773     0.065    4.00        0.150
 OA      -41.217       26.863       31.098    -0.361    3.20        0.200
 HD      -40.798       26.393       30.374     0.217    2.00        0.000
  A      -39.695       29.724       33.120     0.010    4.00        0.150
  A      -40.599       28.776       32.558     0.037    4.00        0.150
  C      -36.848       32.544       32.174     0.241    4.00        0.150
 OA      -37.860       33.042       31.742    -0.271    3.20        0.200
  N      -35.855       33.285       32.622    -0.346    3.50        0.160
 HD      -34.949       32.949       32.868     0.163    2.00        0.000
  C      -36.090       34.684       32.760     0.172    4.00        0.150
  C      -36.816       35.116       34.026     0.042    4.00        0.150
  C      -34.784       35.432       32.658     0.240    4.00        0.150
 OA      -33.698       34.860       32.972    -0.271    3.20        0.200
  N      -34.872       36.775       32.340    -0.346    3.50        0.160
 HD      -35.679       37.359       32.319     0.163    2.00        0.000
  C      -33.750       37.722       32.364     0.177    4.00        0.150
  C      -33.201       37.907       30.959     0.045    4.00        0.150
  C      -34.265       38.041       29.902     0.076    4.00        0.150
 SA      -33.563       38.368       28.260    -0.173    4.00        0.200
  C      -33.209       40.145       28.532     0.089    4.00        0.150
  C      -34.156       39.083       32.853     0.241    4.00        0.150
 OA      -35.340       39.443       32.998    -0.271    3.20        0.200
  N      -33.151       39.903       33.097    -0.346    3.50        0.160
 HD      -32.224       39.548       33.004     0.163    2.00        0.000
  C      -33.330       41.294       33.376     0.182    4.00        0.150
  C      -33.833       41.506       34.783     0.093    4.00        0.150
  N      -33.779       43.993       35.470    -0.353    3.50        0.160
 HD      -32.843       44.306       35.307     0.166    2.00        0.000
  A      -34.379       42.865       35.034     0.030    4.00        0.150
  A      -34.793       44.874       35.853     0.207    4.00        0.150
 NA      -35.998       44.360       35.760    -0.254    3.50        0.160
  A      -35.747       43.092       35.225     0.143    4.00        0.150
  C      -32.051       42.021       33.110     0.241    4.00        0.150
 OA      -30.968       41.628       33.497    -0.271    3.20        0.200
  N      -32.129       43.209       32.501    -0.346    3.50        0.160
 HD      -33.014       43.523       32.168     0.163    2.00        0.000
  C      -30.984       44.178       32.308     0.181    4.00        0.150
  C      -31.303       45.242       31.303     0.075    4.00        0.150
  A      -31.217       44.815       29.852    -0.028    4.00        0.150
  A      -32.283       44.656       28.998     0.096    4.00        0.150
  N      -31.786       44.181       27.771    -0.365    3.50        0.160
 HD      -32.288       44.125       26.935     0.165    2.00        0.000
  A      -30.450       44.037       27.812     0.042    4.00        0.150
  A      -30.001       44.442       29.168    -0.002    4.00        0.150
  A      -28.586       44.342       29.474     0.014    4.00        0.150
  A      -27.751       43.848       28.544     0.001    4.00        0.150
  A      -29.511       43.744       26.878     0.030    4.00        0.150
  A      -28.176       43.448       27.250     0.002    4.00        0.150
  C      -30.453       44.726       33.626     0.241    4.00        0.150
 OA      -31.228       44.946       34.556    -0.271    3.20        0.200
  N      -29.121       44.922       33.867    -0.351    3.50        0.160
 HD      -28.533       44.620       33.121     0.163    2.00        0.000
  C      -28.545       45.628       35.018     0.225    4.00        0.150
  C      -28.811       47.115       34.933     0.236    4.00        0.150
 OA      -29.925       47.571       34.671    -0.272    3.20        0.200
  N      -27.853       48.024       35.289    -0.344    3.50        0.160
 HD      -27.029       47.660       35.715     0.163    2.00        0.000
  C      -27.966       49.502       35.137     0.205    4.00        0.150
  C      -27.820       50.138       36.518     0.146    4.00        0.150
 OA      -26.569       50.017       37.166    -0.393    3.20        0.200
 HD      -26.405       49.079       37.283     0.210    2.00        0.000
  C      -28.896       49.754       37.575     0.042    4.00        0.150
  C      -27.006       50.163       34.169     0.243    4.00        0.150
 OA      -27.015       51.388       33.928    -0.271    3.20        0.200
  N      -26.237       49.433       33.403    -0.345    3.50        0.160
 HD      -26.260       48.436       33.457     0.163    2.00        0.000
  C      -25.195       49.971       32.594     0.186    4.00        0.150
  C      -23.835       49.557       33.296     0.147    4.00        0.150
  C      -23.607       48.041       33.283     0.175    4.00        0.150
 OA      -24.459       47.350       32.658    -0.648    3.20        0.200
 OA      -22.721       47.527       34.000    -0.648    3.20        0.200
  C      -25.298       49.674       31.115     0.241    4.00        0.150
 OA      -24.388       50.032       30.373    -0.271    3.20        0.200
  N      -26.351       48.943       30.636    -0.344    3.50        0.160
 HD      -26.863       48.458       31.342     0.163    2.00        0.000
  C      -26.571       48.489       29.283     0.200    4.00        0.150
  C      -26.512       49.668       28.216     0.199    4.00        0.150
 OA      -27.532       50.666       28.406    -0.398    3.20        0.200
 HD      -27.513       51.157       27.580     0.209    2.00        0.000
  C      -25.553       47.388       28.810     0.243    4.00        0.150
 OA      -25.533       47.002       27.687    -0.271    3.20        0.200
  N      -24.661       46.868       29.780    -0.346    3.50        0.160
 HD      -24.436       47.249       30.673     0.163    2.00        0.000
  C      -23.697       45.939       29.373     0.176    4.00        0.150
  C      -22.256       46.574       29.488     0.036    4.00        0.150
  C      -21.082       45.597       29.452     0.023    4.00        0.150
  C      -19.782       46.369       29.463     0.138    4.00        0.150
  N      -18.814       45.313       29.063    -0.227    3.50        0.160
 HD      -19.134       44.369       29.000     0.177    2.00        0.000
  C      -17.570       45.526       28.722     0.665    4.00        0.150
  N      -17.057       46.707       28.532    -0.235    3.50        0.160
 HD      -17.696       47.456       28.711     0.174    2.00        0.000
 HD      -16.239       46.897       27.987     0.174    2.00        0.000
  N      -16.829       44.498       28.360    -0.235    3.50        0.160
 HD      -17.237       43.636       28.661     0.174    2.00        0.000
 HD      -15.890       44.647       28.049     0.174    2.00        0.000
  C      -23.774       44.690       30.286     0.241    4.00        0.150
 OA      -23.821       43.537       29.729    -0.271    3.20        0.200
  N      -23.991       44.897       31.581    -0.346    3.50        0.160
 HD      -23.974       45.844       31.893     0.163    2.00        0.000
  C      -24.287       43.839       32.524     0.177    4.00        0.150
  C      -24.197       44.415       33.966     0.038    4.00        0.150
  C      -24.075       43.280       35.065    -0.020    4.00        0.150
  C      -22.561       43.068       35.216     0.009    4.00        0.150
  C      -24.640       43.662       36.407     0.009    4.00        0.150
  C      -25.672       43.302       32.373     0.241    4.00        0.150
 OA      -26.625       43.998       32.495    -0.271    3.20        0.200
  N      -25.774       41.980       31.977    -0.346    3.50        0.160
 HD      -24.929       41.477       31.816     0.163    2.00        0.000
  C      -27.083       41.290       31.720     0.177    4.00        0.150
  C      -27.190       40.799       30.275     0.038    4.00        0.150
  C      -28.500       39.985       29.824    -0.020    4.00        0.150
  C      -29.840       40.671       30.144     0.009    4.00        0.150
  C      -28.348       39.617       28.353     0.009    4.00        0.150
  C      -27.270       40.187       32.685     0.241    4.00        0.150
 OA      -26.311       39.498       32.890    -0.271    3.20        0.200
  N      -28.464       39.980       33.291    -0.346    3.50        0.160
 HD      -29.348       40.425       33.169     0.163    2.00        0.000
  C      -28.620       38.866       34.232     0.180    4.00        0.150
  C      -28.869       39.099       35.807     0.009    4.00        0.150
  C      -28.051       40.279       36.300     0.012    4.00        0.150
  C      -30.336       39.395       36.005     0.012    4.00        0.150
  C      -29.668       37.890       33.711     0.241    4.00        0.150
 OA      -30.707       38.317       33.262    -0.271    3.20        0.200
  N      -29.395       36.557       33.785    -0.344    3.50        0.160
 HD      -28.569       36.146       34.162     0.163    2.00        0.000
  C      -30.407       35.622       33.359     0.200    4.00        0.150
  C      -30.133       35.263       31.896     0.199    4.00        0.150
 OA      -28.800       34.900       31.554    -0.398    3.20        0.200
 HD      -28.625       34.055       31.974     0.209    2.00        0.000
  C      -30.382       34.389       34.147     0.243    4.00        0.150
 OA      -29.335       34.089       34.696    -0.271    3.20        0.200
  N      -31.490       33.709       34.245    -0.346    3.50        0.160
 HD      -32.322       33.965       33.759     0.163    2.00        0.000
  C      -31.650       32.717       35.292     0.172    4.00        0.150
  C      -32.399       33.215       36.565     0.042    4.00        0.150
  C      -32.275       31.394       34.718     0.240    4.00        0.150
 OA      -33.313       31.360       34.075    -0.271    3.20        0.200
  N      -31.622       30.258       34.937    -0.344    3.50        0.160
 HD      -30.894       30.208       35.616     0.163    2.00        0.000
  C      -32.088       28.951       34.585     0.200    4.00        0.150
  C      -30.976       27.951       34.083     0.199    4.00        0.150
 OA      -29.741       28.008       34.826    -0.398    3.20        0.200
 HD      -29.971       27.615       35.671     0.209    2.00        0.000
  C      -32.766       28.168       35.726     0.243    4.00        0.150
 OA      -32.418       28.443       36.844    -0.271    3.20        0.200
  N      -33.641       27.121       35.440    -0.346    3.50        0.160
 HD      -33.773       26.926       34.471     0.163    2.00        0.000
  C      -34.532       26.391       36.338     0.177    4.00        0.150
  C      -35.811       25.941       35.541     0.044    4.00        0.150
  C      -36.668       27.120       34.989     0.105    4.00        0.150
  C      -38.178       26.775       34.833     0.215    4.00        0.150
 OA      -38.381       25.644       34.357    -0.274    3.20        0.200
  N      -39.139       27.545       35.441    -0.370    3.50        0.160
 HD      -40.073       27.203       35.352     0.159    2.00        0.000
 HD      -38.926       28.495       35.672     0.159    2.00        0.000
  C      -33.790       25.170       36.965     0.241    4.00        0.150
 OA      -34.457       24.327       37.559    -0.271    3.20        0.200
  N      -32.456       25.133       36.924    -0.346    3.50        0.160
 HD      -31.829       25.792       36.515     0.163    2.00        0.000
  C      -31.719       24.187       37.735     0.186    4.00        0.150
  C      -30.390       23.688       37.069     0.147    4.00        0.150
  C      -29.387       24.814       36.593     0.175    4.00        0.150
 OA      -29.825       26.009       36.558    -0.648    3.20        0.200
 OA      -28.223       24.482       36.236    -0.648    3.20        0.200
  C      -31.359       24.955       39.052     0.241    4.00        0.150
 OA      -31.106       24.388       40.135    -0.271    3.20        0.200
  N      -31.382       26.329       39.107    -0.351    3.50        0.160
 HD      -31.585       26.890       38.307     0.163    2.00        0.000
  C      -31.163       27.045       40.407     0.225    4.00        0.150
  C      -29.915       27.879       40.331     0.236    4.00        0.150
 OA      -29.210       28.077       41.316    -0.272    3.20        0.200
  N      -29.630       28.421       39.101    -0.346    3.50        0.160
 HD      -30.246       28.407       38.318     0.163    2.00        0.000
  C      -28.484       29.246       38.950     0.176    4.00        0.150
  C      -27.414       28.593       38.011     0.035    4.00        0.150
  C      -26.527       27.522       38.613     0.004    4.00        0.150
  C      -25.624       28.021       39.796     0.027    4.00        0.150
  C      -24.459       27.055       40.084     0.229    4.00        0.150
  N      -25.054       25.782       40.522    -0.079    3.50        0.160
 HD      -25.328       25.113       39.775     0.274    2.00        0.000
 HD      -25.925       26.055       41.021     0.274    2.00        0.000
 HD      -24.535       25.295       41.280     0.274    2.00        0.000
  C      -28.844       30.483       38.216     0.241    4.00        0.150
 OA      -29.601       30.437       37.195    -0.271    3.20        0.200
  N      -28.309       31.621       38.730    -0.346    3.50        0.160
 HD      -27.882       31.641       39.631     0.163    2.00        0.000
  C      -28.435       32.901       38.051     0.177    4.00        0.150
  C      -29.251       33.840       38.962     0.038    4.00        0.150
  C      -28.962       35.359       38.758    -0.020    4.00        0.150
  C      -29.806       35.971       37.656     0.009    4.00        0.150
  C      -29.234       36.154       40.066     0.009    4.00        0.150
  C      -27.031       33.322       37.775     0.241    4.00        0.150
 OA      -26.119       33.095       38.583    -0.271    3.20        0.200
  N      -26.828       33.739       36.556    -0.346    3.50        0.160
 HD      -27.564       33.895       35.902     0.163    2.00        0.000
  C      -25.559       34.236       36.112     0.180    4.00        0.150
  C      -25.053       33.317       34.972     0.013    4.00        0.150
  C      -23.639       33.835       34.512     0.012    4.00        0.150
  C      -24.973       31.876       35.404     0.002    4.00        0.150
  C      -24.740       30.989       34.162     0.005    4.00        0.150
  C      -25.688       35.611       35.666     0.241    4.00        0.150
 OA      -26.687       36.117       35.046    -0.271    3.20        0.200
  N      -24.818       36.490       36.123    -0.346    3.50        0.160
 HD      -24.106       36.132       36.724     0.163    2.00        0.000
  C      -24.649       37.891       35.823     0.180    4.00        0.150
  C      -24.121       38.634       37.016     0.013    4.00        0.150
  C      -23.978       40.122       36.646     0.012    4.00        0.150
  C      -25.000       38.329       38.342     0.002    4.00        0.150
  C      -24.548       39.086       39.565     0.005    4.00        0.150
  C      -23.638       37.869       34.813     0.241    4.00        0.150
 OA      -22.559       37.269       34.956    -0.271    3.20        0.200
  N      -23.961       38.534       33.675    -0.346    3.50        0.160
 HD      -24.787       39.087       33.600     0.163    2.00        0.000
  C      -23.063       38.400       32.443     0.181    4.00        0.150
  C      -23.834       37.729       31.335     0.075    4.00        0.150
  A      -24.299       36.363       31.608    -0.028    4.00        0.150
  A      -25.526       35.889       31.919     0.096    4.00        0.150
  N      -25.566       34.545       31.743    -0.365    3.50        0.160
 HD      -26.384       34.013       31.734     0.165    2.00        0.000
  A      -24.431       34.081       31.369     0.042    4.00        0.150
  A      -23.537       35.172       31.233    -0.002    4.00        0.150
  A      -22.257       35.005       30.612     0.014    4.00        0.150
  A      -21.863       33.742       30.377     0.001    4.00        0.150
  A      -23.943       32.809       31.143     0.030    4.00        0.150
  A      -22.625       32.651       30.724     0.002    4.00        0.150
  C      -22.583       39.695       31.870     0.241    4.00        0.150
 OA      -23.229       40.704       32.001    -0.271    3.20        0.200
  N      -21.416       39.624       31.114    -0.345    3.50        0.160
 HD      -20.873       38.789       31.136     0.163    2.00        0.000
  C      -20.847       40.682       30.216     0.186    4.00        0.150
  C      -19.283       40.673       30.168     0.147    4.00        0.150
  C      -18.732       41.822       29.353     0.175    4.00        0.150
 OA      -19.532       42.689       28.925    -0.648    3.20        0.200
 OA      -17.528       41.859       29.078    -0.648    3.20        0.200
  C      -21.496       40.528       28.842     0.241    4.00        0.150
 OA      -21.316       39.499       28.217    -0.271    3.20        0.200
  N      -22.328       41.504       28.437    -0.344    3.50        0.160
 HD      -22.378       42.296       29.041     0.163    2.00        0.000
  C      -22.884       41.497       27.102     0.200    4.00        0.150
  C      -23.726       42.704       26.700     0.199    4.00        0.150
 OA      -24.935       42.689       27.476    -0.398    3.20        0.200
 HD      -24.694       42.785       28.400     0.209    2.00        0.000
  C      -21.912       41.534       25.959     0.243    4.00        0.150
 OA      -22.241       41.083       24.844    -0.271    3.20        0.200
  N      -20.744       42.191       26.217    -0.346    3.50        0.160
 HD      -20.510       42.526       27.126     0.163    2.00        0.000
  C      -19.816       42.453       25.100     0.180    4.00        0.150
  C      -19.204       43.847       25.052     0.073    4.00        0.150
  A      -20.204       44.969       25.045    -0.056    4.00        0.150
  A      -21.418       44.984       24.332     0.010    4.00        0.150
  A      -22.309       46.046       24.539     0.037    4.00        0.150
  A      -22.021       47.106       25.391     0.065    4.00        0.150
 OA      -23.010       48.093       25.495    -0.361    3.20        0.200
 HD      -23.797       47.759       25.058     0.217    2.00        0.000
  A      -19.926       46.092       25.923     0.010    4.00        0.150
  A      -20.781       47.171       26.001     0.037    4.00        0.150
  C      -18.758       41.348       24.868     0.241    4.00        0.150
 OA      -18.585       41.009       23.696    -0.271    3.20        0.200
  N      -18.107       40.754       25.884    -0.344    3.50        0.160
 HD      -18.275       41.070       26.814     0.163    2.00        0.000
  C      -17.161       39.744       25.731     0.205    4.00        0.150
  C      -16.138       39.648       26.821     0.146    4.00        0.150
 OA      -16.793       39.464       28.035    -0.393    3.20        0.200
 HD      -17.224       40.303       28.214     0.210    2.00        0.000
  C      -15.208       40.892       27.040     0.042    4.00        0.150
  C      -17.865       38.381       25.582     0.243    4.00        0.150
 OA      -17.421       37.561       24.769    -0.271    3.20        0.200
  N      -18.907       38.153       26.408    -0.344    3.50        0.160
 HD      -19.139       38.937       26.979     0.163    2.00        0.000
  C      -19.796       37.015       26.523     0.205    4.00        0.150
  C      -20.028       35.981       25.441     0.146    4.00        0.150
 OA      -18.750       35.322       25.080    -0.393    3.20        0.200
 HD      -18.104       35.992       24.845     0.210    2.00        0.000
  C      -20.605       36.688       24.299     0.042    4.00        0.150
  C      -19.406       36.289       27.809     0.243    4.00        0.150
 OA      -20.001       35.251       28.215    -0.271    3.20        0.200
  N      -18.470       36.838       28.584    -0.345    3.50        0.160
 HD      -18.072       37.732       28.393     0.163    2.00        0.000
  C      -17.969       36.260       29.880     0.185    4.00        0.150
  C      -16.699       36.988       30.237     0.137    4.00        0.150
  C      -15.628       36.720       29.208     0.217    4.00        0.150
 OA      -15.845       36.333       28.049    -0.274    3.20        0.200
  N      -14.314       36.918       29.627    -0.370    3.50        0.160
 HD      -13.559       36.656       29.025     0.159    2.00        0.000
 HD      -14.175       37.138       30.592     0.159    2.00        0.000
  C      -19.053       36.331       30.970     0.241    4.00        0.150
 OA      -19.881       37.274       31.054    -0.271    3.20        0.200
  N      -18.925       35.371       31.905    -0.346    3.50        0.160
 HD      -18.294       34.601       31.938     0.163    2.00        0.000
  C      -19.784       35.458       33.049     0.176    4.00        0.150
  C      -20.075       34.005       33.719     0.035    4.00        0.150
  C      -18.871       33.460       34.529     0.004    4.00        0.150
  C      -19.327       32.244       35.349     0.027    4.00        0.150
  C      -20.096       31.215       34.546     0.229    4.00        0.150
  N      -20.008       29.943       35.187    -0.079    3.50        0.160
 HD      -19.164       29.465       34.812     0.274    2.00        0.000
 HD      -20.798       29.339       34.883     0.274    2.00        0.000
 HD      -19.950       30.069       36.218     0.274    2.00        0.000
  C      -19.095       36.438       34.026     0.241    4.00        0.150
 OA      -17.877       36.635       33.984    -0.271    3.20        0.200
  N      -19.856       37.083       34.880    -0.346    3.50        0.160
 HD      -20.842       36.940       34.826     0.163    2.00        0.000
  C      -19.268       38.009       35.829     0.180    4.00        0.150
  C      -19.829       39.384       35.662     0.009    4.00        0.150
  C      -19.716       40.277       36.903     0.012    4.00        0.150
  C      -19.164       40.091       34.443     0.012    4.00        0.150
  C      -19.410       37.459       37.233     0.241    4.00        0.150
 OA      -18.589       37.609       38.160    -0.271    3.20        0.200
  N      -20.489       36.753       37.396    -0.346    3.50        0.160
 HD      -21.156       36.693       36.657     0.163    2.00        0.000
  C      -20.827       36.090       38.662     0.182    4.00        0.150
  C      -21.258       37.117       39.783     0.093    4.00        0.150
  N      -20.190       35.862       41.781    -0.353    3.50        0.160
 HD      -19.448       35.421       41.275     0.166    2.00        0.000
  A      -21.161       36.637       41.256     0.030    4.00        0.150
  A      -20.509       35.715       43.088     0.207    4.00        0.150
 NA      -21.642       36.274       43.414    -0.254    3.50        0.160
  A      -22.064       36.928       42.284     0.143    4.00        0.150
  C      -21.867       34.934       38.506     0.241    4.00        0.150
 OA      -22.782       35.028       37.680    -0.271    3.20        0.200
  N      -21.865       33.943       39.367    -0.346    3.50        0.160
 HD      -21.190       33.914       40.102     0.163    2.00        0.000
  C      -22.699       32.710       39.193     0.172    4.00        0.150
  C      -21.991       31.400       38.718     0.042    4.00        0.150
  C      -23.272       32.549       40.647     0.240    4.00        0.150
 OA      -22.597       32.326       41.643    -0.271    3.20        0.200
  N      -24.567       32.627       40.787    -0.346    3.50        0.160
 HD      -25.168       32.766       40.003     0.163    2.00        0.000
  C      -25.233       32.699       42.094     0.180    4.00        0.150
  C      -26.110       33.886       42.218     0.013    4.00        0.150
  C      -26.949       33.636       43.475     0.012    4.00        0.150
  C      -25.294       35.222       42.292     0.002    4.00        0.150
  C      -26.162       36.358       41.890     0.005    4.00        0.150
  C      -26.007       31.441       42.157     0.243    4.00        0.150
 OA      -26.867       31.279       41.270    -0.271    3.20        0.200
  N      -25.719       30.440       43.071    -0.337    3.50        0.160
  C      -24.717       30.467       44.139     0.127    4.00        0.150
  C      -26.756       29.474       43.357     0.179    4.00        0.150
  C      -25.960       28.396       44.130     0.037    4.00        0.150
  C      -25.048       29.233       44.943     0.022    4.00        0.150
  C      -28.026       30.013       44.062     0.241    4.00        0.150
 OA      -27.894       30.718       45.053    -0.271    3.20        0.200
  N      -29.259       29.718       43.528    -0.346    3.50        0.160
 HD      -29.379       29.265       42.648     0.163    2.00        0.000
  C      -30.487       30.301       44.028     0.177    4.00        0.150
  C      -31.649       30.227       43.016     0.038    4.00        0.150
  C      -31.325       30.947       41.771    -0.020    4.00        0.150
  C      -32.568       31.039       40.856     0.009    4.00        0.150
  C      -30.977       32.396       42.096     0.009    4.00        0.150
  C      -30.988       29.543       45.284     0.241    4.00        0.150
 OA      -30.789       28.358       45.435    -0.271    3.20        0.200
  N      -31.753       30.128       46.251    -0.346    3.50        0.160
 HD      -31.966       31.085       46.066     0.163    2.00        0.000
  C      -32.495       29.473       47.214     0.176    4.00        0.150
  C      -33.334       30.578       47.989     0.036    4.00        0.150
  C      -32.533       31.426       49.007     0.023    4.00        0.150
  C      -31.890       30.597       50.148     0.138    4.00        0.150
  N      -32.952       30.028       51.026    -0.227    3.50        0.160
 HD      -33.630       30.638       51.434     0.177    2.00        0.000
  C      -33.218       28.752       51.133     0.665    4.00        0.150
  N      -32.394       27.799       50.915    -0.235    3.50        0.160
 HD      -31.455       28.135       50.843     0.174    2.00        0.000
 HD      -32.538       26.892       51.310     0.174    2.00        0.000
  N      -34.383       28.463       51.669    -0.235    3.50        0.160
 HD      -34.671       27.514       51.540     0.174    2.00        0.000
 HD      -35.082       29.179       51.635     0.174    2.00        0.000
  C      -33.516       28.450       46.738     0.241    4.00        0.150
 OA      -33.827       27.418       47.284    -0.271    3.20        0.200
  N      -34.117       28.814       45.624    -0.344    3.50        0.160
 HD      -33.858       29.632       45.116     0.163    2.00        0.000
  C      -35.163       27.922       45.018     0.200    4.00        0.150
  C      -36.558       28.548       45.263     0.199    4.00        0.150
 OA      -37.679       27.727       44.838    -0.398    3.20        0.200
 HD      -38.445       28.239       45.112     0.209    2.00        0.000
  C      -34.841       27.719       43.472     0.243    4.00        0.150
 OA      -34.603       28.648       42.720    -0.271    3.20        0.200
  N      -34.832       26.447       43.110    -0.344    3.50        0.160
 HD      -34.867       25.750       43.822     0.163    2.00        0.000
  C      -34.461       25.998       41.698     0.200    4.00        0.150
  C      -34.378       24.496       41.433     0.199    4.00        0.150
 OA      -33.452       23.898       42.349    -0.398    3.20        0.200
 HD      -33.826       24.057       43.220     0.209    2.00        0.000
  C      -35.320       26.537       40.560     0.243    4.00        0.150
 OA      -34.887       26.906       39.475    -0.271    3.20        0.200
  N      -36.636       26.622       40.785    -0.346    3.50        0.160
 HD      -36.898       26.261       41.676     0.163    2.00        0.000
  C      -37.655       27.009       39.833     0.181    4.00        0.150
  C      -38.974       26.362       40.146     0.075    4.00        0.150
  A      -39.152       24.827       40.057    -0.028    4.00        0.150
  A      -39.319       23.959       41.135     0.096    4.00        0.150
  N      -39.562       22.709       40.565    -0.365    3.50        0.160
 HD      -39.847       21.872       40.978     0.165    2.00        0.000
  A      -39.626       22.744       39.251     0.042    4.00        0.150
  A      -39.280       24.096       38.864    -0.002    4.00        0.150
  A      -39.125       24.374       37.501     0.014    4.00        0.150
  A      -39.342       23.332       36.554     0.001    4.00        0.150
  A      -39.642       21.715       38.307     0.030    4.00        0.150
  A      -39.498       22.028       36.886     0.002    4.00        0.150
  C      -37.866       28.462       39.589     0.241    4.00        0.150
 OA      -38.869       29.053       40.047    -0.271    3.20        0.200
  N      -37.048       29.052       38.725    -0.346    3.50        0.160
 HD      -36.339       28.391       38.492     0.163    2.00        0.000
  C      -37.127       30.474       38.443     0.180    4.00        0.150
  C      -35.775       31.147       38.119     0.009    4.00        0.150
  C      -35.134       30.461       36.916     0.012    4.00        0.150
  C      -35.930       32.669       38.048     0.012    4.00        0.150
  C      -38.223       30.794       37.413     0.241    4.00        0.150
 OA      -38.313       30.187       36.362    -0.271    3.20        0.200
  N      -39.090       31.756       37.549    -0.346    3.50        0.160
 HD      -39.150       32.376       38.327     0.163    2.00        0.000
  C      -40.066       32.160       36.546     0.177    4.00        0.150
  C      -41.599       32.125       36.991     0.045    4.00        0.150
  C      -42.327       30.761       37.213     0.076    4.00        0.150
 SA      -42.553       29.677       35.728    -0.173    4.00        0.200
  C      -44.212       30.124       35.193     0.089    4.00        0.150
  C      -39.756       33.570       36.143     0.241    4.00        0.150
 OA      -40.072       34.024       35.031    -0.271    3.20        0.200
  N      -39.262       34.373       37.121    -0.344    3.50        0.160
 HD      -39.215       33.936       38.015     0.163    2.00        0.000
  C      -39.050       35.821       36.879     0.205    4.00        0.150
  C      -40.180       36.765       37.295     0.146    4.00        0.150
 OA      -40.024       38.101       36.910    -0.393    3.20        0.200
 HD      -40.191       38.057       35.966     0.210    2.00        0.000
  C      -40.433       36.696       38.790     0.042    4.00        0.150
  C      -37.796       36.194       37.592     0.243    4.00        0.150
 OA      -37.186       35.439       38.402    -0.271    3.20        0.200
  N      -37.331       37.419       37.263    -0.345    3.50        0.160
 HD      -37.844       38.046       36.681     0.163    2.00        0.000
  C      -36.044       37.871       37.652     0.185    4.00        0.150
  C      -34.871       37.296       36.849     0.105    4.00        0.150
 SA      -33.155       37.550       37.467    -0.180    4.00        0.200
 HD      -33.477       37.143       38.685     0.101    2.00        0.000
  C      -36.017       39.397       37.454     0.241    4.00        0.150
 OA      -36.503       39.891       36.422    -0.271    3.20        0.200
  N      -35.433       40.152       38.430    -0.346    3.50        0.160
 HD      -34.999       39.815       39.261     0.163    2.00        0.000
  C      -35.421       41.619       38.267     0.172    4.00        0.150
  C      -36.644       42.334       38.883     0.042    4.00        0.150
  C      -34.042       42.080       38.883     0.240    4.00        0.150
 OA      -33.351       41.408       39.624    -0.271    3.20        0.200
  N      -33.605       43.323       38.692    -0.346    3.50        0.160
 HD      -34.104       43.956       38.104     0.163    2.00        0.000
  C      -32.344       43.949       39.221     0.180    4.00        0.150
  C      -31.242       44.049       38.076     0.073    4.00        0.150
  A      -29.834       44.370       38.517    -0.056    4.00        0.150
  A      -29.496       45.643       38.732     0.010    4.00        0.150
  A      -28.169       46.074       38.958     0.037    4.00        0.150
  A      -27.206       45.051       39.016     0.065    4.00        0.150
 OA      -25.896       45.432       39.215    -0.361    3.20        0.200
 HD      -25.301       44.692       39.359     0.217    2.00        0.000
  A      -28.848       43.344       38.608     0.010    4.00        0.150
  A      -27.502       43.681       38.847     0.037    4.00        0.150
  C      -32.758       45.296       39.725     0.241    4.00        0.150
 OA      -33.567       46.027       39.085    -0.271    3.20        0.200
  N      -32.251       45.743       40.905    -0.346    3.50        0.160
 HD      -31.728       45.178       41.538     0.163    2.00        0.000
  C      -32.780       46.971       41.533     0.172    4.00        0.150
  C      -32.505       46.858       43.013     0.042    4.00        0.150
  C      -32.292       48.302       40.930     0.243    4.00        0.150
 OA      -31.259       48.159       40.293    -0.271    3.20        0.200
  N      -32.906       49.488       41.056    -0.337    3.50        0.160
  C      -34.239       49.659       41.802     0.127    4.00        0.150
  C      -32.749       50.618       40.150     0.179    4.00        0.150
  C      -34.014       51.540       40.345     0.037    4.00        0.150
  C      -35.117       50.601       40.932     0.022    4.00        0.150
  C      -31.449       51.402       40.337     0.241    4.00        0.150
 OA      -30.904       51.922       39.347    -0.271    3.20        0.200
  N      -30.856       51.473       41.483    -0.344    3.50        0.160
 HD      -31.251       51.114       42.326     0.163    2.00        0.000
  C      -29.553       52.055       41.807     0.200    4.00        0.150
  C      -29.525       53.050       43.068     0.199    4.00        0.150
 OA      -29.786       52.477       44.341    -0.398    3.20        0.200
 HD      -30.709       52.689       44.499     0.209    2.00        0.000
  C      -28.576       50.884       42.015     0.242    4.00        0.150
 OA      -27.375       51.118       42.284    -0.271    3.20        0.200
  N      -28.910       49.621       41.765    -0.350    3.50        0.160
 HD      -29.860       49.600       41.462     0.163    2.00        0.000
  C      -28.175       48.400       41.904     0.225    4.00        0.150
  C      -27.941       47.791       43.184     0.236    4.00        0.150
 OA      -26.950       47.124       43.525    -0.272    3.20        0.200
  N      -28.841       47.981       44.166    -0.346    3.50        0.160
 HD      -29.628       48.589       44.101     0.163    2.00        0.000
  C      -28.849       47.349       45.501     0.185    4.00        0.150
  C      -29.829       48.005       46.503     0.137    4.00        0.150
  C      -29.262       49.368       46.951     0.217    4.00        0.150
 OA      -28.165       49.771       46.488    -0.274    3.20        0.200
  N      -30.152       50.170       47.549    -0.370    3.50        0.160
 HD      -30.914       49.694       47.988     0.159    2.00        0.000
 HD      -29.769       50.997       47.961     0.159    2.00        0.000
  C      -29.057       45.896       45.476     0.241    4.00        0.150
 OA      -28.269       45.158       46.128    -0.271    3.20        0.200
  N      -30.156       45.339       44.863    -0.346    3.50        0.160
 HD      -30.705       45.898       44.245     0.163    2.00        0.000
  C      -30.497       43.931       45.015     0.180    4.00        0.150
  C      -31.604       43.592       46.012     0.073    4.00        0.150
  A      -31.606       44.479       47.309    -0.056    4.00        0.150
  A      -32.303       45.713       47.367     0.010    4.00        0.150
  A      -32.330       46.360       48.610     0.037    4.00        0.150
  A      -31.852       45.756       49.778     0.065    4.00        0.150
 OA      -31.881       46.496       50.969    -0.361    3.20        0.200
 HD      -31.064       46.221       51.391     0.217    2.00        0.000
  A      -31.278       43.862       48.488     0.010    4.00        0.150
  A      -31.347       44.482       49.728     0.037    4.00        0.150
  C      -30.834       43.321       43.669     0.241    4.00        0.150
 OA      -31.226       43.955       42.723    -0.271    3.20        0.200
  N      -30.646       41.973       43.643    -0.346    3.50        0.160
 HD      -30.400       41.498       44.484     0.163    2.00        0.000
  C      -31.088       41.097       42.562     0.180    4.00        0.150
  C      -29.867       40.341       41.936     0.009    4.00        0.150
  C      -29.167       39.299       42.826     0.012    4.00        0.150
  C      -30.366       39.668       40.606     0.012    4.00        0.150
  C      -32.264       40.173       43.070     0.241    4.00        0.150
 OA      -32.274       39.692       44.197    -0.271    3.20        0.200
  N      -33.339       39.990       42.288    -0.346    3.50        0.160
 HD      -33.336       40.166       41.307     0.163    2.00        0.000
  C      -34.494       39.218       42.732     0.172    4.00        0.150
  C      -35.798       40.157       42.934     0.042    4.00        0.150
  C      -34.822       38.076       41.901     0.240    4.00        0.150
 OA      -34.492       38.138       40.723    -0.271    3.20        0.200
  N      -35.410       36.973       42.461    -0.345    3.50        0.160
 HD      -35.626       37.015       43.433     0.163    2.00        0.000
  C      -35.725       35.760       41.700     0.185    4.00        0.150
  C      -34.642       34.708       41.726     0.105    4.00        0.150
 SA      -33.189       35.137       40.671    -0.180    4.00        0.200
 HD      -33.023       36.247       41.375     0.101    2.00        0.000
  C      -36.963       35.245       42.366     0.241    4.00        0.150
 OA      -37.187       35.557       43.608    -0.271    3.20        0.200
  N      -37.782       34.479       41.674    -0.351    3.50        0.160
 HD      -37.564       34.374       40.707     0.163    2.00        0.000
  C      -38.924       33.860       42.199     0.225    4.00        0.150
  C      -39.723       33.149       41.149     0.235    4.00        0.150
 OA      -39.434       33.439       39.925    -0.272    3.20        0.200
  N      -40.648       32.251       41.573    -0.351    3.50        0.160
 HD      -40.753       32.113       42.555     0.163    2.00        0.000
  C      -41.398       31.446       40.626     0.225    4.00        0.150
  C      -42.375       30.587       41.330     0.236    4.00        0.150
 OA      -43.343       30.919       41.964    -0.272    3.20        0.200
  N      -42.310       29.247       41.066    -0.346    3.50        0.160
 HD      -41.446       28.825       40.802     0.163    2.00        0.000
  C      -43.319       28.254       41.295     0.177    4.00        0.150
  C      -42.885       26.993       40.480     0.038    4.00        0.150
  C      -42.748       27.084       38.953    -0.020    4.00        0.150
  C      -42.599       25.630       38.504     0.009    4.00        0.150
  C      -44.075       27.550       38.251     0.009    4.00        0.150
  C      -43.597       27.982       42.754     0.241    4.00        0.150
 OA      -44.620       27.422       43.222    -0.271    3.20        0.200
  N      -42.730       28.425       43.688    -0.346    3.50        0.160
 HD      -41.899       28.933       43.476     0.163    2.00        0.000
  C      -42.811       28.284       45.178     0.186    4.00        0.150
  C      -41.334       28.456       45.579     0.147    4.00        0.150
  C      -40.428       29.571       45.001     0.175    4.00        0.150
 OA      -40.753       30.338       44.019    -0.648    3.20        0.200
 OA      -39.247       29.680       45.421    -0.648    3.20        0.200
  C      -43.552       29.360       45.844     0.241    4.00        0.150
 OA      -43.843       29.342       46.976    -0.271    3.20        0.200
  N      -43.840       30.387       45.001    -0.346    3.50        0.160
 HD      -43.356       30.346       44.130     0.163    2.00        0.000
  C      -44.656       31.541       45.229     0.185    4.00        0.150
  C      -45.963       31.286       46.187     0.137    4.00        0.150
  C      -46.748       29.957       45.923     0.217    4.00        0.150
 OA      -46.663       29.234       44.925    -0.274    3.20        0.200
  N      -47.619       29.642       46.867    -0.370    3.50        0.160
 HD      -47.978       28.712       46.798     0.159    2.00        0.000
 HD      -48.048       30.418       47.330     0.159    2.00        0.000
  C      -43.810       32.621       45.854     0.241    4.00        0.150
 OA      -44.323       33.693       46.178    -0.271    3.20        0.200
  N      -42.535       32.365       46.031    -0.346    3.50        0.160
 HD      -42.046       31.604       45.614     0.163    2.00        0.000
  C      -41.684       33.085       46.960     0.180    4.00        0.150
  C      -41.112       32.119       47.920     0.013    4.00        0.150
  C      -39.927       32.796       48.746     0.012    4.00        0.150
  C      -42.208       31.540       48.928     0.002    4.00        0.150
  C      -41.718       30.262       49.714     0.005    4.00        0.150
  C      -40.698       33.875       46.296     0.241    4.00        0.150
 OA      -40.095       33.463       45.235    -0.271    3.20        0.200
  N      -40.421       35.124       46.730    -0.345    3.50        0.160
 HD      -40.941       35.359       47.547     0.163    2.00        0.000
  C      -39.531       36.065       46.035     0.185    4.00        0.150
  C      -40.221       37.471       45.719     0.105    4.00        0.150
 SA      -39.303       38.424       44.500    -0.180    4.00        0.200
 HD      -38.433       39.042       45.286     0.101    2.00        0.000
  C      -38.250       36.134       46.870     0.242    4.00        0.150
 OA      -38.292       36.737       47.952    -0.271    3.20        0.200
  N      -37.126       35.656       46.388    -0.344    3.50        0.160
 HD      -37.037       35.327       45.452     0.163    2.00        0.000
  C      -35.875       35.675       47.120     0.200    4.00        0.150
  C      -35.070       34.385       46.755     0.199    4.00        0.150
 OA      -35.728       33.203       47.229    -0.398    3.20        0.200
 HD      -36.385       32.963       46.571     0.209    2.00        0.000
  C      -35.133       36.861       46.764     0.243    4.00        0.150
 OA      -34.612       36.952       45.611    -0.271    3.20        0.200
  N      -34.882       37.812       47.639    -0.346    3.50        0.160
 HD      -35.200       37.713       48.578     0.163    2.00        0.000
  C      -34.181       39.092       47.381     0.180    4.00        0.150
  C      -34.900       40.225       48.041     0.013    4.00        0.150
  C      -34.081       41.516       47.617     0.012    4.00        0.150
  C      -36.456       40.423       47.868     0.002    4.00        0.150
  C      -36.976       40.792       46.449     0.005    4.00        0.150
  C      -32.792       38.874       47.943     0.241    4.00        0.150
 OA      -32.494       38.546       49.100    -0.271    3.20        0.200
  N      -31.821       38.931       47.027    -0.346    3.50        0.160
 HD      -32.036       39.175       46.084     0.163    2.00        0.000
  C      -30.411       38.579       47.201     0.180    4.00        0.150
  C      -29.710       37.674       46.076     0.073    4.00        0.150
  A      -30.456       36.341       45.934    -0.056    4.00        0.150
  A      -31.594       36.242       45.117     0.010    4.00        0.150
  A      -32.248       35.002       45.021     0.037    4.00        0.150
  A      -31.733       33.818       45.588     0.065    4.00        0.150
 OA      -32.409       32.619       45.350    -0.361    3.20        0.200
 HD      -33.267       32.848       44.985     0.217    2.00        0.000
  A      -29.933       35.090       46.439     0.010    4.00        0.150
  A      -30.482       33.878       46.210     0.037    4.00        0.150
  C      -29.741       39.977       47.128     0.241    4.00        0.150
 OA      -30.122       40.770       46.250    -0.271    3.20        0.200
  N      -28.825       40.271       48.003    -0.346    3.50        0.160
 HD      -28.640       39.593       48.710     0.163    2.00        0.000
  C      -28.196       41.598       48.175     0.185    4.00        0.150
  C      -28.053       41.943       49.709     0.137    4.00        0.150
  C      -27.368       43.290       49.925     0.217    4.00        0.150
 OA      -27.287       44.212       49.125    -0.274    3.20        0.200
  N      -26.904       43.490       51.144    -0.370    3.50        0.160
 HD      -26.526       44.406       51.276     0.159    2.00        0.000
 HD      -26.971       42.773       51.837     0.159    2.00        0.000
  C      -26.912       41.735       47.324     0.241    4.00        0.150
 OA      -26.069       40.831       47.450    -0.271    3.20        0.200
  N      -26.753       42.771       46.533    -0.346    3.50        0.160
 HD      -27.462       43.456       46.388     0.163    2.00        0.000
  C      -25.624       42.974       45.612     0.177    4.00        0.150
  C      -25.906       43.796       44.325     0.038    4.00        0.150
  C      -26.950       43.186       43.424    -0.020    4.00        0.150
  C      -27.438       44.092       42.285     0.009    4.00        0.150
  C      -26.489       41.918       42.831     0.009    4.00        0.150
  C      -24.498       43.719       46.230     0.241    4.00        0.150
 OA      -23.429       43.987       45.680    -0.271    3.20        0.200
  N      -24.745       44.164       47.429    -0.346    3.50        0.160
 HD      -25.644       44.040       47.841     0.163    2.00        0.000
  C      -23.993       45.149       48.143     0.176    4.00        0.150
  C      -24.889       46.313       48.707     0.035    4.00        0.150
  C      -25.812       46.977       47.734     0.004    4.00        0.150
  C      -24.985       47.663       46.629     0.027    4.00        0.150
  C      -24.140       48.841       47.119     0.229    4.00        0.150
  N      -23.479       49.444       45.979    -0.079    3.50        0.160
 HD      -22.600       49.007       45.635     0.274    2.00        0.000
 HD      -23.169       50.415       46.189     0.274    2.00        0.000
 HD      -24.136       49.453       45.173     0.274    2.00        0.000
  C      -23.127       44.608       49.282     0.241    4.00        0.150
 OA      -22.345       45.310       49.891    -0.271    3.20        0.200
  N      -23.121       43.280       49.500    -0.344    3.50        0.160
 HD      -23.616       42.720       48.840     0.163    2.00        0.000
  C      -22.617       42.522       50.582     0.205    4.00        0.150
  C      -22.912       41.001       50.543     0.146    4.00        0.150
 OA      -22.329       40.375       51.629    -0.393    3.20        0.200
 HD      -22.855       40.551       52.412     0.210    2.00        0.000
  C      -22.345       40.438       49.176     0.042    4.00        0.150
  C      -21.096       42.824       50.842     0.243    4.00        0.150
 OA      -20.226       42.932       49.944    -0.271    3.20        0.200
  N      -20.703       42.895       52.173    -0.346    3.50        0.160
 HD      -21.412       42.922       52.872     0.163    2.00        0.000
  C      -19.398       43.458       52.584     0.176    4.00        0.150
  C      -19.366       44.230       53.974     0.036    4.00        0.150
  C      -20.342       45.388       54.076     0.023    4.00        0.150
  C      -19.911       46.705       53.269     0.138    4.00        0.150
  N      -20.540       47.880       53.933    -0.227    3.50        0.160
 HD      -20.770       47.902       54.906     0.177    2.00        0.000
  C      -21.073       48.833       53.269     0.665    4.00        0.150
  N      -20.852       48.958       51.937    -0.235    3.50        0.160
 HD      -20.254       48.316       51.458     0.174    2.00        0.000
 HD      -21.135       49.759       51.410     0.174    2.00        0.000
  N      -21.742       49.786       53.844    -0.235    3.50        0.160
 HD      -21.680       49.879       54.838     0.174    2.00        0.000
 HD      -21.990       50.551       53.252     0.174    2.00        0.000
  C      -18.384       42.370       52.526     0.241    4.00        0.150
 OA      -17.171       42.579       52.572    -0.271    3.20        0.200
  N      -18.798       41.206       52.212    -0.346    3.50        0.160
 HD      -19.786       41.112       52.119     0.163    2.00        0.000
  C      -18.032       40.036       52.235     0.177    4.00        0.150
  C      -18.790       38.923       53.072     0.045    4.00        0.150
  C      -18.965       39.178       54.518     0.116    4.00        0.150
  C      -19.662       38.128       55.313     0.172    4.00        0.150
 OA      -20.927       38.230       55.384    -0.648    3.20        0.200
 OA      -19.092       37.165       55.881    -0.648    3.20        0.200
  C      -17.702       39.503       50.813     0.240    4.00        0.150
 OA      -16.790       38.674       50.552    -0.271    3.20        0.200
  N      -18.299       40.137       49.750    -0.351    3.50        0.160
 HD      -18.870       40.941       49.902     0.163    2.00        0.000
  C      -18.413       39.594       48.425     0.225    4.00        0.150
  C      -19.259       38.342       48.336     0.236    4.00        0.150
 OA      -19.740       37.710       49.320    -0.272    3.20        0.200
  N      -19.509       37.941       47.090    -0.346    3.50        0.160
 HD      -19.066       38.403       46.325     0.163    2.00        0.000
  C      -20.447       36.899       46.734     0.185    4.00        0.150
  C      -20.033       35.421       46.988     0.137    4.00        0.150
  C      -18.718       35.047       46.308     0.217    4.00        0.150
 OA      -18.151       35.710       45.500    -0.274    3.20        0.200
  N      -18.159       33.917       46.848    -0.370    3.50        0.160
 HD      -17.237       33.685       46.537     0.159    2.00        0.000
 HD      -18.562       33.612       47.711     0.159    2.00        0.000
  C      -21.827       37.081       47.178     0.241    4.00        0.150
 OA      -22.196       37.071       48.392    -0.271    3.20        0.200
  N      -22.768       37.177       46.125    -0.346    3.50        0.160
 HD      -22.530       36.936       45.186     0.163    2.00        0.000
  C      -24.198       37.563       46.266     0.180    4.00        0.150
  C      -24.805       38.128       44.950     0.009    4.00        0.150
  C      -26.247       38.600       45.305     0.012    4.00        0.150
  C      -23.952       39.264       44.366     0.012    4.00        0.150
  C      -25.077       36.527       46.799     0.241    4.00        0.150
 OA      -25.195       35.391       46.325    -0.271    3.20        0.200
  N      -25.704       36.836       47.899    -0.346    3.50        0.160
 HD      -25.622       37.772       48.230     0.163    2.00        0.000
  C      -26.516       35.989       48.660     0.176    4.00        0.150
  C      -25.768       35.288       49.785     0.036    4.00        0.150
  C      -24.703       34.187       49.370     0.023    4.00        0.150
  C      -25.237       32.935       48.637     0.138    4.00        0.150
  N      -24.084       32.115       48.324    -0.227    3.50        0.160
 HD      -23.765       31.364       48.902     0.177    2.00        0.000
  C      -23.300       32.182       47.254     0.665    4.00        0.150
  N      -22.406       31.259       46.985    -0.235    3.50        0.160
 HD      -22.315       30.545       47.679     0.174    2.00        0.000
 HD      -21.635       31.506       46.398     0.174    2.00        0.000
  N      -23.303       33.236       46.485    -0.235    3.50        0.160
 HD      -23.977       33.951       46.670     0.174    2.00        0.000
 HD      -22.789       33.215       45.627     0.174    2.00        0.000
  C      -27.776       36.585       49.194     0.241    4.00        0.150
 OA      -27.862       37.763       49.096    -0.271    3.20        0.200
  N      -28.746       35.752       49.676    -0.346    3.50        0.160
 HD      -28.488       34.797       49.801     0.163    2.00        0.000
  C      -30.041       36.094       50.182     0.180    4.00        0.150
  C      -31.033       34.873       50.232     0.009    4.00        0.150
  C      -30.908       34.065       51.574     0.012    4.00        0.150
  C      -32.460       35.328       50.106     0.012    4.00        0.150
  C      -30.101       37.067       51.449     0.241    4.00        0.150
 OA      -29.211       37.001       52.365    -0.271    3.20        0.200
  N      -31.116       38.006       51.444    -0.344    3.50        0.160
 HD      -31.634       38.304       50.646     0.163    2.00        0.000
  C      -31.433       38.911       52.571     0.200    4.00        0.150
  C      -31.046       40.348       52.129     0.199    4.00        0.150
 OA      -31.784       40.797       50.958    -0.398    3.20        0.200
 HD      -32.457       41.410       51.260     0.209    2.00        0.000
  C      -32.941       38.879       52.959     0.243    4.00        0.150
 OA      -33.277       39.335       54.071    -0.271    3.20        0.200
  N      -33.887       38.518       52.091    -0.346    3.50        0.160
 HD      -33.722       38.603       51.111     0.163    2.00        0.000
  C      -35.261       38.153       52.548     0.176    4.00        0.150
  C      -36.118       39.468       52.726     0.036    4.00        0.150
  C      -37.640       39.237       52.937     0.023    4.00        0.150
  C      -37.986       38.698       54.314     0.138    4.00        0.150
  N      -37.758       39.813       55.305    -0.227    3.50        0.160
 HD      -37.144       40.568       55.078     0.177    2.00        0.000
  C      -38.228       39.734       56.554     0.665    4.00        0.150
  N      -39.039       38.819       56.982    -0.235    3.50        0.160
 HD      -39.592       38.248       56.374     0.174    2.00        0.000
 HD      -39.401       38.923       57.908     0.174    2.00        0.000
  N      -37.785       40.651       57.348    -0.235    3.50        0.160
 HD      -37.061       41.204       56.934     0.174    2.00        0.000
 HD      -38.077       40.684       58.304     0.174    2.00        0.000
  C      -35.809       37.250       51.450     0.241    4.00        0.150
 OA      -35.540       37.478       50.259    -0.271    3.20        0.200
  N      -36.507       36.157       51.927    -0.346    3.50        0.160
 HD      -36.458       35.994       52.909     0.163    2.00        0.000
  C      -37.468       35.378       51.176     0.177    4.00        0.150
  C      -37.245       33.822       51.561     0.045    4.00        0.150
  C      -35.922       33.136       51.111     0.116    4.00        0.150
  C      -35.694       31.730       51.735     0.172    4.00        0.150
 OA      -36.035       30.696       51.170    -0.648    3.20        0.200
 OA      -35.185       31.638       52.938    -0.648    3.20        0.200
  C      -38.888       35.975       51.378     0.241    4.00        0.150
 OA      -39.308       36.057       52.545    -0.271    3.20        0.200
  N      -39.539       36.450       50.307    -0.346    3.50        0.160
 HD      -39.110       36.522       49.411     0.163    2.00        0.000
  C      -40.851       37.113       50.371     0.177    4.00        0.150
  C      -40.999       38.363       49.422     0.038    4.00        0.150
  C      -40.012       39.542       49.665    -0.020    4.00        0.150
  C      -39.917       40.568       48.488     0.009    4.00        0.150
  C      -40.657       40.445       50.813     0.009    4.00        0.150
  C      -41.983       36.155       50.102     0.241    4.00        0.150
 OA      -41.962       35.384       49.109    -0.271    3.20        0.200
  N      -42.947       36.078       51.056    -0.346    3.50        0.160
 HD      -42.855       36.794       51.744     0.163    2.00        0.000
  C      -43.972       35.061       51.191     0.172    4.00        0.150
  C      -43.528       33.784       51.875     0.042    4.00        0.150
  C      -45.197       35.725       51.798     0.240    4.00        0.150
 OA      -45.155       36.684       52.580    -0.271    3.20        0.200
  N      -46.352       35.322       51.167    -0.351    3.50        0.160
 HD      -46.151       34.532       50.593     0.163    2.00        0.000
  C      -47.697       35.931       51.275     0.225    4.00        0.150
  C      -48.457       35.723       50.026     0.236    4.00        0.150
 OA      -49.698       35.904       50.012    -0.272    3.20        0.200
  N      -47.798       35.426       48.886    -0.346    3.50        0.160
 HD      -46.804       35.445       48.811     0.163    2.00        0.000
  C      -48.502       34.927       47.660     0.182    4.00        0.150
  C      -47.728       35.195       46.357     0.093    4.00        0.150
  N      -49.303       36.959       45.453    -0.353    3.50        0.160
 HD      -50.144       36.438       45.599     0.166    2.00        0.000
  A      -48.068       36.445       45.654     0.030    4.00        0.150
  A      -49.161       38.216       44.939     0.207    4.00        0.150
 NA      -47.852       38.509       44.767    -0.254    3.50        0.160
  A      -47.182       37.416       45.302     0.143    4.00        0.150
  C      -48.978       33.448       47.817     0.241    4.00        0.150
 OA      -48.276       32.688       48.503    -0.271    3.20        0.200
  N      -50.071       33.034       47.195    -0.344    3.50        0.160
 HD      -50.618       33.709       46.707     0.163    2.00        0.000
  C      -50.621       31.755       47.477     0.205    4.00        0.150
  C      -52.007       31.899       48.214     0.146    4.00        0.150
 OA      -52.636       30.705       48.681    -0.393    3.20        0.200
 HD      -52.257       30.665       49.562     0.210    2.00        0.000
  C      -53.060       32.548       47.282     0.042    4.00        0.150
  C      -50.674       30.906       46.139     0.243    4.00        0.150
 OA      -51.185       29.762       46.004    -0.271    3.20        0.200
  N      -50.052       31.494       45.084    -0.350    3.50        0.160
 HD      -49.682       32.405       45.252     0.163    2.00        0.000
  C      -49.678       30.805       43.821     0.225    4.00        0.150
  C      -48.500       31.412       43.123     0.236    4.00        0.150
 OA      -47.970       32.490       43.535    -0.272    3.20        0.200
  N      -48.048       30.708       42.083    -0.346    3.50        0.160
 HD      -48.494       29.828       41.940     0.163    2.00        0.000
  C      -46.907       31.043       41.218     0.180    4.00        0.150
  C      -46.794       30.021       40.057     0.073    4.00        0.150
  A      -47.728       30.469       38.869    -0.056    4.00        0.150
  A      -49.060       30.047       38.729     0.010    4.00        0.150
  A      -49.885       30.451       37.680     0.037    4.00        0.150
  A      -49.375       31.382       36.748     0.065    4.00        0.150
 OA      -50.238       31.960       35.854    -0.361    3.20        0.200
 HD      -51.132       31.611       35.846     0.217    2.00        0.000
  A      -47.237       31.335       37.923     0.010    4.00        0.150
  A      -48.066       31.820       36.857     0.037    4.00        0.150
  C      -46.696       32.487       40.918     0.241    4.00        0.150
 OA      -47.557       33.289       40.517    -0.271    3.20        0.200
  N      -45.455       32.921       41.111    -0.346    3.50        0.160
 HD      -44.744       32.328       41.480     0.163    2.00        0.000
  C      -44.966       34.253       40.604     0.177    4.00        0.150
  C      -43.699       34.656       41.272     0.038    4.00        0.150
  C      -43.845       34.853       42.756    -0.020    4.00        0.150
  C      -42.588       35.565       43.237     0.009    4.00        0.150
  C      -45.063       35.694       43.224     0.009    4.00        0.150
  C      -44.756       34.342       39.151     0.241    4.00        0.150
 OA      -44.116       33.478       38.577    -0.271    3.20        0.200
  N      -45.321       35.336       38.515    -0.344    3.50        0.160
 HD      -45.922       35.958       39.011     0.163    2.00        0.000
  C      -45.262       35.565       37.085     0.200    4.00        0.150
  C      -46.652       35.806       36.460     0.199    4.00        0.150
 OA      -47.230       37.015       37.005    -0.398    3.20        0.200
 HD      -48.175       36.877       37.102     0.209    2.00        0.000
  C      -44.310       36.620       36.677     0.243    4.00        0.150
 OA      -43.576       36.490       35.703    -0.271    3.20        0.200
  N      -44.149       37.760       37.371    -0.345    3.50        0.160
 HD      -44.803       37.843       38.119     0.163    2.00        0.000
  C      -43.312       38.891       37.110     0.185    4.00        0.150
  C      -43.805       39.728       35.955     0.105    4.00        0.150
 SA      -42.822       41.203       35.384    -0.180    4.00        0.200
 HD      -42.275       40.560       34.364     0.101    2.00        0.000
  C      -43.020       39.634       38.342     0.241    4.00        0.150
 OA      -43.651       39.627       39.422    -0.271    3.20        0.200
  N      -41.910       40.391       38.324    -0.345    3.50        0.160
 HD      -41.284       40.431       37.549     0.163    2.00        0.000
  C      -41.498       41.275       39.386     0.185    4.00        0.150
  C      -40.732       40.496       40.442     0.105    4.00        0.150
 SA      -39.074       39.763       40.154    -0.180    4.00        0.200
 HD      -39.392       39.195       39.000     0.101    2.00        0.000
  C      -40.709       42.372       38.724     0.241    4.00        0.150
 OA      -40.133       42.246       37.672    -0.271    3.20        0.200
  N      -40.733       43.582       39.283    -0.346    3.50        0.160
 HD      -41.315       43.738       40.078     0.163    2.00        0.000
  C      -39.990       44.747       38.957     0.176    4.00        0.150
  C      -40.666       45.655       37.853     0.036    4.00        0.150
  C      -40.971       45.033       36.449     0.023    4.00        0.150
  C      -39.755       44.724       35.644     0.138    4.00        0.150
  N      -40.281       43.944       34.500    -0.227    3.50        0.160
 HD      -40.835       44.253       33.726     0.177    2.00        0.000
  C      -39.819       42.689       34.250     0.665    4.00        0.150
  N      -39.325       41.825       35.182    -0.235    3.50        0.160
 HD      -39.571       42.067       36.121     0.174    2.00        0.000
 HD      -38.989       40.935       34.874     0.174    2.00        0.000
  N      -39.906       42.217       33.019    -0.235    3.50        0.160
 HD      -40.434       42.575       32.248     0.174    2.00        0.000
 HD      -39.204       41.537       32.806     0.174    2.00        0.000
  C      -39.850       45.585       40.204     0.241    4.00        0.150
 OA      -40.584       45.426       41.152    -0.271    3.20        0.200
  N      -38.902       46.505       40.277    -0.346    3.50        0.160
 HD      -38.274       46.649       39.516     0.163    2.00        0.000
  C      -38.646       47.288       41.543     0.180    4.00        0.150
  C      -37.125       47.326       41.947     0.073    4.00        0.150
  A      -36.519       46.015       42.331    -0.056    4.00        0.150
  A      -36.187       45.885       43.713     0.007    4.00        0.150
  A      -35.434       44.822       44.196     0.001    4.00        0.150
  A      -34.904       43.876       43.298     0.000    4.00        0.150
  A      -35.986       45.067       41.392     0.007    4.00        0.150
  A      -35.131       44.064       41.927     0.001    4.00        0.150
  C      -39.304       48.652       41.481     0.241    4.00        0.150
 OA      -39.133       49.383       40.511    -0.271    3.20        0.200
  N      -40.074       49.092       42.439    -0.346    3.50        0.160
 HD      -40.202       48.536       43.256     0.163    2.00        0.000
  C      -40.873       50.375       42.391     0.177    4.00        0.150
  C      -42.259       50.138       43.008     0.038    4.00        0.150
  C      -43.103       51.412       43.026    -0.020    4.00        0.150
  C      -44.593       51.132       42.626     0.009    4.00        0.150
  C      -43.154       52.071       44.401     0.009    4.00        0.150
  C      -40.066       51.494       43.055     0.241    4.00        0.150
 OA      -40.222       52.665       42.766    -0.271    3.20        0.200
  N      -39.120       51.116       43.945    -0.346    3.50        0.160
 HD      -39.068       50.153       44.201     0.163    2.00        0.000
  C      -38.172       52.051       44.548     0.186    4.00        0.150
  C      -38.809       52.911       45.698     0.147    4.00        0.150
  C      -37.839       54.038       46.039     0.175    4.00        0.150
 OA      -38.199       54.769       47.005    -0.648    3.20        0.200
 OA      -36.754       54.227       45.453    -0.648    3.20        0.200
  C      -37.085       51.015       44.965     0.241    4.00        0.150
 OA      -37.199       49.839       44.758    -0.271    3.20        0.200
  N      -35.946       51.486       45.612    -0.345    3.50        0.160
 HD      -35.927       52.480       45.696     0.163    2.00        0.000
  C      -34.765       50.693       45.916     0.186    4.00        0.150
  C      -33.611       51.482       46.619     0.147    4.00        0.150
  C      -32.959       52.411       45.670     0.175    4.00        0.150
 OA      -32.864       53.634       46.053    -0.648    3.20        0.200
 OA      -32.586       51.987       44.571    -0.648    3.20        0.200
  C      -35.117       49.451       46.677     0.241    4.00        0.150
 OA      -34.750       48.345       46.446    -0.271    3.20        0.200
  N      -36.038       49.715       47.655    -0.346    3.50        0.160
 HD      -36.533       50.580       47.699     0.163    2.00        0.000
  C      -36.464       48.767       48.735     0.185    4.00        0.150
  C      -36.316       49.569       50.095     0.137    4.00        0.150
  C      -37.245       50.787       50.168     0.217    4.00        0.150
 OA      -37.867       51.252       49.240    -0.274    3.20        0.200
  N      -37.352       51.277       51.382    -0.370    3.50        0.160
 HD      -37.797       52.156       51.555     0.159    2.00        0.000
 HD      -36.807       50.924       52.144     0.159    2.00        0.000
  C      -37.863       48.231       48.579     0.241    4.00        0.150
 OA      -38.353       47.454       49.405    -0.271    3.20        0.200
  N      -38.568       48.594       47.429    -0.346    3.50        0.160
 HD      -38.085       49.172       46.776     0.163    2.00        0.000
  C      -39.941       48.182       47.196     0.177    4.00        0.150
  C      -40.901       49.353       47.041     0.044    4.00        0.150
  C      -40.940       50.564       48.003     0.105    4.00        0.150
  C      -41.395       50.345       49.434     0.215    4.00        0.150
 OA      -42.105       51.158       49.993    -0.274    3.20        0.200
  N      -40.865       49.328       50.143    -0.370    3.50        0.160
 HD      -40.298       48.622       49.720     0.159    2.00        0.000
 HD      -40.972       49.348       51.137     0.159    2.00        0.000
  C      -40.069       47.390       45.901     0.241    4.00        0.150
 OA      -39.688       47.855       44.829    -0.271    3.20        0.200
  N      -40.548       46.125       46.021    -0.346    3.50        0.160
 HD      -41.066       45.739       46.779     0.163    2.00        0.000
  C      -40.628       45.312       44.774     0.180    4.00        0.150
  C      -39.829       44.040       44.932     0.013    4.00        0.150
  C      -40.209       43.167       46.215     0.012    4.00        0.150
  C      -39.805       43.182       43.659     0.002    4.00        0.150
  C      -38.689       42.117       43.505     0.005    4.00        0.150
  C      -42.080       45.108       44.612     0.241    4.00        0.150
 OA      -42.846       45.065       45.566    -0.271    3.20        0.200
  N      -42.543       44.957       43.358    -0.346    3.50        0.160
 HD      -41.856       44.907       42.637     0.163    2.00        0.000
  C      -43.951       44.626       43.077     0.180    4.00        0.150
  C      -44.574       45.728       42.277     0.009    4.00        0.150
  C      -43.929       45.946       40.942     0.012    4.00        0.150
  C      -46.068       45.361       42.099     0.012    4.00        0.150
  C      -43.851       43.281       42.351     0.241    4.00        0.150
 OA      -42.920       43.114       41.570    -0.271    3.20        0.200
  N      -44.681       42.318       42.756    -0.344    3.50        0.160
 HD      -45.377       42.523       43.440     0.163    2.00        0.000
  C      -44.656       40.956       42.288     0.205    4.00        0.150
  C      -44.229       39.826       43.179     0.146    4.00        0.150
 OA      -45.009       39.606       44.337    -0.393    3.20        0.200
 HD      -45.884       39.506       43.957     0.210    2.00        0.000
  C      -42.831       40.194       43.722     0.042    4.00        0.150
  C      -46.068       40.710       41.863     0.243    4.00        0.150
 OA      -47.024       41.133       42.482    -0.271    3.20        0.200
  N      -46.148       39.960       40.705    -0.344    3.50        0.160
 HD      -45.320       39.656       40.239     0.163    2.00        0.000
  C      -47.459       39.426       40.245     0.200    4.00        0.150
  C      -47.733       40.034       38.803     0.199    4.00        0.150
 OA      -46.664       39.649       37.881    -0.398    3.20        0.200
 HD      -46.860       38.852       37.385     0.209    2.00        0.000
  C      -47.467       37.959       40.335     0.243    4.00        0.150
 OA      -46.454       37.308       40.172    -0.271    3.20        0.200
  N      -48.691       37.453       40.609    -0.344    3.50        0.160
 HD      -49.588       37.887       40.615     0.163    2.00        0.000
  C      -48.923       36.052       40.793     0.200    4.00        0.150
  C      -48.989       35.684       42.328     0.199    4.00        0.150
 OA      -49.441       34.353       42.530    -0.398    3.20        0.200
 HD      -48.803       33.864       43.054     0.209    2.00        0.000
  C      -50.149       35.484       40.064     0.242    4.00        0.150
 OA      -51.177       36.158       39.911    -0.271    3.20        0.200
  N      -50.062       34.162       39.695    -0.350    3.50        0.160
 HD      -49.250       33.626       39.907     0.163    2.00        0.000
  C      -51.216       33.389       39.312     0.225    4.00        0.150
  C      -52.381       33.302       40.333     0.236    4.00        0.150
 OA      -53.488       32.935       40.017    -0.272    3.20        0.200
  N      -52.184       33.700       41.596    -0.346    3.50        0.160
 HD      -51.263       33.857       41.942     0.163    2.00        0.000
  C      -53.195       33.759       42.489     0.186    4.00        0.150
  C      -52.597       33.762       43.860     0.147    4.00        0.150
  C      -51.945       35.056       44.399     0.175    4.00        0.150
 OA      -52.292       36.177       43.991    -0.648    3.20        0.200
 OA      -51.218       34.913       45.410    -0.648    3.20        0.200
  C      -54.237       34.832       42.264     0.241    4.00        0.150
 OA      -55.278       34.866       42.909    -0.271    3.20        0.200
  N      -53.946       35.779       41.368    -0.344    3.50        0.160
 HD      -52.965       35.756       41.196     0.163    2.00        0.000
  C      -54.776       36.757       40.750     0.205    4.00        0.150
  C      -56.225       36.361       40.363     0.146    4.00        0.150
 OA      -57.127       36.209       41.463    -0.393    3.20        0.200
 HD      -56.679       35.579       42.032     0.210    2.00        0.000
  C      -56.344       35.061       39.594     0.042    4.00        0.150
  C      -54.558       38.054       41.410     0.243    4.00        0.150
 OA      -55.411       38.893       41.196    -0.271    3.20        0.200
  N      -53.490       38.206       42.290    -0.344    3.50        0.160
 HD      -52.836       37.458       42.381     0.163    2.00        0.000
  C      -53.262       39.455       42.965     0.205    4.00        0.150
  C      -53.406       39.394       44.488     0.146    4.00        0.150
 OA      -52.503       38.484       45.175    -0.393    3.20        0.200
 HD      -52.402       37.727       44.594     0.210    2.00        0.000
  C      -54.861       38.993       44.959     0.042    4.00        0.150
  C      -51.852       39.909       42.561     0.243    4.00        0.150
 OA      -50.977       39.127       42.283    -0.271    3.20        0.200
  N      -51.632       41.259       42.575    -0.345    3.50        0.160
 HD      -52.397       41.886       42.701     0.163    2.00        0.000
  C      -50.288       41.843       42.610     0.185    4.00        0.150
  C      -50.020       43.042       41.703     0.105    4.00        0.150
 SA      -50.486       42.775       39.968    -0.180    4.00        0.200
 HD      -51.587       42.113       40.290     0.101    2.00        0.000
  C      -50.011       42.296       44.070     0.241    4.00        0.150
 OA      -50.932       42.848       44.645    -0.271    3.20        0.200
  N      -48.782       42.125       44.514    -0.346    3.50        0.160
 HD      -48.085       41.696       43.946     0.163    2.00        0.000
  C      -48.283       42.534       45.774     0.172    4.00        0.150
  C      -47.759       41.365       46.584     0.042    4.00        0.150
  C      -47.196       43.512       45.518     0.240    4.00        0.150
 OA      -46.359       43.369       44.640    -0.271    3.20        0.200
  N      -47.196       44.574       46.341    -0.346    3.50        0.160
 HD      -48.045       44.720       46.842     0.163    2.00        0.000
  C      -46.178       45.593       46.574     0.177    4.00        0.150
  C      -46.489       47.027       46.050     0.038    4.00        0.150
  C      -45.386       48.076       46.254    -0.020    4.00        0.150
  C      -44.290       48.195       45.275     0.009    4.00        0.150
  C      -46.152       49.462       46.226     0.009    4.00        0.150
  C      -45.697       45.478       47.909     0.241    4.00        0.150
 OA      -46.437       45.417       48.914    -0.271    3.20        0.200
  N      -44.308       45.238       48.037    -0.346    3.50        0.160
 HD      -43.703       45.229       47.245     0.163    2.00        0.000
  C      -43.657       44.746       49.187     0.181    4.00        0.150
  C      -42.977       43.348       49.048     0.075    4.00        0.150
  A      -43.784       42.296       48.362    -0.028    4.00        0.150
  A      -43.977       42.131       46.998     0.096    4.00        0.150
  N      -44.559       40.900       46.761    -0.365    3.50        0.160
 HD      -44.697       40.426       45.920     0.165    2.00        0.000
  A      -44.868       40.326       47.989     0.042    4.00        0.150
  A      -44.394       41.151       49.042    -0.002    4.00        0.150
  A      -44.479       40.765       50.371     0.014    4.00        0.150
  A      -44.991       39.498       50.605     0.001    4.00        0.150
  A      -45.389       39.057       48.281     0.030    4.00        0.150
  A      -45.470       38.632       49.592     0.002    4.00        0.150
  C      -42.576       45.633       49.608     0.241    4.00        0.150
 OA      -41.917       46.297       48.790    -0.271    3.20        0.200
  N      -42.276       45.618       50.917    -0.345    3.50        0.160
 HD      -42.915       45.189       51.552     0.163    2.00        0.000
  C      -41.099       46.106       51.606     0.186    4.00        0.150
  C      -41.639       46.450       53.059     0.147    4.00        0.150
  C      -40.574       47.109       53.828     0.175    4.00        0.150
 OA      -40.701       47.135       55.061    -0.648    3.20        0.200
 OA      -39.699       47.706       53.224    -0.648    3.20        0.200
  C      -39.954       45.101       51.609     0.241    4.00        0.150
 OA      -40.163       44.045       52.120    -0.271    3.20        0.200
  N      -38.746       45.371       51.003    -0.346    3.50        0.160
 HD      -38.628       46.118       50.352     0.163    2.00        0.000
  C      -37.519       44.668       51.219     0.180    4.00        0.150
  C      -36.605       44.801       49.945     0.013    4.00        0.150
  C      -35.199       44.202       50.226     0.012    4.00        0.150
  C      -37.190       44.192       48.639     0.002    4.00        0.150
  C      -36.397       44.633       47.434     0.005    4.00        0.150
  C      -36.856       44.815       52.640     0.241    4.00        0.150
 OA      -36.096       43.936       53.071    -0.271    3.20        0.200
  N      -37.317       45.813       53.446    -0.346    3.50        0.160
 HD      -38.072       46.398       53.164     0.163    2.00        0.000
  C      -36.741       46.064       54.722     0.177    4.00        0.150
  C      -36.810       47.591       55.051     0.045    4.00        0.150
  C      -35.932       48.412       54.081     0.116    4.00        0.150
  C      -36.109       49.905       54.128     0.172    4.00        0.150
 OA      -35.330       50.650       53.531    -0.648    3.20        0.200
 OA      -37.038       50.369       54.807    -0.648    3.20        0.200
  C      -37.325       45.209       55.794     0.241    4.00        0.150
 OA      -36.682       44.407       56.468    -0.271    3.20        0.200
  N      -38.690       45.177       55.860    -0.344    3.50        0.160
 HD      -39.193       45.843       55.314     0.163    2.00        0.000
  C      -39.415       44.354       56.816     0.205    4.00        0.150
  C      -40.482       45.090       57.611     0.146    4.00        0.150
 OA      -41.551       45.690       56.839    -0.393    3.20        0.200
 HD      -41.110       46.322       56.265     0.210    2.00        0.000
  C      -39.698       46.323       58.268     0.042    4.00        0.150
  C      -40.075       43.096       56.400     0.243    4.00        0.150
 OA      -40.529       42.333       57.263    -0.271    3.20        0.200
  N      -39.991       42.676       55.137    -0.350    3.50        0.160
 HD      -39.540       43.212       54.427     0.163    2.00        0.000
  C      -40.620       41.477       54.575     0.225    4.00        0.150
  C      -42.145       41.486       54.409     0.236    4.00        0.150
 OA      -42.632       40.392       54.293    -0.272    3.20        0.200
  N      -42.822       42.659       54.371    -0.346    3.50        0.160
 HD      -42.283       43.497       54.399     0.163    2.00        0.000
  C      -44.229       42.813       54.442     0.177    4.00        0.150
  C      -44.726       43.814       55.512     0.044    4.00        0.150
  C      -44.576       43.397       57.009     0.105    4.00        0.150
  C      -44.831       44.476       58.109     0.215    4.00        0.150
 OA      -45.954       44.768       58.469    -0.274    3.20        0.200
  N      -43.700       45.086       58.517    -0.370    3.50        0.160
 HD      -43.882       45.914       59.048     0.159    2.00        0.000
 HD      -42.851       44.953       58.006     0.159    2.00        0.000
  C      -44.813       43.439       53.163     0.241    4.00        0.150
 OA      -44.127       44.061       52.342    -0.271    3.20        0.200
  N      -46.089       43.278       52.903    -0.346    3.50        0.160
 HD      -46.584       42.658       53.507     0.163    2.00        0.000
  C      -46.987       43.917       51.912     0.177    4.00        0.150
  C      -48.190       43.051       51.676     0.044    4.00        0.150
  C      -47.757       41.645       51.006     0.105    4.00        0.150
  C      -48.854       40.657       50.605     0.215    4.00        0.150
 OA      -50.051       41.007       50.606    -0.274    3.20        0.200
  N      -48.398       39.512       50.150    -0.370    3.50        0.160
 HD      -49.138       38.891       49.892     0.159    2.00        0.000
 HD      -47.441       39.459       49.867     0.159    2.00        0.000
  C      -47.471       45.311       52.328     0.241    4.00        0.150
 OA      -48.277       45.615       53.198    -0.271    3.20        0.200
  N      -46.931       46.329       51.608    -0.344    3.50        0.160
 HD      -46.176       46.076       51.008     0.163    2.00        0.000
  C      -47.277       47.741       51.701     0.205    4.00        0.150
  C      -46.073       48.768       51.713     0.146    4.00        0.150
 OA      -46.521       49.992       51.152    -0.393    3.20        0.200
 HD      -46.630       50.615       51.875     0.210    2.00        0.000
  C      -44.979       48.350       50.757     0.042    4.00        0.150
  C      -48.403       48.101       50.797     0.243    4.00        0.150
 OA      -49.219       48.984       51.050    -0.271    3.20        0.200
  N      -48.550       47.377       49.675    -0.344    3.50        0.160
 HD      -47.874       46.673       49.465     0.163    2.00        0.000
  C      -49.870       47.538       48.980     0.205    4.00        0.150
  C      -49.938       48.789       48.013     0.146    4.00        0.150
 OA      -49.193       49.884       48.414    -0.393    3.20        0.200
 HD      -49.071       49.708       49.350     0.210    2.00        0.000
  C      -51.379       49.350       47.874     0.042    4.00        0.150
  C      -50.312       46.287       48.286     0.243    4.00        0.150
 OA      -49.495       45.749       47.589    -0.271    3.20        0.200
  N      -51.537       45.845       48.424    -0.344    3.50        0.160
 HD      -52.160       46.321       49.039     0.163    2.00        0.000
  C      -52.054       44.681       47.692     0.205    4.00        0.150
  C      -52.397       43.330       48.340     0.146    4.00        0.150
 OA      -53.319       42.427       47.582    -0.393    3.20        0.200
 HD      -52.717       41.758       47.249     0.210    2.00        0.000
  C      -52.952       43.608       49.708     0.042    4.00        0.150
  C      -53.166       45.192       46.718     0.243    4.00        0.150
 OA      -53.941       46.083       47.063    -0.271    3.20        0.200
  N      -53.194       44.548       45.498    -0.346    3.50        0.160
 HD      -52.510       43.830       45.392     0.163    2.00        0.000
  C      -54.015       44.948       44.349     0.180    4.00        0.150
  C      -53.184       45.500       43.103     0.073    4.00        0.150
  A      -52.310       46.637       43.561    -0.056    4.00        0.150
  A      -52.768       48.003       43.553     0.007    4.00        0.150
  A      -51.909       49.030       43.998     0.001    4.00        0.150
  A      -50.621       48.733       44.353     0.000    4.00        0.150
  A      -51.008       46.336       43.966     0.007    4.00        0.150
  A      -50.136       47.416       44.323     0.001    4.00        0.150
  C      -54.879       43.796       43.911     0.241    4.00        0.150
 OA      -54.381       42.730       43.544    -0.271    3.20        0.200
  N      -56.215       44.030       43.821    -0.344    3.50        0.160
 HD      -56.615       44.943       43.849     0.163    2.00        0.000
  C      -57.111       42.879       43.593     0.205    4.00        0.150
  C      -57.577       42.078       44.868     0.146    4.00        0.150
 OA      -58.446       41.002       44.541    -0.393    3.20        0.200
 HD      -57.805       40.467       44.066     0.210    2.00        0.000
  C      -58.358       43.049       45.867     0.042    4.00        0.150
  C      -58.216       43.270       42.700     0.243    4.00        0.150
 OA      -59.013       44.119       42.974    -0.271    3.20        0.200
  N      -58.302       42.632       41.487    -0.350    3.50        0.160
 HD      -57.569       42.000       41.243     0.163    2.00        0.000
  C      -59.341       43.027       40.540     0.225    4.00        0.150
  C      -59.512       42.096       39.398     0.236    4.00        0.150
 OA      -60.575       41.793       38.957    -0.272    3.20        0.200
  N      -58.413       41.496       38.912    -0.346    3.50        0.160
 HD      -57.506       41.724       39.256     0.163    2.00        0.000
  C      -58.507       40.411       37.944     0.182    4.00        0.150
  C      -57.098       40.044       37.344     0.093    4.00        0.150
  N      -57.216       41.546       35.223    -0.353    3.50        0.160
 HD      -57.878       41.012       34.697     0.166    2.00        0.000
  A      -56.676       41.209       36.483     0.030    4.00        0.150
  A      -56.423       42.535       34.698     0.207    4.00        0.150
 NA      -55.415       42.813       35.574    -0.254    3.50        0.160
  A      -55.595       42.017       36.667     0.143    4.00        0.150
  C      -59.204       39.175       38.545     0.241    4.00        0.150
 OA      -59.179       38.949       39.744    -0.271    3.20        0.200
  N      -59.914       38.366       37.701    -0.344    3.50        0.160
 HD      -60.123       38.658       36.771     0.163    2.00        0.000
  C      -60.397       37.109       38.168     0.205    4.00        0.150
  C      -61.807       36.869       37.607     0.146    4.00        0.150
 OA      -62.714       37.888       38.008    -0.393    3.20        0.200
 HD      -62.645       37.843       38.965     0.210    2.00        0.000
  C      -62.379       35.540       38.048     0.042    4.00        0.150
  C      -59.490       35.973       37.690     0.243    4.00        0.150
 OA      -59.451       34.851       38.198    -0.271    3.20        0.200
  N      -58.759       36.268       36.616    -0.350    3.50        0.160
 HD      -58.906       37.213       36.334     0.163    2.00        0.000
  C      -57.778       35.435       35.934     0.225    4.00        0.150
  C      -56.392       35.724       36.281     0.236    4.00        0.150
 OA      -56.034       36.650       36.975    -0.272    3.20        0.200
  N      -55.457       34.856       35.792    -0.346    3.50        0.160
 HD      -55.811       34.179       35.152     0.163    2.00        0.000
  C      -54.052       34.869       36.206     0.186    4.00        0.150
  C      -53.146       33.628       35.757     0.147    4.00        0.150
  C      -53.640       32.269       36.122     0.175    4.00        0.150
 OA      -54.808       32.128       36.660    -0.648    3.20        0.200
 OA      -52.923       31.283       35.884    -0.648    3.20        0.200
  C      -53.302       36.178       35.697     0.241    4.00        0.150
 OA      -53.252       36.378       34.503    -0.271    3.20        0.200
  N      -52.836       36.987       36.650    -0.346    3.50        0.160
 HD      -52.901       36.791       37.624     0.163    2.00        0.000
  C      -51.979       38.068       36.299     0.180    4.00        0.150
  C      -51.723       39.022       37.416     0.009    4.00        0.150
  C      -50.918       40.239       36.911     0.012    4.00        0.150
  C      -53.122       39.495       37.862     0.012    4.00        0.150
  C      -50.596       37.576       35.822     0.241    4.00        0.150
 OA      -49.916       36.913       36.645    -0.271    3.20        0.200
  N      -50.127       37.928       34.572    -0.346    3.50        0.160
 HD      -50.736       38.481       34.009     0.163    2.00        0.000
  C      -48.984       37.368       33.922     0.177    4.00        0.150
  C      -49.246       36.983       32.413     0.045    4.00        0.150
  C      -50.199       35.784       32.232     0.076    4.00        0.150
 SA      -49.352       34.273       32.736    -0.173    4.00        0.200
  C      -48.232       34.085       31.347     0.089    4.00        0.150
  C      -47.874       38.364       33.859     0.241    4.00        0.150
 OA      -46.683       38.061       33.760    -0.271    3.20        0.200
  N      -48.205       39.675       33.830    -0.344    3.50        0.160
 HD      -49.160       39.943       33.938     0.163    2.00        0.000
  C      -47.206       40.708       33.512     0.200    4.00        0.150
  C      -47.105       40.825       31.948     0.199    4.00        0.150
 OA      -46.228       41.847       31.389    -0.398    3.20        0.200
 HD      -45.358       41.455       31.285     0.209    2.00        0.000
  C      -47.762       42.006       34.036     0.243    4.00        0.150
 OA      -48.957       42.142       34.173    -0.271    3.20        0.200
  N      -46.795       42.901       34.285    -0.346    3.50        0.160
 HD      -45.842       42.631       34.182     0.163    2.00        0.000
  C      -47.023       44.165       34.946     0.177    4.00        0.150
  C      -47.051       44.302       36.502     0.038    4.00        0.150
  C      -46.063       43.467       37.358    -0.020    4.00        0.150
  C      -44.565       43.781       37.034     0.009    4.00        0.150
  C      -46.428       43.621       38.838     0.009    4.00        0.150
  C      -46.047       45.198       34.383     0.241    4.00        0.150
 OA      -44.930       44.944       34.067    -0.271    3.20        0.200
  N      -46.419       46.494       34.255    -0.344    3.50        0.160
 HD      -47.334       46.808       34.495     0.163    2.00        0.000
  C      -45.489       47.530       33.742     0.200    4.00        0.150
  C      -45.522       47.717       32.185     0.199    4.00        0.150
 OA      -44.556       48.727       31.731    -0.398    3.20        0.200
 HD      -43.694       48.309       31.675     0.209    2.00        0.000
  C      -45.735       48.801       34.469     0.243    4.00        0.150
 OA      -46.870       49.173       34.569    -0.271    3.20        0.200
  N      -44.623       49.485       34.946    -0.346    3.50        0.160
 HD      -43.689       49.215       34.727     0.163    2.00        0.000
  C      -44.761       50.651       35.810     0.177    4.00        0.150
  C      -43.533       50.809       36.765     0.038    4.00        0.150
  C      -43.689       49.761       37.942    -0.020    4.00        0.150
  C      -42.983       48.437       37.845     0.009    4.00        0.150
  C      -43.085       50.420       39.155     0.009    4.00        0.150
  C      -44.684       51.983       34.956     0.241    4.00        0.150
 OA      -43.681       52.233       34.279    -0.271    3.20        0.200
  N      -45.711       52.870       35.155    -0.346    3.50        0.160
 HD      -46.427       52.773       35.840     0.163    2.00        0.000
  C      -45.700       54.198       34.447     0.172    4.00        0.150
  C      -46.981       54.981       34.977     0.042    4.00        0.150
  C      -44.493       55.022       34.899     0.243    4.00        0.150
 OA      -44.083       54.700       36.000    -0.271    3.20        0.200
  N      -43.947       56.037       34.169    -0.337    3.50        0.160
  C      -44.388       56.394       32.758     0.127    4.00        0.150
  C      -42.618       56.546       34.437     0.179    4.00        0.150
  C      -42.281       57.300       33.099     0.037    4.00        0.150
  C      -43.659       57.686       32.514     0.022    4.00        0.150
  C      -42.549       57.494       35.608     0.241    4.00        0.150
 OA      -41.433       57.674       36.127    -0.271    3.20        0.200
  N      -43.670       58.112       35.928    -0.346    3.50        0.160
 HD      -44.398       57.886       35.286     0.163    2.00        0.000
  C      -43.957       59.036       37.013     0.186    4.00        0.150
  C      -44.935       60.164       36.731     0.147    4.00        0.150
  C      -46.347       59.714       36.291     0.175    4.00        0.150
 OA      -47.325       60.471       36.610    -0.648    3.20        0.200
 OA      -46.477       58.681       35.571    -0.648    3.20        0.200
  C      -44.449       58.251       38.243     0.241    4.00        0.150
 OA      -44.380       58.888       39.303    -0.271    3.20        0.200
  N      -44.617       56.935       38.176    -0.344    3.50        0.160
 HD      -44.448       56.525       37.284     0.163    2.00        0.000
  C      -44.562       56.026       39.264     0.205    4.00        0.150
  C      -43.227       55.885       39.876     0.146    4.00        0.150
 OA      -42.772       57.131       40.455    -0.393    3.20        0.200
 HD      -43.316       57.777       39.999     0.210    2.00        0.000
  C      -42.139       55.446       38.839     0.042    4.00        0.150
  C      -45.694       55.995       40.178     0.243    4.00        0.150
 OA      -45.596       55.504       41.291    -0.271    3.20        0.200
  N      -46.886       56.469       39.717    -0.346    3.50        0.160
 HD      -46.849       56.934       38.837     0.163    2.00        0.000
  C      -48.004       56.528       40.664     0.176    4.00        0.150
  C      -48.547       57.991       40.925     0.036    4.00        0.150
  C      -47.393       58.911       41.176     0.023    4.00        0.150
  C      -47.713       60.431       41.190     0.138    4.00        0.150
  N      -48.044       60.849       39.818    -0.227    3.50        0.160
 HD      -47.799       60.221       39.080     0.177    2.00        0.000
  C      -48.596       62.032       39.410     0.665    4.00        0.150
  N      -48.991       62.911       40.266    -0.235    3.50        0.160
 HD      -48.949       62.760       41.254     0.174    2.00        0.000
 HD      -49.561       63.654       39.915     0.174    2.00        0.000
  N      -48.712       62.235       38.137    -0.235    3.50        0.160
 HD      -48.187       61.568       37.607     0.174    2.00        0.000
 HD      -49.249       62.995       37.769     0.174    2.00        0.000
  C      -48.988       55.510       40.121     0.241    4.00        0.150
 OA      -49.982       55.201       40.823    -0.271    3.20        0.200
  N      -48.735       54.982       38.941    -0.346    3.50        0.160
 HD      -47.966       55.198       38.344     0.163    2.00        0.000
  C      -49.707       54.015       38.412     0.177    4.00        0.150
  C      -50.618       54.772       37.357     0.038    4.00        0.150
  C      -51.582       55.862       37.845    -0.020    4.00        0.150
  C      -52.154       56.694       36.719     0.009    4.00        0.150
  C      -52.603       55.174       38.654     0.009    4.00        0.150
  C      -48.965       52.862       37.844     0.241    4.00        0.150
 OA      -47.797       52.966       37.538    -0.271    3.20        0.200
  N      -49.540       51.690       37.601    -0.346    3.50        0.160
 HD      -50.491       51.482       37.815     0.163    2.00        0.000
  C      -48.973       50.741       36.771     0.180    4.00        0.150
  C      -47.953       49.792       37.607     0.073    4.00        0.150
  A      -48.567       49.041       38.718    -0.056    4.00        0.150
  A      -48.813       49.572       39.962     0.007    4.00        0.150
  A      -49.352       48.802       41.008     0.001    4.00        0.150
  A      -49.498       47.403       40.868     0.000    4.00        0.150
  A      -48.856       47.647       38.546     0.007    4.00        0.150
  A      -49.356       46.899       39.555     0.001    4.00        0.150
  C      -50.080       49.996       36.193     0.241    4.00        0.150
 OA      -51.219       50.143       36.638    -0.271    3.20        0.200
  N      -49.740       49.226       35.123    -0.346    3.50        0.160
 HD      -48.775       49.182       34.873     0.163    2.00        0.000
  C      -50.704       48.446       34.214     0.180    4.00        0.150
  C      -50.663       49.012       32.822     0.009    4.00        0.150
  C      -51.309       50.423       32.804     0.012    4.00        0.150
  C      -49.396       48.907       32.022     0.012    4.00        0.150
  C      -50.367       47.010       34.254     0.241    4.00        0.150
 OA      -49.144       46.620       34.212    -0.271    3.20        0.200
  N      -51.374       46.165       34.353    -0.344    3.50        0.160
 HD      -52.329       46.447       34.400     0.163    2.00        0.000
  C      -51.241       44.775       34.284     0.200    4.00        0.150
  C      -51.341       44.010       35.600     0.199    4.00        0.150
 OA      -52.586       44.058       36.184    -0.398    3.20        0.200
 HD      -53.164       43.696       35.509     0.209    2.00        0.000
  C      -52.148       44.190       33.273     0.242    4.00        0.150
 OA      -53.067       44.886       32.871    -0.271    3.20        0.200
  N      -51.952       42.924       32.818    -0.350    3.50        0.160
 HD      -51.075       42.457       32.904     0.163    2.00        0.000
  C      -52.926       42.246       31.954     0.225    4.00        0.150
  C      -52.974       40.769       32.456     0.236    4.00        0.150
 OA      -52.114       40.384       33.218    -0.272    3.20        0.200
  N      -53.913       39.898       32.023    -0.347    3.50        0.160
 HD      -54.645       40.232       31.437     0.163    2.00        0.000
  C      -54.196       38.688       32.712     0.172    4.00        0.150
  C      -54.916       38.980       34.040     0.042    4.00        0.150
  C      -54.910       37.697       31.877     0.240    4.00        0.150
 OA      -55.357       37.826       30.770    -0.271    3.20        0.200
  N      -55.135       36.492       32.475    -0.345    3.50        0.160
 HD      -54.614       36.264       33.293     0.163    2.00        0.000
  C      -55.823       35.353       31.798     0.185    4.00        0.150
  C      -55.254       33.957       32.239     0.105    4.00        0.150
 SA      -53.536       33.834       31.697    -0.180    4.00        0.200
 HD      -53.193       35.069       32.033     0.101    2.00        0.000
  C      -57.261       35.433       31.940     0.241    4.00        0.150
 OA      -57.905       34.408       31.787    -0.271    3.20        0.200
  N      -57.813       36.606       32.154    -0.345    3.50        0.160
 HD      -57.356       37.388       32.570     0.163    2.00        0.000
  C      -59.224       36.847       32.033     0.186    4.00        0.150
  C      -59.864       37.472       33.235     0.147    4.00        0.150
  C      -59.099       38.674       33.851     0.175    4.00        0.150
 OA      -58.390       39.357       33.151    -0.648    3.20        0.200
 OA      -59.331       38.892       35.046    -0.648    3.20        0.200
  C      -59.381       37.751       30.805     0.241    4.00        0.150
 OA      -60.496       38.005       30.377    -0.271    3.20        0.200
  N      -58.238       38.144       30.203    -0.346    3.50        0.160
 HD      -57.408       37.743       30.584     0.163    2.00        0.000
  C      -58.160       38.962       28.970     0.172    4.00        0.150
  C      -58.900       38.279       27.771     0.042    4.00        0.150
  C      -58.495       40.442       29.150     0.240    4.00        0.150
 OA      -58.706       41.197       28.222    -0.271    3.20        0.200
  N      -58.355       40.886       30.428    -0.344    3.50        0.160
 HD      -58.093       40.237       31.138     0.163    2.00        0.000
  C      -58.618       42.248       30.706     0.200    4.00        0.150
  C      -59.769       42.577       31.756     0.199    4.00        0.150
 OA      -59.484       42.124       33.062    -0.398    3.20        0.200
 HD      -59.338       41.175       33.060     0.209    2.00        0.000
  C      -57.311       42.857       31.179     0.243    4.00        0.150
 OA      -56.399       42.179       31.628    -0.271    3.20        0.200
  N      -57.179       44.212       30.994    -0.346    3.50        0.160
 HD      -57.891       44.805       30.627     0.163    2.00        0.000
  C      -55.985       44.924       31.405     0.172    4.00        0.150
  C      -55.206       45.449       30.196     0.042    4.00        0.150
  C      -56.554       45.968       32.321     0.240    4.00        0.150
 OA      -57.727       46.378       32.245    -0.271    3.20        0.200
  N      -55.794       46.319       33.351    -0.346    3.50        0.160
 HD      -54.942       45.803       33.330     0.163    2.00        0.000
  C      -56.146       47.237       34.347     0.176    4.00        0.150
  C      -56.584       46.561       35.655     0.035    4.00        0.150
  C      -58.015       45.823       35.452     0.004    4.00        0.150
  C      -58.420       44.915       36.619     0.027    4.00        0.150
  C      -59.791       44.211       36.541     0.229    4.00        0.150
  N      -60.869       45.181       36.748    -0.079    3.50        0.160
 HD      -60.708       46.064       36.221     0.274    2.00        0.000
 HD      -61.101       45.493       37.712     0.274    2.00        0.000
 HD      -61.617       44.603       36.315     0.274    2.00        0.000
  C      -55.096       48.247       34.684     0.241    4.00        0.150
 OA      -53.897       48.024       34.648    -0.271    3.20        0.200
  N      -55.562       49.365       35.300    -0.346    3.50        0.160
 HD      -56.546       49.528       35.280     0.163    2.00        0.000
  C      -54.723       50.494       35.820     0.177    4.00        0.150
  C      -55.219       51.901       35.277     0.038    4.00        0.150
  C      -54.230       53.059       35.675    -0.020    4.00        0.150
  C      -52.914       52.979       34.887     0.009    4.00        0.150
  C      -55.095       54.352       35.479     0.009    4.00        0.150
  C      -54.771       50.545       37.385     0.241    4.00        0.150
 OA      -55.802       50.566       38.112    -0.271    3.20        0.200
  N      -53.544       50.455       37.968    -0.346    3.50        0.160
 HD      -52.765       50.171       37.414     0.163    2.00        0.000
  C      -53.460       50.313       39.452     0.181    4.00        0.150
  C      -52.496       49.103       39.764     0.075    4.00        0.150
  A      -53.086       47.845       39.060    -0.028    4.00        0.150
  A      -52.636       47.361       37.901     0.096    4.00        0.150
  N      -53.287       46.201       37.614    -0.365    3.50        0.160
 HD      -52.981       45.475       37.037     0.165    2.00        0.000
  A      -54.327       46.016       38.433     0.042    4.00        0.150
  A      -54.237       47.079       39.408    -0.002    4.00        0.150
  A      -55.189       47.155       40.467     0.014    4.00        0.150
  A      -56.212       46.150       40.485     0.001    4.00        0.150
  A      -55.310       45.069       38.497     0.030    4.00        0.150
  A      -56.254       45.103       39.591     0.002    4.00        0.150
  C      -53.020       51.545       40.226     0.241    4.00        0.150
 OA      -51.931       52.073       39.956    -0.271    3.20        0.200
  N      -53.792       52.008       41.254    -0.345    3.50        0.160
 HD      -54.683       51.642       41.509     0.163    2.00        0.000
  C      -53.406       53.205       41.979     0.186    4.00        0.150
  C      -54.753       53.852       42.405     0.147    4.00        0.150
  C      -54.650       55.217       42.897     0.175    4.00        0.150
 OA      -53.603       55.640       43.415    -0.648    3.20        0.200
 OA      -55.702       55.959       42.838    -0.648    3.20        0.200
  C      -52.503       52.921       43.145     0.241    4.00        0.150
 OA      -52.922       52.401       44.169    -0.271    3.20        0.200
  N      -51.254       53.363       43.050    -0.346    3.50        0.160
 HD      -50.944       53.779       42.199     0.163    2.00        0.000
  C      -50.260       53.194       44.100     0.180    4.00        0.150
  C      -48.931       53.696       43.581     0.009    4.00        0.150
  C      -47.831       53.537       44.671     0.012    4.00        0.150
  C      -48.438       52.951       42.310     0.012    4.00        0.150
  C      -50.605       53.922       45.374     0.241    4.00        0.150
 OA      -50.325       53.477       46.504    -0.271    3.20        0.200
  N      -51.111       55.176       45.293    -0.346    3.50        0.160
 HD      -51.317       55.466       44.362     0.163    2.00        0.000
  C      -51.518       55.922       46.490     0.176    4.00        0.150
  C      -51.720       57.391       46.058     0.036    4.00        0.150
  C      -50.516       58.028       45.336     0.023    4.00        0.150
  C      -49.152       57.881       46.131     0.138    4.00        0.150
  N      -48.067       58.541       45.276    -0.227    3.50        0.160
 HD      -47.543       58.016       44.605     0.177    2.00        0.000
  C      -47.819       59.843       45.331     0.665    4.00        0.150
  N      -48.478       60.688       46.074    -0.235    3.50        0.160
 HD      -49.416       60.455       46.333     0.174    2.00        0.000
 HD      -48.197       61.647       46.110     0.174    2.00        0.000
  N      -46.841       60.328       44.610    -0.235    3.50        0.160
 HD      -46.263       59.680       44.115     0.174    2.00        0.000
 HD      -46.460       61.249       44.687     0.174    2.00        0.000
  C      -52.718       55.391       47.291     0.241    4.00        0.150
 OA      -52.632       55.267       48.516    -0.271    3.20        0.200
  N      -53.837       55.045       46.530    -0.346    3.50        0.160
 HD      -53.837       55.282       45.561     0.163    2.00        0.000
  C      -55.149       54.525       47.055     0.177    4.00        0.150
  C      -56.234       55.289       46.294     0.045    4.00        0.150
  C      -56.326       56.779       46.750     0.116    4.00        0.150
  C      -57.538       57.609       46.326     0.172    4.00        0.150
 OA      -57.382       58.424       45.354    -0.648    3.20        0.200
 OA      -58.643       57.411       46.905    -0.648    3.20        0.200
  C      -55.325       53.025       47.120     0.240    4.00        0.150
 OA      -56.319       52.534       47.642    -0.271    3.20        0.200
  N      -54.354       52.231       46.545    -0.351    3.50        0.160
 HD      -53.486       52.657       46.303     0.163    2.00        0.000
  C      -54.428       50.737       46.544     0.225    4.00        0.150
  C      -55.572       50.067       45.903     0.236    4.00        0.150
 OA      -56.271       49.237       46.491    -0.272    3.20        0.200
  N      -55.827       50.474       44.648    -0.346    3.50        0.160
 HD      -55.159       51.037       44.167     0.163    2.00        0.000
  C      -57.080       50.081       44.025     0.177    4.00        0.150
  C      -58.287       50.834       44.642     0.045    4.00        0.150
  C      -58.246       52.362       44.840     0.076    4.00        0.150
 SA      -58.400       53.457       43.351    -0.173    4.00        0.200
  C      -60.143       53.269       42.926     0.089    4.00        0.150
  C      -57.028       50.029       42.533     0.241    4.00        0.150
 OA      -56.090       50.510       41.815    -0.271    3.20        0.200
  N      -57.907       49.255       41.977    -0.345    3.50        0.160
 HD      -58.507       48.716       42.563     0.163    2.00        0.000
  C      -58.226       49.277       40.555     0.185    4.00        0.150
  C      -59.131       48.086       39.876     0.105    4.00        0.150
 SA      -59.295       48.231       37.992    -0.180    4.00        0.200
 HD      -60.487       48.810       37.999     0.101    2.00        0.000
  C      -58.838       50.617       40.077     0.241    4.00        0.150
 OA      -60.035       50.845       40.255    -0.271    3.20        0.200
  N      -58.031       51.529       39.416    -0.346    3.50        0.160
 HD      -57.266       51.018       39.029     0.163    2.00        0.000
  C      -58.421       52.833       38.891     0.176    4.00        0.150
  C      -57.233       53.678       38.476     0.036    4.00        0.150
  C      -57.652       55.022       37.953     0.023    4.00        0.150
  C      -58.413       55.930       38.874     0.138    4.00        0.150
  N      -57.588       56.538       39.897    -0.227    3.50        0.160
 HD      -57.480       56.154       40.814     0.177    2.00        0.000
  C      -56.553       57.276       39.541     0.665    4.00        0.150
  N      -56.435       58.016       38.479    -0.235    3.50        0.160
 HD      -57.138       58.097       37.773     0.174    2.00        0.000
 HD      -55.705       58.698       38.426     0.174    2.00        0.000
  N      -55.588       57.315       40.500    -0.235    3.50        0.160
 HD      -55.715       56.819       41.358     0.174    2.00        0.000
 HD      -54.802       57.914       40.350     0.174    2.00        0.000
  C      -59.346       52.617       37.670     0.241    4.00        0.150
 OA      -60.435       53.292       37.699    -0.271    3.20        0.200
  N      -59.097       51.718       36.781    -0.346    3.50        0.160
 HD      -58.289       51.138       36.839     0.163    2.00        0.000
  C      -59.910       51.599       35.520     0.177    4.00        0.150
  C      -60.100       52.907       34.675     0.044    4.00        0.150
  C      -58.842       53.371       33.958     0.105    4.00        0.150
  C      -58.973       54.810       33.402     0.215    4.00        0.150
 OA      -58.420       55.666       34.104    -0.274    3.20        0.200
  N      -59.704       55.061       32.256    -0.370    3.50        0.160
 HD      -60.215       54.380       31.731     0.159    2.00        0.000
 HD      -59.793       55.971       31.853     0.159    2.00        0.000
  C      -59.479       50.369       34.741     0.241    4.00        0.150
 OA      -58.303       49.942       34.765    -0.271    3.20        0.200
  N      -60.431       49.775       34.046    -0.344    3.50        0.160
 HD      -61.366       50.113       34.114     0.163    2.00        0.000
  C      -60.293       48.436       33.470     0.205    4.00        0.150
  C      -61.464       47.518       33.883     0.146    4.00        0.150
 OA      -61.556       47.447       35.280    -0.393    3.20        0.200
 HD      -62.015       48.251       35.533     0.210    2.00        0.000
  C      -61.318       46.090       33.322     0.042    4.00        0.150
  C      -60.404       48.649       31.946     0.243    4.00        0.150
 OA      -61.347       49.236       31.440    -0.271    3.20        0.200
  N      -59.412       48.145       31.222    -0.346    3.50        0.160
 HD      -58.537       47.920       31.644     0.163    2.00        0.000
  C      -59.436       48.144       29.754     0.180    4.00        0.150
  C      -58.087       48.676       29.269     0.073    4.00        0.150
  A      -57.547       49.816       30.179    -0.056    4.00        0.150
  A      -58.103       51.066       29.882     0.007    4.00        0.150
  A      -57.590       52.194       30.509     0.001    4.00        0.150
  A      -56.501       52.045       31.407     0.000    4.00        0.150
  A      -56.474       49.717       31.101     0.007    4.00        0.150
  A      -55.913       50.876       31.738     0.001    4.00        0.150
  C      -59.783       46.703       29.210     0.241    4.00        0.150
 OA      -59.770       45.613       29.842    -0.271    3.20        0.200
  N      -60.314       46.578       27.938    -0.344    3.50        0.160
 HD      -60.373       47.357       27.318     0.163    2.00        0.000
  C      -61.048       45.392       27.534     0.205    4.00        0.150
  C      -62.523       45.471       27.747     0.146    4.00        0.150
 OA      -63.088       44.154       27.538    -0.393    3.20        0.200
 HD      -62.766       43.684       28.311     0.210    2.00        0.000
  C      -63.156       46.554       26.889     0.042    4.00        0.150
  C      -60.688       45.215       26.019     0.243    4.00        0.150
 OA      -60.342       46.208       25.377    -0.271    3.20        0.200
  N      -60.768       44.061       25.455    -0.350    3.50        0.160
 HD      -60.970       43.268       26.024     0.163    2.00        0.000
  C      -60.756       43.970       24.013     0.225    4.00        0.150
  C      -60.368       42.619       23.536     0.236    4.00        0.150
 OA      -61.111       41.927       22.798    -0.272    3.20        0.200
  N      -59.182       42.249       24.003    -0.346    3.50        0.160
 HD      -58.715       42.835       24.659     0.163    2.00        0.000
  C      -58.646       40.859       23.837     0.182    4.00        0.150
  C      -57.402       40.628       24.724     0.093    4.00        0.150
  N      -55.318       41.527       23.991    -0.353    3.50        0.160
 HD      -55.025       40.758       23.422     0.166    2.00        0.000
  A      -56.479       41.751       24.640     0.030    4.00        0.150
  A      -54.523       42.630       24.292     0.207    4.00        0.150
 NA      -55.098       43.437       25.125    -0.254    3.50        0.160
  A      -56.376       42.917       25.305     0.143    4.00        0.150
  C      -59.560       39.609       23.943     0.241    4.00        0.150
 OA      -60.611       39.746       24.536    -0.271    3.20        0.200
  N      -59.261       38.503       23.222    -0.346    3.50        0.160
 HD      -58.446       38.499       22.647     0.163    2.00        0.000
  C      -60.106       37.342       23.143     0.177    4.00        0.150
  C      -60.160       36.890       21.609     0.045    4.00        0.150
  C      -61.052       37.832       20.745     0.116    4.00        0.150
  C      -61.319       37.248       19.341     0.172    4.00        0.150
 OA      -61.714       36.079       19.222    -0.648    3.20        0.200
 OA      -61.114       38.008       18.376    -0.648    3.20        0.200
  C      -59.607       36.159       23.895     0.241    4.00        0.150
 OA      -60.210       35.109       23.964    -0.271    3.20        0.200
  N      -58.428       36.294       24.593    -0.344    3.50        0.160
 HD      -58.053       37.217       24.553     0.163    2.00        0.000
  C      -57.604       35.204       25.167     0.200    4.00        0.150
  C      -57.050       34.183       24.149     0.199    4.00        0.150
 OA      -56.454       33.071       24.823    -0.398    3.20        0.200
 HD      -57.112       32.379       24.924     0.209    2.00        0.000
  C      -56.543       35.852       26.016     0.243    4.00        0.150
 OA      -56.430       37.108       26.059    -0.271    3.20        0.200
  N      -55.815       35.094       26.818    -0.345    3.50        0.160
 HD      -56.170       34.161       26.829     0.163    2.00        0.000
  C      -54.919       35.461       27.802     0.186    4.00        0.150
  C      -54.023       34.218       28.178     0.147    4.00        0.150
  C      -54.998       33.118       28.566     0.175    4.00        0.150
 OA      -56.171       33.383       29.009    -0.648    3.20        0.200
 OA      -54.536       31.984       28.571    -0.648    3.20        0.200
  C      -53.920       36.529       27.338     0.241    4.00        0.150
 OA      -53.128       36.305       26.397    -0.271    3.20        0.200
  N      -53.799       37.607       28.142    -0.346    3.50        0.160
 HD      -54.432       37.846       28.876     0.163    2.00        0.000
  C      -52.784       38.669       27.938     0.180    4.00        0.150
  C      -53.290       40.043       28.398     0.013    4.00        0.150
  C      -52.137       41.063       28.331     0.012    4.00        0.150
  C      -54.563       40.508       27.567     0.002    4.00        0.150
  C      -55.398       41.681       28.097     0.005    4.00        0.150
  C      -51.583       38.150       28.779     0.241    4.00        0.150
 OA      -51.593       37.991       29.967    -0.271    3.20        0.200
  N      -50.504       37.972       28.076    -0.346    3.50        0.160
 HD      -50.547       38.173       27.100     0.163    2.00        0.000
  C      -49.285       37.358       28.571     0.185    4.00        0.150
  C      -48.670       36.413       27.457     0.137    4.00        0.150
  C      -49.564       35.234       27.006     0.217    4.00        0.150
 OA      -50.282       34.604       27.778    -0.274    3.20        0.200
  N      -49.593       34.965       25.732    -0.370    3.50        0.160
 HD      -49.974       34.124       25.347     0.159    2.00        0.000
 HD      -49.197       35.572       25.044     0.159    2.00        0.000
  C      -48.234       38.441       28.830     0.241    4.00        0.150
 OA      -47.310       38.211       29.608    -0.271    3.20        0.200
  N      -48.469       39.619       28.170    -0.346    3.50        0.160
 HD      -49.291       39.674       27.609     0.163    2.00        0.000
  C      -47.523       40.681       28.154     0.172    4.00        0.150
  C      -46.443       40.607       27.040     0.042    4.00        0.150
  C      -48.284       42.007       28.136     0.240    4.00        0.150
 OA      -49.286       42.126       27.451    -0.271    3.20        0.200
  N      -47.783       43.013       28.826    -0.346    3.50        0.160
 HD      -47.048       42.944       29.497     0.163    2.00        0.000
  C      -48.170       44.318       28.747     0.180    4.00        0.150
  C      -49.288       44.706       29.737     0.013    4.00        0.150
  C      -48.825       44.526       31.190     0.012    4.00        0.150
  C      -49.762       46.155       29.517     0.002    4.00        0.150
  C      -51.068       46.534       30.289     0.005    4.00        0.150
  C      -46.914       45.227       29.026     0.241    4.00        0.150
 OA      -45.987       44.900       29.775    -0.271    3.20        0.200
  N      -46.754       46.383       28.319    -0.345    3.50        0.160
 HD      -47.441       46.645       27.646     0.163    2.00        0.000
  C      -45.559       47.195       28.291     0.185    4.00        0.150
  C      -44.532       46.846       27.130     0.105    4.00        0.150
 SA      -43.020       47.753       27.169    -0.180    4.00        0.200
 HD      -43.520       48.914       26.772     0.101    2.00        0.000
  C      -45.979       48.659       28.105     0.241    4.00        0.150
 OA      -46.712       49.100       27.161    -0.271    3.20        0.200
  N      -45.485       49.554       28.958    -0.346    3.50        0.160
 HD      -45.177       49.189       29.833     0.163    2.00        0.000
  C      -45.476       51.039       28.767     0.180    4.00        0.150
  C      -45.194       51.921       30.046     0.073    4.00        0.150
  A      -46.359       52.370       30.814    -0.056    4.00        0.150
  A      -47.079       53.525       30.386     0.007    4.00        0.150
  A      -48.258       53.855       31.200     0.001    4.00        0.150
  A      -48.682       53.035       32.254     0.000    4.00        0.150
  A      -46.807       51.543       31.840     0.007    4.00        0.150
  A      -47.977       51.884       32.571     0.001    4.00        0.150
  C      -44.784       51.567       27.531     0.241    4.00        0.150
 OA      -43.852       50.995       26.968    -0.271    3.20        0.200
  N      -45.243       52.742       26.970    -0.346    3.50        0.160
 HD      -46.016       53.277       27.302     0.163    2.00        0.000
  C      -44.645       53.397       25.826     0.181    4.00        0.150
  C      -45.849       53.671       24.813     0.073    4.00        0.150
  A      -45.410       54.558       23.632    -0.056    4.00        0.150
  A      -44.833       54.139       22.427     0.007    4.00        0.150
  A      -44.455       55.076       21.418     0.001    4.00        0.150
  A      -44.596       56.421       21.638     0.000    4.00        0.150
  A      -45.603       55.968       23.794     0.007    4.00        0.150
  A      -45.151       56.821       22.821     0.001    4.00        0.150
  C      -44.041       54.627       26.441     0.243    4.00        0.150
 OA      -44.502       55.137       27.491    -0.271    3.20        0.200
  N      -42.977       55.158       25.835    -0.337    3.50        0.160
  C      -42.085       54.473       24.873     0.127    4.00        0.150
  C      -42.169       56.167       26.564     0.179    4.00        0.150
  C      -40.865       56.278       25.796     0.037    4.00        0.150
  C      -41.146       55.581       24.440     0.022    4.00        0.150
  C      -42.818       57.537       26.725     0.241    4.00        0.150
 OA      -42.086       58.411       27.231    -0.271    3.20        0.200
  N      -44.116       57.743       26.535    -0.346    3.50        0.160
 HD      -44.663       56.966       26.233     0.163    2.00        0.000
  C      -44.827       58.970       26.897     0.185    4.00        0.150
  C      -45.611       59.425       25.615     0.137    4.00        0.150
  C      -47.059       58.872       25.421     0.217    4.00        0.150
 OA      -47.538       57.943       26.036    -0.274    3.20        0.200
  N      -47.767       59.513       24.426    -0.370    3.50        0.160
 HD      -47.275       60.137       23.818     0.159    2.00        0.000
 HD      -48.672       59.138       24.226     0.159    2.00        0.000
  C      -45.625       58.777       28.128     0.241    4.00        0.150
 OA      -46.130       59.787       28.659    -0.271    3.20        0.200
  N      -45.806       57.575       28.683    -0.351    3.50        0.160
 HD      -45.278       56.844       28.259     0.163    2.00        0.000
  C      -46.406       57.372       29.994     0.225    4.00        0.150
  C      -47.983       57.388       30.001     0.236    4.00        0.150
 OA      -48.598       57.345       31.064    -0.272    3.20        0.200
  N      -48.618       57.319       28.848    -0.346    3.50        0.160
 HD      -47.967       57.387       28.096     0.163    2.00        0.000
  C      -50.051       57.310       28.590     0.185    4.00        0.150
  C      -50.542       58.574       27.889     0.137    4.00        0.150
  C      -49.942       59.796       28.583     0.217    4.00        0.150
 OA      -49.924       59.985       29.791    -0.274    3.20        0.200
  N      -49.373       60.715       27.733    -0.370    3.50        0.160
 HD      -48.966       61.506       28.189     0.159    2.00        0.000
 HD      -49.314       60.569       26.745     0.159    2.00        0.000
  C      -50.456       56.150       27.780     0.241    4.00        0.150
 OA      -51.496       55.552       28.071    -0.271    3.20        0.200
  N      -49.740       55.845       26.773    -0.346    3.50        0.160
 HD      -48.939       56.415       26.605     0.163    2.00        0.000
  C      -49.804       54.693       25.852     0.172    4.00        0.150
  C      -49.642       55.216       24.422     0.042    4.00        0.150
  C      -49.092       53.448       26.379     0.240    4.00        0.150
 OA      -48.201       53.577       27.196    -0.271    3.20        0.200
  N      -49.539       52.257       26.013    -0.346    3.50        0.160
 HD      -50.286       52.171       25.357     0.163    2.00        0.000
  C      -49.024       51.032       26.513     0.180    4.00        0.150
  C      -49.486       50.575       27.878     0.073    4.00        0.150
  A      -50.967       50.449       28.138    -0.056    4.00        0.150
  A      -51.690       51.581       28.539     0.007    4.00        0.150
  A      -53.048       51.340       28.928     0.001    4.00        0.150
  A      -53.643       50.081       28.772     0.000    4.00        0.150
  A      -51.652       49.219       27.887     0.007    4.00        0.150
  A      -52.943       49.002       28.273     0.001    4.00        0.150
  C      -49.450       49.940       25.524     0.241    4.00        0.150
 OA      -50.526       49.958       24.978    -0.271    3.20        0.200
  N      -48.629       48.912       25.233    -0.346    3.50        0.160
 HD      -47.770       48.823       25.730     0.163    2.00        0.000
  C      -49.004       47.862       24.447     0.172    4.00        0.150
  C      -48.000       47.670       23.291     0.042    4.00        0.150
  C      -49.102       46.516       25.237     0.240    4.00        0.150
 OA      -48.466       46.329       26.261    -0.271    3.20        0.200
  N      -49.973       45.613       24.692    -0.344    3.50        0.160
 HD      -50.385       45.875       23.823     0.163    2.00        0.000
  C      -50.354       44.302       25.235     0.205    4.00        0.150
  C      -51.820       44.263       25.619     0.146    4.00        0.150
 OA      -52.597       44.793       24.556    -0.393    3.20        0.200
 HD      -53.470       44.481       24.800     0.210    2.00        0.000
  C      -52.124       45.167       26.829     0.042    4.00        0.150
  C      -50.042       43.338       24.093     0.243    4.00        0.150
 OA      -50.213       43.589       22.901    -0.271    3.20        0.200
  N      -49.678       42.144       24.632    -0.350    3.50        0.160
 HD      -49.430       41.956       25.579     0.163    2.00        0.000
  C      -49.600       41.005       23.752     0.225    4.00        0.150
  C      -50.304       39.843       24.422     0.236    4.00        0.150
 OA      -50.420       39.781       25.650    -0.272    3.20        0.200
  N      -50.906       38.939       23.570    -0.344    3.50        0.160
 HD      -50.765       38.981       22.585     0.163    2.00        0.000
  C      -51.904       37.977       24.142     0.200    4.00        0.150
  C      -53.271       38.696       24.363     0.199    4.00        0.150
 OA      -53.612       39.440       23.189    -0.398    3.20        0.200
 HD      -53.735       38.857       22.436     0.209    2.00        0.000
  C      -51.997       36.756       23.231     0.243    4.00        0.150
 OA      -51.527       36.804       22.101    -0.271    3.20        0.200
  N      -52.541       35.624       23.749    -0.345    3.50        0.160
 HD      -52.715       35.542       24.726     0.163    2.00        0.000
  C      -52.714       34.293       23.142     0.186    4.00        0.150
  C      -52.949       33.247       24.291     0.147    4.00        0.150
  C      -51.587       32.662       24.779     0.175    4.00        0.150
 OA      -50.513       32.915       24.172    -0.648    3.20        0.200
 OA      -51.724       31.802       25.703    -0.648    3.20        0.200
  C      -53.763       34.182       22.060     0.241    4.00        0.150
 OA      -54.212       33.098       21.678    -0.271    3.20        0.200
  N      -54.309       35.303       21.564    -0.345    3.50        0.160
 HD      -54.266       36.198       21.998     0.163    2.00        0.000
  C      -55.252       35.326       20.484     0.186    4.00        0.150
  C      -56.342       36.323       20.813     0.147    4.00        0.150
  C      -55.900       37.767       21.163     0.175    4.00        0.150
 OA      -54.693       38.053       21.122    -0.648    3.20        0.200
 OA      -56.821       38.574       21.381    -0.648    3.20        0.200
  C      -54.546       35.766       19.185     0.241    4.00        0.150
 OA      -55.172       35.696       18.130    -0.271    3.20        0.200
  N      -53.254       36.182       19.251    -0.346    3.50        0.160
 HD      -52.911       36.456       20.146     0.163    2.00        0.000
  C      -52.472       36.508       18.081     0.172    4.00        0.150
  C      -52.515       35.451       16.923     0.042    4.00        0.150
  C      -52.600       37.946       17.511     0.240    4.00        0.150
 OA      -51.994       38.207       16.434    -0.271    3.20        0.200
  N      -53.285       38.904       18.170    -0.344    3.50        0.160
 HD      -53.878       38.694       18.943     0.163    2.00        0.000
  C      -53.341       40.283       17.727     0.205    4.00        0.150
  C      -54.755       40.809       17.510     0.146    4.00        0.150
 OA      -55.316       40.273       16.357    -0.393    3.20        0.200
 HD      -55.329       39.337       16.568     0.210    2.00        0.000
  C      -54.715       42.312       17.374     0.042    4.00        0.150
  C      -52.677       41.026       18.803     0.243    4.00        0.150
 OA      -52.995       40.874       20.002    -0.271    3.20        0.200
  N      -51.648       41.798       18.521    -0.345    3.50        0.160
 HD      -51.266       41.872       17.603     0.163    2.00        0.000
  C      -51.120       42.694       19.521     0.185    4.00        0.150
  C      -49.552       42.822       19.222     0.105    4.00        0.150
 SA      -48.461       43.934       20.242    -0.180    4.00        0.200
 HD      -48.841       43.700       21.489     0.101    2.00        0.000
  C      -51.939       43.960       19.527     0.241    4.00        0.150
 OA      -52.469       44.350       18.479    -0.271    3.20        0.200
  N      -52.099       44.591       20.661    -0.346    3.50        0.160
 HD      -51.674       44.186       21.467     0.163    2.00        0.000
  C      -52.879       45.832       20.761     0.176    4.00        0.150
  C      -54.188       45.849       21.624     0.036    4.00        0.150
  C      -55.132       44.788       21.018     0.023    4.00        0.150
  C      -56.382       44.520       21.794     0.138    4.00        0.150
  N      -57.041       43.278       21.233    -0.227    3.50        0.160
 HD      -56.572       42.396       21.257     0.177    2.00        0.000
  C      -58.075       43.326       20.506     0.665    4.00        0.150
  N      -58.923       44.304       20.478    -0.235    3.50        0.160
 HD      -58.948       44.963       21.230     0.174    2.00        0.000
 HD      -59.448       44.460       19.642     0.174    2.00        0.000
  N      -58.217       42.522       19.502    -0.235    3.50        0.160
 HD      -59.075       42.649       19.006     0.174    2.00        0.000
 HD      -57.667       41.698       19.365     0.174    2.00        0.000
  C      -52.013       47.060       21.229     0.241    4.00        0.150
 OA      -50.961       46.971       21.785    -0.271    3.20        0.200
  N      -52.486       48.243       20.823    -0.346    3.50        0.160
 HD      -53.258       48.448       20.228     0.163    2.00        0.000
  C      -51.931       49.453       21.399     0.177    4.00        0.150
  C      -51.275       50.258       20.257     0.038    4.00        0.150
  C      -50.594       51.603       20.586    -0.020    4.00        0.150
  C      -49.234       51.481       21.308     0.009    4.00        0.150
  C      -50.439       52.406       19.323     0.009    4.00        0.150
  C      -53.049       50.253       21.954     0.241    4.00        0.150
 OA      -53.999       50.487       21.201    -0.271    3.20        0.200
  N      -52.835       50.727       23.241    -0.346    3.50        0.160
 HD      -51.931       50.606       23.645     0.163    2.00        0.000
  C      -53.839       51.351       24.120     0.180    4.00        0.150
  C      -54.146       50.506       25.355     0.073    4.00        0.150
  A      -55.089       49.316       25.182    -0.056    4.00        0.150
  A      -54.597       48.031       24.685     0.007    4.00        0.150
  A      -55.493       46.903       24.771     0.001    4.00        0.150
  A      -56.797       47.050       25.107     0.000    4.00        0.150
  A      -56.409       49.368       25.636     0.007    4.00        0.150
  A      -57.289       48.347       25.461     0.001    4.00        0.150
  C      -53.277       52.653       24.659     0.241    4.00        0.150
 OA      -52.052       52.780       24.694    -0.271    3.20        0.200
  N      -54.166       53.546       25.128    -0.345    3.50        0.160
 HD      -55.149       53.524       24.964     0.163    2.00        0.000
  C      -53.697       54.673       25.878     0.186    4.00        0.150
  C      -53.555       55.892       24.942     0.147    4.00        0.150
  C      -53.429       57.279       25.546     0.175    4.00        0.150
 OA      -53.950       57.575       26.652    -0.648    3.20        0.200
 OA      -52.711       58.064       24.806    -0.648    3.20        0.200
  C      -54.659       54.683       27.096     0.241    4.00        0.150
 OA      -55.834       54.508       26.959    -0.271    3.20        0.200
  N      -54.133       54.907       28.324    -0.346    3.50        0.160
 HD      -53.151       55.058       28.404     0.163    2.00        0.000
  C      -54.948       54.863       29.528     0.177    4.00        0.150
  C      -53.954       54.720       30.727     0.038    4.00        0.150
  C      -53.127       55.984       31.066    -0.020    4.00        0.150
  C      -53.787       56.943       32.106     0.009    4.00        0.150
  C      -51.781       55.522       31.764     0.009    4.00        0.150
  C      -55.836       56.128       29.578     0.241    4.00        0.150
 OA      -56.719       56.295       30.405    -0.271    3.20        0.200
  N      -55.545       57.192       28.760    -0.346    3.50        0.160
 HD      -54.779       57.170       28.122     0.163    2.00        0.000
  C      -56.506       58.262       28.712     0.176    4.00        0.150
  C      -55.825       59.531       28.384     0.036    4.00        0.150
  C      -54.494       59.959       29.063     0.023    4.00        0.150
  C      -53.831       61.161       28.337     0.138    4.00        0.150
  N      -53.181       60.600       27.130    -0.227    3.50        0.160
 HD      -53.188       59.612       26.975     0.177    2.00        0.000
  C      -52.754       61.425       26.172     0.665    4.00        0.150
  N      -52.608       62.709       26.280    -0.235    3.50        0.160
 HD      -52.564       63.155       27.174     0.174    2.00        0.000
 HD      -52.250       63.237       25.509     0.174    2.00        0.000
  N      -52.366       60.839       25.030    -0.235    3.50        0.160
 HD      -52.392       59.848       24.899     0.174    2.00        0.000
 HD      -51.796       61.378       24.410     0.174    2.00        0.000
  C      -57.640       58.162       27.691     0.241    4.00        0.150
 OA      -58.816       58.582       27.771    -0.271    3.20        0.200
  N      -57.331       57.317       26.663    -0.346    3.50        0.160
 HD      -56.450       56.857       26.601     0.163    2.00        0.000
  C      -58.242       56.978       25.603     0.172    4.00        0.150
  C      -57.354       56.600       24.381     0.042    4.00        0.150
  C      -59.160       55.945       26.052     0.240    4.00        0.150
 OA      -60.287       55.847       25.515    -0.271    3.20        0.200
  N      -58.745       55.161       27.038    -0.346    3.50        0.160
 HD      -57.870       55.424       27.438     0.163    2.00        0.000
  C      -59.472       54.149       27.766     0.186    4.00        0.150
  C      -60.637       54.884       28.515     0.147    4.00        0.150
  C      -61.661       54.063       29.383     0.175    4.00        0.150
 OA      -61.220       53.388       30.354    -0.648    3.20        0.200
 OA      -62.869       54.058       29.061    -0.648    3.20        0.200
  C      -59.799       52.956       26.890     0.241    4.00        0.150
 OA      -60.718       52.187       27.156    -0.271    3.20        0.200
  N      -59.066       52.773       25.860    -0.346    3.50        0.160
 HD      -58.353       53.455       25.718     0.163    2.00        0.000
  C      -59.335       51.816       24.748     0.177    4.00        0.150
  C      -60.531       52.266       23.879     0.044    4.00        0.150
  C      -60.209       53.488       23.067     0.105    4.00        0.150
  C      -61.546       54.093       22.534     0.215    4.00        0.150
 OA      -62.154       53.718       21.554    -0.274    3.20        0.200
  N      -62.130       54.989       23.359    -0.370    3.50        0.160
 HD      -62.978       55.312       22.937     0.159    2.00        0.000
 HD      -61.713       55.370       24.184     0.159    2.00        0.000
  C      -58.149       51.747       23.869     0.241    4.00        0.150
 OA      -57.177       52.477       23.941    -0.271    3.20        0.200
  N      -58.171       50.649       23.036    -0.346    3.50        0.160
 HD      -58.929       50.002       23.072     0.163    2.00        0.000
  C      -57.190       50.363       22.001     0.177    4.00        0.150
  C      -57.253       48.845       21.766     0.045    4.00        0.150
  C      -56.899       48.330       20.325     0.116    4.00        0.150
  C      -58.032       48.446       19.350     0.172    4.00        0.150
 OA      -57.860       49.026       18.295    -0.648    3.20        0.200
 OA      -59.173       48.062       19.714    -0.648    3.20        0.200
  C      -57.470       51.313       20.825     0.241    4.00        0.150
 OA      -58.611       51.774       20.617    -0.271    3.20        0.200
  N      -56.478       51.738       20.110    -0.346    3.50        0.160
 HD      -55.512       51.534       20.250     0.163    2.00        0.000
  C      -56.638       52.647       18.965     0.177    4.00        0.150
  C      -56.336       54.194       19.331     0.038    4.00        0.150
  C      -55.198       54.415       20.339    -0.020    4.00        0.150
  C      -53.856       53.799       19.836     0.009    4.00        0.150
  C      -55.050       55.843       20.826     0.009    4.00        0.150
  C      -55.812       52.246       17.693     0.241    4.00        0.150
 OA      -55.514       53.033       16.804    -0.271    3.20        0.200
  N      -55.493       50.897       17.665    -0.346    3.50        0.160
 HD      -55.999       50.287       18.270     0.163    2.00        0.000
  C      -54.608       50.295       16.673     0.177    4.00        0.150
  C      -53.188       51.038       16.556     0.045    4.00        0.150
  C      -52.163       50.358       15.635     0.076    4.00        0.150
 SA      -52.702       50.109       13.923    -0.173    4.00        0.200
  C      -51.703       51.562       13.395     0.089    4.00        0.150
  C      -54.334       48.844       16.953     0.241    4.00        0.150
 OA      -53.776       48.478       18.008    -0.271    3.20        0.200
  N      -54.633       47.866       16.037    -0.344    3.50        0.160
 HD      -54.987       48.233       15.180     0.163    2.00        0.000
  C      -54.382       46.447       16.280     0.205    4.00        0.150
  C      -55.703       45.649       15.981     0.146    4.00        0.150
 OA      -56.457       46.100       14.892    -0.393    3.20        0.200
 HD      -56.095       45.720       14.088     0.210    2.00        0.000
  C      -56.576       45.505       17.273     0.042    4.00        0.150
  C      -53.281       46.074       15.277     0.243    4.00        0.150
 OA      -53.361       46.334       14.055    -0.271    3.20        0.200
  N      -52.203       45.487       15.804    -0.346    3.50        0.160
 HD      -52.044       45.291       16.769     0.163    2.00        0.000
  C      -51.196       44.966       14.900     0.180    4.00        0.150
  C      -49.658       45.051       15.395     0.073    4.00        0.150
  A      -49.387       46.551       15.790    -0.056    4.00        0.150
  A      -49.289       46.828       17.153     0.010    4.00        0.150
  A      -49.092       48.118       17.640     0.037    4.00        0.150
  A      -48.993       49.213       16.692     0.065    4.00        0.150
 OA      -48.716       50.467       17.117    -0.361    3.20        0.200
 HD      -48.756       51.021       16.335     0.217    2.00        0.000
  A      -49.340       47.672       14.935     0.010    4.00        0.150
  A      -49.079       48.931       15.340     0.037    4.00        0.150
  C      -51.477       43.443       14.737     0.241    4.00        0.150
 OA      -51.182       42.595       15.545    -0.271    3.20        0.200
  N      -52.116       43.083       13.552    -0.344    3.50        0.160
 HD      -52.230       43.720       12.795     0.163    2.00        0.000
  C      -52.483       41.702       13.120     0.200    4.00        0.150
  C      -54.017       41.452       12.921     0.199    4.00        0.150
 OA      -54.654       42.437       12.054    -0.398    3.20        0.200
 HD      -54.316       42.317       11.163     0.209    2.00        0.000
  C      -51.861       41.446       11.743     0.243    4.00        0.150
 OA      -51.507       42.369       11.008    -0.271    3.20        0.200
  N      -51.686       40.145       11.414    -0.346    3.50        0.160
 HD      -51.810       39.417       12.086     0.163    2.00        0.000
  C      -51.083       39.718       10.183     0.182    4.00        0.150
  C      -49.524       39.547       10.112     0.093    4.00        0.150
  N      -49.336       39.966        7.661    -0.353    3.50        0.160
 HD      -49.870       40.806        7.750     0.166    2.00        0.000
  A      -48.987       39.264        8.738     0.030    4.00        0.150
  A      -48.924       39.272        6.560     0.207    4.00        0.150
 NA      -48.268       38.144        6.920    -0.254    3.50        0.160
  A      -48.321       38.168        8.282     0.143    4.00        0.150
  C      -51.802       38.448        9.878     0.241    4.00        0.150
 OA      -52.034       37.600       10.690    -0.271    3.20        0.200
  N      -51.969       38.274        8.532    -0.345    3.50        0.160
 HD      -51.688       38.964        7.869     0.163    2.00        0.000
  C      -52.596       37.108        7.901     0.186    4.00        0.150
  C      -52.646       37.510        6.381     0.147    4.00        0.150
  C      -53.581       38.618        6.020     0.175    4.00        0.150
 OA      -53.764       38.812        4.803    -0.648    3.20        0.200
 OA      -54.076       39.366        6.875    -0.648    3.20        0.200
  C      -51.813       35.836        8.183     0.241    4.00        0.150
 OA      -52.286       34.794        8.662    -0.271    3.20        0.200
  N      -50.450       35.918        7.993    -0.346    3.50        0.160
 HD      -50.124       36.779        7.612     0.163    2.00        0.000
  C      -49.577       34.706        8.099     0.185    4.00        0.150
  C      -48.540       34.525        6.898     0.137    4.00        0.150
  C      -49.277       34.550        5.565     0.217    4.00        0.150
 OA      -50.147       33.707        5.301    -0.274    3.20        0.200
  N      -48.993       35.591        4.706    -0.370    3.50        0.160
 HD      -49.230       35.499        3.739     0.159    2.00        0.000
 HD      -48.235       36.204        4.928     0.159    2.00        0.000
  C      -48.925       34.688        9.453     0.241    4.00        0.150
 OA      -47.952       34.005        9.714    -0.271    3.20        0.200
  N      -49.377       35.480       10.435    -0.346    3.50        0.160
 HD      -50.180       36.013       10.179     0.163    2.00        0.000
  C      -49.071       35.271       11.853     0.180    4.00        0.150
  C      -48.533       36.477       12.563     0.013    4.00        0.150
  C      -48.438       36.346       14.090     0.012    4.00        0.150
  C      -47.182       36.941       11.911     0.002    4.00        0.150
  C      -46.717       38.300       12.439     0.005    4.00        0.150
  C      -50.211       34.737       12.642     0.241    4.00        0.150
 OA      -51.231       35.433       12.691    -0.271    3.20        0.200
  N      -50.073       33.530       13.153    -0.346    3.50        0.160
 HD      -49.222       33.021       13.064     0.163    2.00        0.000
  C      -51.083       32.625       13.737     0.180    4.00        0.150
  C      -51.065       31.187       13.209     0.013    4.00        0.150
  C      -52.434       30.472       13.542     0.012    4.00        0.150
  C      -50.745       31.172       11.595     0.002    4.00        0.150
  C      -51.871       31.902       10.718     0.005    4.00        0.150
  C      -51.051       32.503       15.306     0.241    4.00        0.150
 OA      -52.080       32.240       15.878    -0.271    3.20        0.200
  N      -49.924       32.832       15.899    -0.345    3.50        0.160
 HD      -49.241       33.300       15.344     0.163    2.00        0.000
  C      -49.467       32.514       17.276     0.185    4.00        0.150
  C      -48.056       31.918       17.307     0.105    4.00        0.150
 SA      -46.896       32.845       16.320    -0.180    4.00        0.200
 HD      -47.467       32.554       15.161     0.101    2.00        0.000
  C      -49.592       33.664       18.225     0.241    4.00        0.150
 OA      -49.528       34.834       17.926    -0.271    3.20        0.200
  N      -49.899       33.395       19.541    -0.351    3.50        0.160
 HD      -50.165       32.476       19.820     0.163    2.00        0.000
  C      -50.027       34.418       20.620     0.225    4.00        0.150
  C      -48.728       35.126       20.933     0.236    4.00        0.150
 OA      -47.628       34.653       20.731    -0.272    3.20        0.200
  N      -48.801       36.358       21.503    -0.346    3.50        0.160
 HD      -49.701       36.777       21.605     0.163    2.00        0.000
  C      -47.594       37.153       21.862     0.180    4.00        0.150
  C      -47.700       38.642       21.577     0.013    4.00        0.150
  C      -46.349       39.305       21.862     0.012    4.00        0.150
  C      -47.999       39.120       20.127     0.002    4.00        0.150
  C      -49.461       38.944       19.663     0.005    4.00        0.150
  C      -47.188       36.915       23.348     0.241    4.00        0.150
 OA      -47.937       37.203       24.263    -0.271    3.20        0.200
  N      -46.036       36.251       23.552    -0.344    3.50        0.160
 HD      -45.461       35.991       22.779     0.163    2.00        0.000
  C      -45.439       35.956       24.891     0.205    4.00        0.150
  C      -44.735       34.669       24.992     0.146    4.00        0.150
 OA      -43.628       34.484       24.113    -0.393    3.20        0.200
 HD      -43.131       35.295       23.980     0.210    2.00        0.000
  C      -45.768       33.522       24.753     0.042    4.00        0.150
  C      -44.846       37.065       25.584     0.243    4.00        0.150
 OA      -44.933       37.174       26.757    -0.271    3.20        0.200
  N      -44.198       38.039       24.821    -0.344    3.50        0.160
 HD      -44.155       37.936       23.831     0.163    2.00        0.000
  C      -43.516       39.187       25.439     0.200    4.00        0.150
  C      -42.095       38.947       26.038     0.199    4.00        0.150
 OA      -41.640       40.099       26.773    -0.398    3.20        0.200
 HD      -42.073       40.005       27.624     0.209    2.00        0.000
  C      -43.513       40.458       24.477     0.243    4.00        0.150
 OA      -43.351       40.254       23.268    -0.271    3.20        0.200
  N      -43.748       41.682       24.971    -0.346    3.50        0.160
 HD      -43.977       41.870       25.923     0.163    2.00        0.000
  C      -43.916       42.888       24.110     0.180    4.00        0.150
  C      -45.402       43.330       23.995     0.009    4.00        0.150
  C      -45.914       43.987       25.338     0.012    4.00        0.150
  C      -45.497       44.400       22.892     0.012    4.00        0.150
  C      -42.928       43.999       24.532     0.241    4.00        0.150
 OA      -42.765       44.377       25.708    -0.271    3.20        0.200
  N      -42.276       44.729       23.553    -0.344    3.50        0.160
 HD      -42.411       44.472       22.600     0.163    2.00        0.000
  C      -41.521       45.888       23.967     0.200    4.00        0.150
  C      -40.049       45.411       24.219     0.199    4.00        0.150
 OA      -39.868       44.629       25.379    -0.398    3.20        0.200
 HD      -40.690       44.210       25.642     0.209    2.00        0.000
  C      -41.517       46.973       22.931     0.243    4.00        0.150
 OA      -41.902       46.676       21.819    -0.271    3.20        0.200
  N      -40.967       48.186       23.203    -0.346    3.50        0.160
 HD      -40.683       48.540       24.091     0.163    2.00        0.000
  C      -40.775       49.149       22.127     0.180    4.00        0.150
  C      -41.576       50.424       22.350     0.073    4.00        0.150
  A      -43.018       50.184       22.533    -0.056    4.00        0.150
  A      -43.955       50.437       21.476     0.007    4.00        0.150
  A      -45.361       50.569       21.746     0.001    4.00        0.150
  A      -45.877       50.319       22.978     0.000    4.00        0.150
  A      -43.616       49.911       23.768     0.007    4.00        0.150
  A      -44.999       49.844       23.968     0.001    4.00        0.150
  C      -39.275       49.423       22.132     0.241    4.00        0.150
 OA      -38.675       49.240       23.165    -0.271    3.20        0.200
  N      -38.747       49.908       20.981    -0.344    3.50        0.160
 HD      -39.364       49.714       20.221     0.163    2.00        0.000
  C      -37.534       50.611       20.808     0.200    4.00        0.150
  C      -37.152       50.895       19.328     0.199    4.00        0.150
 OA      -35.833       51.408       19.094    -0.398    3.20        0.200
 HD      -35.857       52.353       18.932     0.209    2.00        0.000
  C      -37.554       51.999       21.582     0.243    4.00        0.150
 OA      -38.587       52.365       22.083    -0.271    3.20        0.200
  N      -36.474       52.753       21.709    -0.346    3.50        0.160
 HD      -35.628       52.471       21.262     0.163    2.00        0.000
  C      -36.392       54.014       22.477     0.176    4.00        0.150
  C      -34.832       54.246       22.716     0.035    4.00        0.150
  C      -34.385       55.363       23.575     0.004    4.00        0.150
  C      -34.892       55.273       25.006     0.027    4.00        0.150
  C      -34.166       56.343       25.946     0.229    4.00        0.150
  N      -34.589       56.136       27.352    -0.079    3.50        0.160
 HD      -34.245       56.777       28.096     0.274    2.00        0.000
 HD      -34.268       55.211       27.703     0.274    2.00        0.000
 HD      -35.624       56.214       27.298     0.274    2.00        0.000
  C      -37.249       55.142       22.000     0.241    4.00        0.150
 OA      -37.842       55.866       22.815    -0.271    3.20        0.200
  N      -37.401       55.311       20.714    -0.344    3.50        0.160
 HD      -37.051       54.668       20.039     0.163    2.00        0.000
  C      -38.341       56.239       20.097     0.200    4.00        0.150
  C      -38.177       56.356       18.528     0.199    4.00        0.150
 OA      -38.147       55.046       17.874    -0.398    3.20        0.200
 HD      -37.235       54.756       17.950     0.209    2.00        0.000
  C      -39.803       55.918       20.348     0.242    4.00        0.150
 OA      -40.664       56.741       20.078    -0.271    3.20        0.200
  N      -40.041       54.598       20.604    -0.350    3.50        0.160
 HD      -39.200       54.064       20.586     0.163    2.00        0.000
  C      -41.325       53.960       20.650     0.225    4.00        0.150
  C      -41.913       53.645       19.268     0.236    4.00        0.150
 OA      -42.908       52.930       19.176    -0.272    3.20        0.200
  N      -41.238       54.058       18.168    -0.346    3.50        0.160
 HD      -40.465       54.653       18.373     0.163    2.00        0.000
  C      -41.617       53.908       16.788     0.176    4.00        0.150
  C      -40.714       54.736       15.761     0.036    4.00        0.150
  C      -41.053       54.647       14.270     0.023    4.00        0.150
  C      -42.422       55.366       14.111     0.138    4.00        0.150
  N      -42.986       55.026       12.787    -0.227    3.50        0.160
 HD      -43.683       54.313       12.706     0.177    2.00        0.000
  C      -42.853       55.820       11.733     0.665    4.00        0.150
  N      -42.298       56.999       11.733    -0.235    3.50        0.160
 HD      -41.755       57.245       12.537     0.174    2.00        0.000
 HD      -42.114       57.469       10.870     0.174    2.00        0.000
  N      -43.379       55.432       10.616    -0.235    3.50        0.160
 HD      -43.643       54.470       10.679     0.174    2.00        0.000
 HD      -43.314       55.942        9.757     0.174    2.00        0.000
  C      -41.639       52.478       16.289     0.241    4.00        0.150
 OA      -42.377       52.062       15.427    -0.271    3.20        0.200
  N      -40.784       51.650       16.972    -0.346    3.50        0.160
 HD      -40.207       52.141       17.620     0.163    2.00        0.000
  C      -40.669       50.227       16.639     0.177    4.00        0.150
  C      -39.278       49.776       16.198     0.038    4.00        0.150
  C      -38.766       50.517       14.989    -0.020    4.00        0.150
  C      -37.275       50.221       14.578     0.009    4.00        0.150
  C      -39.577       50.271       13.695     0.009    4.00        0.150
  C      -41.158       49.372       17.787     0.241    4.00        0.150
 OA      -40.762       49.672       18.900    -0.271    3.20        0.200
  N      -42.060       48.336       17.597    -0.346    3.50        0.160
 HD      -42.216       48.070       16.650     0.163    2.00        0.000
  C      -42.633       47.580       18.588     0.177    4.00        0.150
  C      -44.251       47.659       18.694     0.038    4.00        0.150
  C      -44.917       46.574       19.574    -0.020    4.00        0.150
  C      -46.232       47.004       20.192     0.009    4.00        0.150
  C      -45.154       45.276       18.783     0.009    4.00        0.150
  C      -42.174       46.222       18.183     0.241    4.00        0.150
 OA      -42.414       45.638       17.118    -0.271    3.20        0.200
  N      -41.419       45.617       19.228    -0.346    3.50        0.160
 HD      -41.410       46.085       20.108     0.163    2.00        0.000
  C      -40.923       44.240       19.119     0.177    4.00        0.150
  C      -39.414       44.097       19.624     0.038    4.00        0.150
  C      -38.390       45.262       19.174    -0.020    4.00        0.150
  C      -38.503       46.549       20.041     0.009    4.00        0.150
  C      -36.954       44.823       19.163     0.009    4.00        0.150
  C      -41.750       43.236       19.775     0.241    4.00        0.150
 OA      -42.102       43.375       20.979    -0.271    3.20        0.200
  N      -42.228       42.195       19.029    -0.346    3.50        0.160
 HD      -41.815       42.014       18.139     0.163    2.00        0.000
  C      -43.238       41.308       19.482     0.172    4.00        0.150
  C      -44.354       41.444       18.394     0.042    4.00        0.150
  C      -42.645       39.970       19.442     0.240    4.00        0.150
 OA      -42.188       39.508       18.358    -0.271    3.20        0.200
  N      -42.548       39.224       20.586    -0.352    3.50        0.160
 HD      -43.076       39.394       21.415     0.162    2.00        0.000
  C      -41.906       37.971       20.763     0.209    4.00        0.150
  C      -42.866       36.831       20.952     0.169    4.00        0.150
 OA      -43.609       36.653       22.006    -0.176    3.20        0.200
  N      -42.939       35.924       20.035    -0.357    3.50        0.160
 HD      -42.272       35.886       19.295     0.162    2.00        0.000
  C      -43.960       34.855       19.958     0.179    4.00        0.150
  C      -44.440       34.575       18.464     0.073    4.00        0.150
  A      -44.977       35.803       17.725    -0.056    4.00        0.150
  A      -44.197       36.841       17.200     0.010    4.00        0.150
  A      -44.782       37.967       16.704     0.037    4.00        0.150
  A      -46.151       38.226       16.677     0.065    4.00        0.150
 OA      -46.593       39.538       16.189    -0.361    3.20        0.200
 HD      -47.536       39.378       16.099     0.217    2.00        0.000
  A      -46.354       36.077       17.798     0.010    4.00        0.150
  A      -46.980       37.264       17.302     0.037    4.00        0.150
  C      -43.758       33.565       20.693     0.241    4.00        0.150
 OA      -42.623       33.200       21.039    -0.271    3.20        0.200
  N      -44.902       32.870       20.781    -0.346    3.50        0.160
 HD      -45.801       33.242       20.567     0.163    2.00        0.000
  C      -44.993       31.505       21.349     0.186    4.00        0.150
  C      -46.557       31.245       21.413     0.147    4.00        0.150
  C      -46.891       30.064       22.298     0.175    4.00        0.150
 OA      -45.926       29.435       22.759    -0.648    3.20        0.200
 OA      -48.095       29.808       22.548    -0.648    3.20        0.200
  C      -44.297       30.483       20.349     0.241    4.00        0.150
 OA      -43.781       29.398       20.700    -0.271    3.20        0.200
  N      -44.277       30.824       19.062    -0.345    3.50        0.160
 HD      -44.695       31.631       18.650     0.163    2.00        0.000
  C      -43.672       29.900       18.158     0.186    4.00        0.150
  C      -44.608       29.548       16.978     0.147    4.00        0.150
  C      -45.673       28.602       17.400     0.175    4.00        0.150
 OA      -45.380       27.619       18.114    -0.648    3.20        0.200
 OA      -46.852       28.742       16.862    -0.648    3.20        0.200
  C      -42.533       30.661       17.562     0.241    4.00        0.150
 OA      -42.744       31.788       17.085    -0.271    3.20        0.200
  N      -41.301       30.094       17.574    -0.346    3.50        0.160
 HD      -41.065       29.189       17.919     0.163    2.00        0.000
  C      -40.201       30.674       16.810     0.180    4.00        0.150
  C      -40.453       30.499       15.245     0.073    4.00        0.150
  A      -40.491       29.037       14.898    -0.056    4.00        0.150
  A      -41.673       28.445       14.658     0.007    4.00        0.150
  A      -41.729       27.138       14.310     0.001    4.00        0.150
  A      -40.556       26.302       14.233     0.000    4.00        0.150
  A      -39.303       28.335       14.778     0.007    4.00        0.150
  A      -39.328       26.980       14.471     0.001    4.00        0.150
  C      -39.708       32.132       16.975     0.241    4.00        0.150
 OA      -38.773       32.295       17.767    -0.271    3.20        0.200
  N      -40.168       33.083       16.186    -0.346    3.50        0.160
 HD      -40.945       32.917       15.584     0.163    2.00        0.000
  C      -39.521       34.305       16.003     0.185    4.00        0.150
  C      -39.677       34.722       14.464     0.137    4.00        0.150
  C      -38.834       33.804       13.624     0.217    4.00        0.150
 OA      -37.728       33.318       13.947    -0.274    3.20        0.200
  N      -39.254       33.607       12.357    -0.370    3.50        0.160
 HD      -38.567       33.214       11.746     0.159    2.00        0.000
 HD      -40.208       33.717       12.079     0.159    2.00        0.000
  C      -39.966       35.405       16.872     0.241    4.00        0.150
 OA      -40.994       35.254       17.575    -0.271    3.20        0.200
  N      -39.184       36.507       16.818    -0.345    3.50        0.160
 HD      -38.334       36.447       16.302     0.163    2.00        0.000
  C      -39.615       37.820       17.241     0.185    4.00        0.150
  C      -38.639       38.366       18.369     0.105    4.00        0.150
 SA      -38.813       40.072       18.815    -0.180    4.00        0.200
 HD      -40.017       40.244       19.341     0.101    2.00        0.000
  C      -39.809       38.731       15.953     0.241    4.00        0.150
 OA      -39.159       38.507       14.990    -0.271    3.20        0.200
  N      -40.672       39.696       16.013    -0.346    3.50        0.160
 HD      -41.256       39.905       16.794     0.163    2.00        0.000
  C      -41.041       40.469       14.866     0.185    4.00        0.150
  C      -42.551       40.127       14.374     0.137    4.00        0.150
  C      -42.883       38.790       13.690     0.217    4.00        0.150
 OA      -43.678       38.685       12.779    -0.274    3.20        0.200
  N      -42.245       37.729       14.176    -0.370    3.50        0.160
 HD      -42.349       36.926       13.590     0.159    2.00        0.000
 HD      -41.696       37.726       15.013     0.159    2.00        0.000
  C      -40.999       41.886       15.294     0.241    4.00        0.150
 OA      -41.423       42.191       16.377    -0.271    3.20        0.200
  N      -40.547       42.751       14.426    -0.346    3.50        0.160
 HD      -40.321       42.366       13.535     0.163    2.00        0.000
  C      -40.314       44.156       14.656     0.180    4.00        0.150
  C      -38.841       44.629       14.366     0.009    4.00        0.150
  C      -38.734       46.025       15.038     0.012    4.00        0.150
  C      -37.727       43.670       14.923     0.012    4.00        0.150
  C      -41.393       44.920       13.823     0.241    4.00        0.150
 OA      -41.449       44.874       12.594    -0.271    3.20        0.200
  N      -42.357       45.607       14.466    -0.346    3.50        0.160
 HD      -42.437       45.629       15.460     0.163    2.00        0.000
  C      -43.371       46.377       13.802     0.181    4.00        0.150
  C      -44.681       46.115       14.589     0.075    4.00        0.150
  A      -45.080       44.723       14.558    -0.028    4.00        0.150
  A      -44.696       43.669       15.275     0.096    4.00        0.150
  N      -45.582       42.612       14.896    -0.365    3.50        0.160
 HD      -45.806       41.809       15.405     0.165    2.00        0.000
  A      -46.378       42.961       13.878     0.042    4.00        0.150
  A      -46.131       44.300       13.651    -0.002    4.00        0.150
  A      -46.812       44.939       12.647     0.014    4.00        0.150
  A      -47.718       44.216       11.838     0.001    4.00        0.150
  A      -47.233       42.218       13.100     0.030    4.00        0.150
  A      -47.886       42.909       12.023     0.002    4.00        0.150
  C      -43.043       47.869       13.885     0.241    4.00        0.150
 OA      -42.456       48.250       14.898    -0.271    3.20        0.200
  N      -43.382       48.642       12.795    -0.345    3.50        0.160
 HD      -43.710       48.279       11.926     0.163    2.00        0.000
  C      -43.540       50.076       12.942     0.186    4.00        0.150
  C      -43.258       50.789       11.588     0.147    4.00        0.150
  C      -43.932       52.146       11.250     0.175    4.00        0.150
 OA      -44.636       52.765       12.106    -0.648    3.20        0.200
 OA      -43.698       52.614       10.107    -0.648    3.20        0.200
  C      -44.910       50.374       13.465     0.241    4.00        0.150
 OA      -45.942       50.094       12.800    -0.271    3.20        0.200
  N      -44.979       51.023       14.654    -0.346    3.50        0.160
 HD      -44.216       51.426       15.155     0.163    2.00        0.000
  C      -46.181       51.336       15.426     0.172    4.00        0.150
  C      -45.815       52.175       16.690     0.042    4.00        0.150
  C      -47.266       52.242       14.818     0.240    4.00        0.150
 OA      -48.461       52.159       15.165    -0.271    3.20        0.200
  N      -46.833       53.103       13.843    -0.346    3.50        0.160
 HD      -45.871       53.127       13.581     0.163    2.00        0.000
  C      -47.666       54.149       13.283     0.177    4.00        0.150
  C      -46.834       55.492       13.116     0.038    4.00        0.150
  C      -46.033       55.928       14.330    -0.020    4.00        0.150
  C      -45.604       57.356       14.197     0.009    4.00        0.150
  C      -46.740       55.763       15.650     0.009    4.00        0.150
  C      -48.283       53.780       11.980     0.241    4.00        0.150
 OA      -49.437       54.018       11.738    -0.271    3.20        0.200
  N      -47.457       53.148       11.194    -0.346    3.50        0.160
 HD      -46.518       52.960       11.470     0.163    2.00        0.000
  C      -47.996       52.641        9.945     0.176    4.00        0.150
  C      -46.928       52.597        8.893     0.035    4.00        0.150
  C      -46.164       53.904        8.608     0.004    4.00        0.150
  C      -47.043       55.144        8.202     0.027    4.00        0.150
  C      -47.895       54.895        6.944     0.229    4.00        0.150
  N      -48.568       56.157        6.458    -0.079    3.50        0.160
 HD      -49.053       56.598        7.266     0.274    2.00        0.000
 HD      -49.240       55.926        5.697     0.274    2.00        0.000
 HD      -47.777       56.717        6.080     0.274    2.00        0.000
  C      -48.698       51.313       10.037     0.241    4.00        0.150
 OA      -49.557       50.978        9.233    -0.271    3.20        0.200
  N      -48.217       50.479       10.937    -0.346    3.50        0.160
 HD      -47.577       50.820       11.622     0.163    2.00        0.000
  C      -48.604       49.090       11.202     0.172    4.00        0.150
  C      -50.100       48.853       11.312     0.042    4.00        0.150
  C      -48.002       48.030       10.253     0.240    4.00        0.150
 OA      -48.634       46.993       10.002    -0.271    3.20        0.200
  N      -46.783       48.200        9.732    -0.346    3.50        0.160
 HD      -46.185       48.940       10.029     0.163    2.00        0.000
  C      -46.131       47.177        8.926     0.186    4.00        0.150
  C      -45.631       47.804        7.565     0.147    4.00        0.150
  C      -46.642       47.800        6.458     0.175    4.00        0.150
 OA      -46.555       48.668        5.515    -0.648    3.20        0.200
 OA      -47.496       46.895        6.399    -0.648    3.20        0.200
  C      -44.998       46.638        9.708     0.241    4.00        0.150
 OA      -44.436       47.323       10.556    -0.271    3.20        0.200
  N      -44.673       45.349        9.488    -0.346    3.50        0.160
 HD      -45.189       44.775        8.858     0.163    2.00        0.000
  C      -43.359       44.810        9.899     0.176    4.00        0.150
  C      -43.240       43.302       10.058     0.036    4.00        0.150
  C      -44.198       42.866       11.196     0.023    4.00        0.150
  C      -44.457       41.318       11.305     0.138    4.00        0.150
  N      -45.048       40.852       10.013    -0.227    3.50        0.160
 HD      -45.664       41.447        9.496     0.177    2.00        0.000
  C      -44.908       39.599        9.555     0.665    4.00        0.150
  N      -44.077       38.723       10.113    -0.235    3.50        0.160
 HD      -43.663       38.911       11.003     0.174    2.00        0.000
 HD      -44.095       37.764        9.831     0.174    2.00        0.000
  N      -45.485       39.222        8.476    -0.235    3.50        0.160
 HD      -45.907       39.850        7.821     0.174    2.00        0.000
 HD      -45.414       38.256        8.230     0.174    2.00        0.000
  C      -42.107       45.367        9.184     0.241    4.00        0.150
 OA      -42.158       45.759        8.023    -0.271    3.20        0.200
  N      -41.014       45.604        9.936    -0.346    3.50        0.160
 HD      -41.073       45.295       10.882     0.163    2.00        0.000
  C      -39.733       46.076        9.356     0.172    4.00        0.150
  C      -39.421       47.437        9.976     0.042    4.00        0.150
  C      -38.633       44.999        9.524     0.240    4.00        0.150
 OA      -37.502       45.186        9.152    -0.271    3.20        0.200
  N      -38.991       43.837       10.144    -0.351    3.50        0.160
 HD      -39.939       43.805       10.455     0.163    2.00        0.000
  C      -38.052       42.783       10.282     0.225    4.00        0.150
  C      -38.553       41.638       11.141     0.236    4.00        0.150
 OA      -39.447       41.802       11.962    -0.272    3.20        0.200
  N      -38.033       40.449       10.907    -0.346    3.50        0.160
 HD      -37.262       40.363       10.283     0.163    2.00        0.000
  C      -38.385       39.282       11.715     0.180    4.00        0.150
  C      -39.294       38.252       10.976     0.009    4.00        0.150
  C      -39.515       37.076       11.825     0.012    4.00        0.150
  C      -40.616       38.927       10.628     0.012    4.00        0.150
  C      -37.116       38.693       12.187     0.241    4.00        0.150
 OA      -36.215       38.506       11.460    -0.271    3.20        0.200
  N      -37.030       38.523       13.484    -0.346    3.50        0.160
 HD      -37.855       38.661       14.028     0.163    2.00        0.000
  C      -35.894       38.109       14.249     0.177    4.00        0.150
  C      -35.659       39.113       15.436     0.038    4.00        0.150
  C      -35.797       40.643       15.189    -0.020    4.00        0.150
  C      -35.665       41.350       16.516     0.009    4.00        0.150
  C      -34.672       41.163       14.281     0.009    4.00        0.150
  C      -35.919       36.691       14.775     0.241    4.00        0.150
 OA      -36.874       36.239       15.462    -0.271    3.20        0.200
  N      -34.876       35.920       14.278    -0.346    3.50        0.160
 HD      -34.106       36.291       13.766     0.163    2.00        0.000
  C      -34.902       34.479       14.033     0.172    4.00        0.150
  C      -35.066       34.177       12.584     0.042    4.00        0.150
  C      -33.702       33.790       14.560     0.240    4.00        0.150
 OA      -32.708       34.442       14.818    -0.271    3.20        0.200
  N      -33.734       32.468       14.870    -0.351    3.50        0.160
 HD      -34.563       32.003       14.569     0.163    2.00        0.000
  C      -32.664       31.772       15.586     0.225    4.00        0.150
  C      -33.072       31.355       16.949     0.236    4.00        0.150
 OA      -32.258       30.962       17.780    -0.272    3.20        0.200
  N      -34.387       31.262       17.070    -0.346    3.50        0.160
 HD      -35.005       31.506       16.327     0.163    2.00        0.000
  C      -35.163       30.750       18.199     0.182    4.00        0.150
  C      -35.899       31.953       18.859     0.093    4.00        0.150
  N      -33.870       32.472       20.272    -0.353    3.50        0.160
 HD      -33.397       31.591       20.287     0.166    2.00        0.000
  A      -34.958       32.874       19.561     0.030    4.00        0.150
  A      -33.364       33.565       20.895     0.207    4.00        0.150
 NA      -34.055       34.644       20.680    -0.254    3.50        0.160
  A      -34.957       34.230       19.765     0.143    4.00        0.150
  C      -36.190       29.819       17.795     0.241    4.00        0.150
 OA      -36.889       30.135       16.789    -0.271    3.20        0.200
  N      -36.377       28.627       18.388    -0.345    3.50        0.160
 HD      -35.749       28.411       19.130     0.163    2.00        0.000
  C      -37.243       27.567       17.876     0.186    4.00        0.150
  C      -36.622       26.094       18.130     0.147    4.00        0.150
  C      -35.345       25.899       17.336     0.175    4.00        0.150
 OA      -34.821       24.749       17.179    -0.648    3.20        0.200
 OA      -34.846       26.832       16.662    -0.648    3.20        0.200
  C      -38.631       27.672       18.612     0.241    4.00        0.150
 OA      -39.725       27.819       18.058    -0.271    3.20        0.200
  N      -38.622       27.671       19.961    -0.346    3.50        0.160
 HD      -37.722       27.730       20.386     0.163    2.00        0.000
  C      -39.724       27.298       20.801     0.185    4.00        0.150
  C      -39.330       25.933       21.571     0.137    4.00        0.150
  C      -39.319       24.770       20.599     0.217    4.00        0.150
 OA      -39.660       24.880       19.426    -0.274    3.20        0.200
  N      -39.021       23.582       21.172    -0.370    3.50        0.160
 HD      -38.911       23.523       22.164     0.159    2.00        0.000
 HD      -38.683       22.986       20.445     0.159    2.00        0.000
  C      -39.920       28.428       21.838     0.241    4.00        0.150
 OA      -39.208       28.538       22.829    -0.271    3.20        0.200
  N      -40.937       29.305       21.555    -0.346    3.50        0.160
 HD      -41.589       29.108       20.827     0.163    2.00        0.000
  C      -41.299       30.540       22.343     0.176    4.00        0.150
  C      -42.189       30.046       23.592     0.036    4.00        0.150
  C      -42.746       31.086       24.524     0.023    4.00        0.150
  C      -43.635       30.672       25.694     0.138    4.00        0.150
  N      -44.812       29.857       25.210    -0.227    3.50        0.160
 HD      -45.056       29.886       24.241     0.177    2.00        0.000
  C      -45.697       29.237       26.002     0.665    4.00        0.150
  N      -45.671       29.329       27.294    -0.235    3.50        0.160
 HD      -46.365       28.797       27.778     0.174    2.00        0.000
 HD      -45.025       29.946       27.744     0.174    2.00        0.000
  N      -46.689       28.637       25.469    -0.235    3.50        0.160
 HD      -46.980       28.938       24.561     0.174    2.00        0.000
 HD      -47.414       28.325       26.084     0.174    2.00        0.000
  C      -40.236       31.595       22.684     0.241    4.00        0.150
 OA      -39.115       31.220       23.155    -0.271    3.20        0.200
  N      -40.546       32.858       22.545    -0.346    3.50        0.160
 HD      -41.452       33.121       22.222     0.163    2.00        0.000
  C      -39.765       34.031       22.946     0.180    4.00        0.150
  C      -39.662       35.023       21.767     0.009    4.00        0.150
  C      -38.662       36.202       22.108     0.012    4.00        0.150
  C      -39.185       34.385       20.423     0.012    4.00        0.150
  C      -40.290       34.687       24.151     0.241    4.00        0.150
 OA      -40.784       35.813       24.076    -0.271    3.20        0.200
  N      -40.122       34.098       25.348    -0.344    3.50        0.160
 HD      -39.759       33.169       25.332     0.163    2.00        0.000
  C      -40.660       34.679       26.584     0.200    4.00        0.150
  C      -41.154       33.643       27.655     0.199    4.00        0.150
 OA      -40.154       32.829       28.166    -0.398    3.20        0.200
 HD      -39.799       32.315       27.438     0.209    2.00        0.000
  C      -39.605       35.437       27.286     0.243    4.00        0.150
 OA      -39.779       35.956       28.402    -0.271    3.20        0.200
  N      -38.414       35.616       26.626    -0.345    3.50        0.160
 HD      -38.162       35.238       25.738     0.163    2.00        0.000
  C      -37.408       36.435       27.194     0.185    4.00        0.150
  C      -36.089       35.660       27.451     0.105    4.00        0.150
 SA      -36.186       34.612       29.017    -0.180    4.00        0.200
 HD      -37.349       34.173       28.556     0.101    2.00        0.000
  C      -37.060       37.569       26.210     0.241    4.00        0.150
 OA      -36.499       37.349       25.174    -0.271    3.20        0.200
  N      -37.347       38.838       26.574    -0.346    3.50        0.160
 HD      -37.672       39.116       27.475     0.163    2.00        0.000
  C      -37.037       39.935       25.693     0.177    4.00        0.150
  C      -38.227       40.192       24.739     0.038    4.00        0.150
  C      -38.292       41.525       23.931    -0.020    4.00        0.150
  C      -37.085       41.802       22.980     0.009    4.00        0.150
  C      -39.579       41.623       23.099     0.009    4.00        0.150
  C      -36.739       41.132       26.456     0.240    4.00        0.150
 OA      -37.265       41.278       27.587    -0.271    3.20        0.200
  N      -35.934       42.079       25.904    -0.351    3.50        0.160
 HD      -35.445       41.859       25.063     0.163    2.00        0.000
  C      -35.579       43.309       26.665     0.225    4.00        0.150
  C      -34.751       44.298       25.963     0.236    4.00        0.150
 OA      -33.842       43.941       25.233    -0.272    3.20        0.200
  N      -34.992       45.611       26.089    -0.346    3.50        0.160
 HD      -35.726       45.922       26.688     0.163    2.00        0.000
  C      -34.289       46.713       25.351     0.180    4.00        0.150
  C      -35.248       47.612       24.530     0.009    4.00        0.150
  C      -34.510       48.652       23.792     0.012    4.00        0.150
  C      -36.040       46.700       23.534     0.012    4.00        0.150
  C      -33.675       47.583       26.357     0.241    4.00        0.150
 OA      -34.252       47.883       27.425    -0.271    3.20        0.200
  N      -32.393       47.947       26.162    -0.344    3.50        0.160
 HD      -31.946       47.715       25.301     0.163    2.00        0.000
  C      -31.676       48.698       27.137     0.205    4.00        0.150
  C      -30.218       48.755       26.863     0.146    4.00        0.150
 OA      -30.047       49.315       25.541    -0.393    3.20        0.200
 HD      -29.481       50.086       25.637     0.210    2.00        0.000
  C      -29.594       47.393       26.976     0.042    4.00        0.150
  C      -32.240       50.099       27.395     0.243    4.00        0.150
 OA      -33.080       50.547       26.620    -0.271    3.20        0.200
  N      -31.891       50.807       28.461    -0.345    3.50        0.160
 HD      -31.351       50.355       29.166     0.163    2.00        0.000
  C      -32.393       52.127       28.893     0.186    4.00        0.150
  C      -31.904       52.521       30.285     0.147    4.00        0.150
  C      -32.532       51.698       31.414     0.175    4.00        0.150
 OA      -33.291       50.733       31.051    -0.648    3.20        0.200
 OA      -32.236       51.993       32.580    -0.648    3.20        0.200
  C      -31.959       53.177       27.820     0.241    4.00        0.150
 OA      -32.633       54.190       27.533    -0.271    3.20        0.200
  N      -30.764       52.964       27.077    -0.345    3.50        0.160
 HD      -30.110       52.276       27.382     0.163    2.00        0.000
  C      -30.379       53.880       25.980     0.186    4.00        0.150
  C      -28.822       53.992       26.197     0.147    4.00        0.150
  C      -28.079       52.638       26.064     0.175    4.00        0.150
 OA      -28.634       51.531       25.881    -0.648    3.20        0.200
 OA      -26.832       52.758       26.303    -0.648    3.20        0.200
  C      -30.853       53.326       24.579     0.241    4.00        0.150
 OA      -30.839       54.032       23.548    -0.271    3.20        0.200
  N      -31.336       52.098       24.596    -0.351    3.50        0.160
 HD      -31.405       51.564       25.435     0.163    2.00        0.000
  C      -31.714       51.418       23.375     0.225    4.00        0.150
  C      -30.548       50.790       22.623     0.236    4.00        0.150
 OA      -30.766       50.268       21.523    -0.272    3.20        0.200
  N      -29.269       50.797       23.102    -0.346    3.50        0.160
 HD      -29.012       51.103       24.015     0.163    2.00        0.000
  C      -28.130       50.277       22.294     0.177    4.00        0.150
  C      -26.738       50.734       22.773     0.045    4.00        0.150
  C      -26.549       52.247       22.579     0.076    4.00        0.150
 SA      -25.863       52.760       20.963    -0.173    4.00        0.200
  C      -25.412       54.313       21.660     0.089    4.00        0.150
  C      -28.173       48.785       22.139     0.241    4.00        0.150
 OA      -27.771       48.280       21.106    -0.271    3.20        0.200
  N      -28.741       48.046       23.108    -0.346    3.50        0.160
 HD      -29.140       48.457       23.924     0.163    2.00        0.000
  C      -28.957       46.587       22.845     0.172    4.00        0.150
  C      -27.988       45.685       23.782     0.042    4.00        0.150
  C      -30.449       46.132       23.054     0.240    4.00        0.150
 OA      -31.174       46.473       23.998    -0.271    3.20        0.200
  N      -30.953       45.378       21.996    -0.346    3.50        0.160
 HD      -30.414       45.352       21.159     0.163    2.00        0.000
  C      -32.043       44.452       22.157     0.180    4.00        0.150
  C      -32.859       44.313       20.828     0.009    4.00        0.150
  C      -34.063       43.429       21.064     0.012    4.00        0.150
  C      -33.371       45.705       20.362     0.012    4.00        0.150
  C      -31.460       43.060       22.526     0.241    4.00        0.150
 OA      -30.381       42.588       22.110    -0.271    3.20        0.200
  N      -32.053       42.306       23.431    -0.346    3.50        0.160
 HD      -32.821       42.669       23.953     0.163    2.00        0.000
  C      -31.785       40.930       23.775     0.172    4.00        0.150
  C      -31.157       40.730       25.170     0.042    4.00        0.150
  C      -32.981       40.106       23.646     0.240    4.00        0.150
 OA      -34.131       40.537       23.913    -0.271    3.20        0.200
  N      -32.886       38.906       23.112    -0.344    3.50        0.160
 HD      -32.008       38.547       22.806     0.163    2.00        0.000
  C      -33.957       37.961       22.898     0.205    4.00        0.150
  C      -34.467       37.866       21.477     0.146    4.00        0.150
 OA      -33.577       37.329       20.583    -0.393    3.20        0.200
 HD      -33.701       36.379       20.651     0.210    2.00        0.000
  C      -34.948       39.231       21.011     0.042    4.00        0.150
  C      -33.431       36.626       23.342     0.243    4.00        0.150
 OA      -32.244       36.265       23.146    -0.271    3.20        0.200
  N      -34.274       35.862       24.073    -0.350    3.50        0.160
 HD      -35.199       36.172       24.279     0.163    2.00        0.000
  C      -33.897       34.556       24.470     0.225    4.00        0.150
  C      -35.164       33.649       24.285     0.236    4.00        0.150
 OA      -36.291       34.021       24.122    -0.272    3.20        0.200
  N      -34.927       32.335       24.448    -0.344    3.50        0.160
 HD      -34.011       32.067       24.738     0.163    2.00        0.000
  C      -35.875       31.237       24.188     0.200    4.00        0.150
  C      -35.886       31.107       22.645     0.199    4.00        0.150
 OA      -36.915       30.280       22.119    -0.398    3.20        0.200
 HD      -37.760       30.622       22.420     0.209    2.00        0.000
  C      -35.468       29.955       24.945     0.243    4.00        0.150
 OA      -34.444       30.000       25.677    -0.271    3.20        0.200
  N      -36.242       28.821       24.853    -0.346    3.50        0.160
 HD      -37.090       28.772       24.329     0.163    2.00        0.000
  C      -35.942       27.632       25.705     0.181    4.00        0.150
  C      -37.201       26.734       26.047     0.075    4.00        0.150
  A      -38.223       27.456       26.898    -0.028    4.00        0.150
  A      -38.101       28.351       27.948     0.096    4.00        0.150
  N      -39.374       28.636       28.400    -0.365    3.50        0.160
 HD      -39.648       29.037       29.246     0.165    2.00        0.000
  A      -40.278       27.976       27.648     0.042    4.00        0.150
  A      -39.595       27.161       26.753    -0.002    4.00        0.150
  A      -40.326       26.306       25.900     0.014    4.00        0.150
  A      -41.729       26.347       25.971     0.001    4.00        0.150
  A      -41.609       28.013       27.695     0.030    4.00        0.150
  A      -42.382       27.080       26.921     0.002    4.00        0.150
  C      -34.808       26.765       25.174     0.241    4.00        0.150
 OA      -34.419       25.764       25.731    -0.271    3.20        0.200
  N      -34.217       27.144       24.038    -0.345    3.50        0.160
 HD      -34.514       27.952       23.535     0.163    2.00        0.000
  C      -32.972       26.661       23.604     0.186    4.00        0.150
  C      -32.679       27.381       22.269     0.147    4.00        0.150
  C      -33.626       27.071       21.173     0.175    4.00        0.150
 OA      -33.850       25.854       20.891    -0.648    3.20        0.200
 OA      -34.097       28.056       20.433    -0.648    3.20        0.200
  C      -31.864       27.097       24.580     0.241    4.00        0.150
 OA      -30.875       26.374       24.917    -0.271    3.20        0.200
  N      -31.976       28.321       25.137    -0.344    3.50        0.160
 HD      -32.773       28.840       24.837     0.163    2.00        0.000
  C      -31.117       28.855       26.103     0.200    4.00        0.150
  C      -30.712       27.962       27.287     0.199    4.00        0.150
 OA      -31.753       27.188       27.874    -0.398    3.20        0.200
 HD      -31.997       26.601       27.155     0.209    2.00        0.000
  C      -29.922       29.509       25.605     0.243    4.00        0.150
 OA      -28.882       29.438       26.192    -0.271    3.20        0.200
  N      -30.004       30.135       24.400    -0.346    3.50        0.160
 HD      -30.904       30.075       23.973     0.163    2.00        0.000
  C      -28.991       30.877       23.739     0.180    4.00        0.150
  C      -28.589       30.211       22.448     0.073    4.00        0.150
  A      -28.390       28.680       22.484    -0.056    4.00        0.150
  A      -27.518       28.059       23.397     0.007    4.00        0.150
  A      -27.412       26.657       23.368     0.001    4.00        0.150
  A      -28.241       25.876       22.501     0.000    4.00        0.150
  A      -28.986       27.934       21.472     0.007    4.00        0.150
  A      -28.990       26.524       21.531     0.001    4.00        0.150
  C      -29.576       32.284       23.665     0.241    4.00        0.150
 OA      -30.595       32.535       23.046    -0.271    3.20        0.200
  N      -28.936       33.222       24.385    -0.346    3.50        0.160
 HD      -28.186       32.964       24.989     0.163    2.00        0.000
  C      -29.473       34.558       24.664     0.177    4.00        0.150
  C      -29.113       34.990       26.053     0.038    4.00        0.150
  C      -30.179       35.828       26.800    -0.020    4.00        0.150
  C      -30.036       35.890       28.309     0.009    4.00        0.150
  C      -30.174       37.284       26.350     0.009    4.00        0.150
  C      -28.755       35.555       23.754     0.241    4.00        0.150
 OA      -27.562       35.876       23.866    -0.271    3.20        0.200
  N      -29.468       36.131       22.840    -0.346    3.50        0.160
 HD      -30.462       36.088       22.885     0.163    2.00        0.000
  C      -28.932       36.783       21.699     0.176    4.00        0.150
  C      -29.626       36.415       20.426     0.035    4.00        0.150
  C      -29.635       34.895       20.246     0.004    4.00        0.150
  C      -30.516       34.430       19.090     0.027    4.00        0.150
  C      -30.449       35.155       17.776     0.229    4.00        0.150
  N      -29.315       34.843       16.945    -0.079    3.50        0.160
 HD      -29.563       34.314       16.084     0.274    2.00        0.000
 HD      -28.525       34.382       17.439     0.274    2.00        0.000
 HD      -28.876       35.707       16.569     0.274    2.00        0.000
  C      -28.986       38.270       21.844     0.241    4.00        0.150
 OA      -30.017       38.813       22.191    -0.271    3.20        0.200
  N      -27.890       39.026       21.459    -0.346    3.50        0.160
 HD      -27.050       38.552       21.210     0.163    2.00        0.000
  C      -27.727       40.475       21.618     0.180    4.00        0.150
  C      -26.406       40.820       22.373     0.013    4.00        0.150
  C      -26.343       42.346       22.676     0.012    4.00        0.150
  C      -26.342       39.948       23.703     0.002    4.00        0.150
  C      -27.400       40.113       24.731     0.005    4.00        0.150
  C      -27.768       41.123       20.324     0.241    4.00        0.150
 OA      -26.988       41.084       19.425    -0.271    3.20        0.200
  N      -28.826       41.922       20.069    -0.346    3.50        0.160
 HD      -29.507       42.226       20.732     0.163    2.00        0.000
  C      -29.085       42.468       18.709     0.181    4.00        0.150
  C      -30.501       41.982       18.248     0.075    4.00        0.150
  A      -30.993       40.598       18.131    -0.028    4.00        0.150
  A      -31.535       39.784       19.046     0.096    4.00        0.150
  N      -32.020       38.568       18.516    -0.365    3.50        0.160
 HD      -32.420       37.814       18.990     0.165    2.00        0.000
  A      -31.760       38.620       17.191     0.042    4.00        0.150
  A      -31.170       39.909       16.900    -0.002    4.00        0.150
  A      -31.010       40.216       15.569     0.014    4.00        0.150
  A      -31.288       39.305       14.596     0.001    4.00        0.150
  A      -32.114       37.699       16.232     0.030    4.00        0.150
  A      -31.880       38.102       14.882     0.002    4.00        0.150
  C      -29.010       43.992       18.486     0.241    4.00        0.150
 OA      -29.264       44.786       19.450    -0.271    3.20        0.200
  N      -28.647       44.412       17.282    -0.344    3.50        0.160
 HD      -28.400       43.783       16.550     0.163    2.00        0.000
  C      -28.630       45.801       16.749     0.194    4.00        0.150
  C      -27.537       46.577       17.500     0.138    4.00        0.150
  C      -27.305       47.979       16.984     0.217    4.00        0.150
 OA      -26.223       48.377       16.517    -0.274    3.20        0.200
  N      -28.365       48.827       17.010    -0.370    3.50        0.160
 HD      -28.256       49.793       16.771     0.159    2.00        0.000
 HD      -29.128       48.567       17.601     0.159    2.00        0.000
  C      -28.350       45.650       15.261     0.197    4.00        0.150
 OA      -27.727       44.642       14.813    -0.646    3.20        0.200
 OA      -28.633       46.571       14.463    -0.646    3.20        0.200
  N      -72.185       31.939       46.026    -0.067    3.50        0.160
 HD      -73.223       31.966       45.968     0.275    2.00        0.000
 HD      -71.782       31.711       46.957     0.275    2.00        0.000
 HD      -71.879       31.191       45.371     0.275    2.00        0.000
  C      -71.651       33.242       45.554     0.270    4.00        0.150
  C      -72.219       33.528       44.106     0.050    4.00        0.150
  C      -71.925       34.376       46.533     0.248    4.00        0.150
 OA      -72.787       34.220       47.385    -0.271    3.20        0.200
  N      -71.225       35.490       46.412    -0.344    3.50        0.160
 HD      -70.569       35.512       45.661     0.163    2.00        0.000
  C      -71.228       36.638       47.342     0.200    4.00        0.150
  C      -69.775       37.062       47.726     0.199    4.00        0.150
 OA      -69.769       38.233       48.587    -0.398    3.20        0.200
 HD      -70.363       38.073       49.324     0.209    2.00        0.000
  C      -72.149       37.822       46.821     0.243    4.00        0.150
 OA      -71.917       38.372       45.725    -0.271    3.20        0.200
  N      -73.145       38.187       47.617    -0.346    3.50        0.160
 HD      -73.393       37.583       48.371     0.163    2.00        0.000
  C      -73.852       39.467       47.506     0.180    4.00        0.150
  C      -75.030       39.509       48.307     0.013    4.00        0.150
  C      -74.518       39.492       49.746     0.012    4.00        0.150
  C      -75.870       40.820       48.136     0.002    4.00        0.150
  C      -77.307       40.782       48.555     0.005    4.00        0.150
  C      -72.846       40.675       47.687     0.241    4.00        0.150
 OA      -72.949       41.689       47.049    -0.271    3.20        0.200
  N      -71.869       40.602       48.642    -0.346    3.50        0.160
 HD      -71.771       39.790       49.212     0.163    2.00        0.000
  C      -70.955       41.648       48.864     0.172    4.00        0.150
  C      -70.125       41.280       50.197     0.042    4.00        0.150
  C      -69.991       41.746       47.656     0.240    4.00        0.150
 OA      -69.681       42.868       47.352    -0.271    3.20        0.200
  N      -69.546       40.622       47.023    -0.346    3.50        0.160
 HD      -69.732       39.661       47.211     0.163    2.00        0.000
  C      -68.695       40.688       45.843     0.177    4.00        0.150
  C      -68.095       39.419       45.212     0.044    4.00        0.150
  C      -67.173       39.636       44.001     0.105    4.00        0.150
  C      -66.151       40.737       44.248     0.215    4.00        0.150
 OA      -65.294       40.646       45.106    -0.274    3.20        0.200
  N      -66.253       41.807       43.419    -0.370    3.50        0.160
 HD      -65.579       42.546       43.456     0.159    2.00        0.000
 HD      -67.067       41.955       42.858     0.159    2.00        0.000
  C      -69.522       41.331       44.699     0.241    4.00        0.150
 OA      -69.024       42.254       44.034    -0.271    3.20        0.200
  N      -70.756       40.946       44.342    -0.346    3.50        0.160
 HD      -71.144       40.130       44.764     0.163    2.00        0.000
  C      -71.509       41.653       43.345     0.172    4.00        0.150
  C      -73.044       41.038       43.344     0.042    4.00        0.150
  C      -71.817       43.116       43.562     0.240    4.00        0.150
 OA      -71.626       43.909       42.596    -0.271    3.20        0.200
  N      -72.198       43.620       44.737    -0.346    3.50        0.160
 HD      -72.369       43.011       45.509     0.163    2.00        0.000
  C      -72.270       44.986       45.148     0.176    4.00        0.150
  C      -72.810       45.227       46.520     0.036    4.00        0.150
  C      -74.331       44.791       46.735     0.023    4.00        0.150
  C      -74.963       45.377       48.024     0.138    4.00        0.150
  N      -76.163       44.733       48.412    -0.227    3.50        0.160
 HD      -76.169       44.202       49.260     0.177    2.00        0.000
  C      -77.340       44.959       47.823     0.665    4.00        0.150
  N      -77.606       45.829       46.847    -0.235    3.50        0.160
 HD      -76.851       46.182       46.293     0.174    2.00        0.000
 HD      -78.476       45.758       46.358     0.174    2.00        0.000
  N      -78.410       44.416       48.292    -0.235    3.50        0.160
 HD      -78.317       43.981       49.187     0.174    2.00        0.000
 HD      -79.266       44.913       48.143     0.174    2.00        0.000
  C      -70.917       45.718       45.003     0.241    4.00        0.150
 OA      -70.887       46.898       44.713    -0.271    3.20        0.200
  N      -69.789       44.998       45.252    -0.346    3.50        0.160
 HD      -69.891       44.029       45.469     0.163    2.00        0.000
  C      -68.397       45.467       45.121     0.176    4.00        0.150
  C      -67.440       44.608       45.894     0.035    4.00        0.150
  C      -65.966       44.972       45.826     0.004    4.00        0.150
  C      -65.643       46.302       46.512     0.027    4.00        0.150
  C      -65.836       46.306       48.073     0.229    4.00        0.150
  N      -65.562       47.718       48.461    -0.079    3.50        0.160
 HD      -66.295       48.296       48.000     0.274    2.00        0.000
 HD      -64.571       47.997       48.317     0.274    2.00        0.000
 HD      -65.717       47.706       49.489     0.274    2.00        0.000
  C      -67.966       45.552       43.674     0.241    4.00        0.150
 OA      -67.266       46.510       43.257    -0.271    3.20        0.200
  N      -68.340       44.604       42.785    -0.346    3.50        0.160
 HD      -68.975       43.860       42.972     0.163    2.00        0.000
  C      -68.221       44.791       41.320     0.177    4.00        0.150
  C      -68.549       43.502       40.518     0.038    4.00        0.150
  C      -68.781       43.368       38.964    -0.020    4.00        0.150
  C      -68.384       41.955       38.483     0.009    4.00        0.150
  C      -70.272       43.612       38.731     0.009    4.00        0.150
  C      -69.063       45.957       40.763     0.241    4.00        0.150
 OA      -68.524       46.808       40.056    -0.271    3.20        0.200
  N      -70.305       46.089       41.231    -0.346    3.50        0.160
 HD      -70.676       45.536       41.973     0.163    2.00        0.000
  C      -71.074       47.208       40.902     0.180    4.00        0.150
  C      -72.517       47.049       41.459     0.009    4.00        0.150
  C      -73.462       48.259       41.213     0.012    4.00        0.150
  C      -73.158       46.015       40.673     0.012    4.00        0.150
  C      -70.523       48.536       41.411     0.241    4.00        0.150
 OA      -70.432       49.456       40.665    -0.271    3.20        0.200
  N      -70.021       48.591       42.655    -0.346    3.50        0.160
 HD      -70.092       47.702       43.101     0.163    2.00        0.000
  C      -69.342       49.786       43.264     0.177    4.00        0.150
  C      -68.976       49.514       44.734     0.045    4.00        0.150
  C      -68.085       50.595       45.492     0.116    4.00        0.150
  C      -67.464       50.003       46.699     0.172    4.00        0.150
 OA      -68.117       49.746       47.706    -0.648    3.20        0.200
 OA      -66.259       49.731       46.779    -0.648    3.20        0.200
  C      -68.110       50.233       42.472     0.241    4.00        0.150
 OA      -67.861       51.400       42.194    -0.271    3.20        0.200
  N      -67.228       49.310       42.002    -0.346    3.50        0.160
 HD      -67.278       48.315       41.972     0.163    2.00        0.000
  C      -66.181       49.598       41.039     0.177    4.00        0.150
  C      -65.405       48.245       40.685     0.044    4.00        0.150
  C      -64.253       48.197       39.597     0.105    4.00        0.150
  C      -63.044       49.062       39.879     0.215    4.00        0.150
 OA      -62.902       49.444       41.042    -0.274    3.20        0.200
  N      -62.301       49.444       38.821    -0.370    3.50        0.160
 HD      -61.444       49.912       39.037     0.159    2.00        0.000
 HD      -62.573       49.287       37.872     0.159    2.00        0.000
  C      -66.639       50.189       39.702     0.241    4.00        0.150
 OA      -66.090       51.142       39.258    -0.271    3.20        0.200
  N      -67.651       49.711       39.054    -0.346    3.50        0.160
 HD      -68.160       49.010       39.547     0.163    2.00        0.000
  C      -68.201       50.306       37.794     0.177    4.00        0.150
  C      -69.194       49.375       37.056     0.038    4.00        0.150
  C      -68.599       48.009       36.775    -0.020    4.00        0.150
  C      -69.760       47.028       36.343     0.009    4.00        0.150
  C      -67.644       48.148       35.563     0.009    4.00        0.150
  C      -68.879       51.660       37.994     0.241    4.00        0.150
 OA      -68.922       52.578       37.168    -0.271    3.20        0.200
  N      -69.352       51.883       39.164    -0.346    3.50        0.160
 HD      -69.364       51.182       39.873     0.163    2.00        0.000
  C      -69.717       53.237       39.619     0.176    4.00        0.150
  C      -70.549       53.278       40.938     0.035    4.00        0.150
  C      -71.938       52.715       40.695     0.004    4.00        0.150
  C      -72.741       52.503       42.052     0.027    4.00        0.150
  C      -72.928       53.763       42.852     0.229    4.00        0.150
  N      -74.123       54.513       42.409    -0.079    3.50        0.160
 HD      -74.937       53.867       42.366     0.274    2.00        0.000
 HD      -73.945       54.761       41.414     0.274    2.00        0.000
 HD      -74.407       55.270       43.064     0.274    2.00        0.000
  C      -68.574       54.202       39.830     0.241    4.00        0.150
 OA      -68.643       55.400       39.519    -0.271    3.20        0.200
  N      -67.468       53.719       40.465    -0.346    3.50        0.160
 HD      -67.347       52.795       40.823     0.163    2.00        0.000
  C      -66.291       54.497       40.377     0.177    4.00        0.150
  C      -65.125       53.843       41.172     0.045    4.00        0.150
  C      -65.410       53.774       42.707     0.076    4.00        0.150
 SA      -64.233       52.702       43.429    -0.173    4.00        0.200
  C      -64.697       52.855       45.226     0.089    4.00        0.150
  C      -65.790       54.803       38.930     0.241    4.00        0.150
 OA      -65.363       55.943       38.579    -0.271    3.20        0.200
  N      -65.752       53.811       38.039    -0.346    3.50        0.160
 HD      -66.013       52.889       38.317     0.163    2.00        0.000
  C      -65.117       53.850       36.658     0.177    4.00        0.150
  C      -64.911       52.517       36.060     0.045    4.00        0.150
  C      -63.710       51.728       36.651     0.116    4.00        0.150
  C      -63.148       50.592       35.777     0.172    4.00        0.150
 OA      -63.031       49.442       36.240    -0.648    3.20        0.200
 OA      -62.897       50.818       34.556    -0.648    3.20        0.200
  C      -65.984       54.622       35.668     0.241    4.00        0.150
 OA      -65.538       55.029       34.592    -0.271    3.20        0.200
  N      -67.292       54.683       35.900    -0.346    3.50        0.160
 HD      -67.597       54.192       36.711     0.163    2.00        0.000
  C      -68.288       55.236       34.998     0.172    4.00        0.150
  C      -69.735       55.048       35.576     0.042    4.00        0.150
  C      -68.149       56.705       34.722     0.240    4.00        0.150
 OA      -68.541       57.111       33.692    -0.271    3.20        0.200
  N      -67.747       57.586       35.644    -0.346    3.50        0.160
 HD      -67.596       57.299       36.587     0.163    2.00        0.000
  C      -67.758       59.097       35.337     0.185    4.00        0.150
  C      -68.575       59.678       36.490     0.137    4.00        0.150
  C      -69.966       59.169       36.629     0.217    4.00        0.150
 OA      -70.749       59.756       35.929    -0.274    3.20        0.200
  N      -70.225       58.277       37.567    -0.370    3.50        0.160
 HD      -71.104       57.803       37.625     0.159    2.00        0.000
 HD      -69.534       58.092       38.264     0.159    2.00        0.000
  C      -66.393       59.759       35.229     0.241    4.00        0.150
 OA      -66.280       60.969       35.119    -0.271    3.20        0.200
  N      -65.304       58.975       35.290    -0.346    3.50        0.160
 HD      -65.436       57.993       35.405     0.163    2.00        0.000
  C      -63.921       59.416       35.077     0.180    4.00        0.150
  C      -62.841       58.418       35.335     0.013    4.00        0.150
  C      -62.869       57.977       36.853     0.012    4.00        0.150
  C      -63.111       57.217       34.441     0.002    4.00        0.150
  C      -61.814       56.402       34.259     0.005    4.00        0.150
  C      -63.697       60.117       33.793     0.241    4.00        0.150
 OA      -64.320       59.776       32.774    -0.271    3.20        0.200
  N      -62.784       61.070       33.775    -0.345    3.50        0.160
 HD      -62.068       61.112       34.467     0.163    2.00        0.000
  C      -62.555       61.716       32.488     0.186    4.00        0.150
  C      -61.848       63.075       32.751     0.147    4.00        0.150
  C      -62.652       63.949       33.717     0.175    4.00        0.150
 OA      -63.900       63.883       33.705    -0.648    3.20        0.200
 OA      -62.048       64.890       34.228    -0.648    3.20        0.200
  C      -61.708       60.866       31.473     0.241    4.00        0.150
 OA      -60.851       60.041       31.821    -0.271    3.20        0.200
  N      -61.917       61.207       30.180    -0.346    3.50        0.160
 HD      -62.505       61.990       29.996     0.163    2.00        0.000
  C      -61.505       60.376       29.048     0.176    4.00        0.150
  C      -62.555       59.308       28.608     0.036    4.00        0.150
  C      -63.267       58.532       29.766     0.023    4.00        0.150
  C      -64.098       57.401       29.202     0.138    4.00        0.150
  N      -65.037       57.075       30.299    -0.227    3.50        0.160
 HD      -65.709       57.785       30.504     0.177    2.00        0.000
  C      -64.838       56.242       31.317     0.665    4.00        0.150
  N      -64.139       55.123       31.252    -0.235    3.50        0.160
 HD      -64.222       54.453       31.990     0.174    2.00        0.000
 HD      -63.772       54.767       30.393     0.174    2.00        0.000
  N      -65.534       56.452       32.372    -0.235    3.50        0.160
 HD      -66.078       57.285       32.468     0.174    2.00        0.000
 HD      -65.469       55.852       33.171     0.174    2.00        0.000
  C      -61.076       61.311       27.966     0.241    4.00        0.150
 OA      -61.615       62.441       27.935    -0.271    3.20        0.200
  N      -60.063       61.041       27.207    -0.346    3.50        0.160
 HD      -59.650       60.135       27.162     0.163    2.00        0.000
  C      -59.441       61.905       26.208     0.180    4.00        0.150
  C      -57.926       62.021       26.352     0.013    4.00        0.150
  C      -57.136       61.066       25.408     0.012    4.00        0.150
  C      -57.620       63.504       25.992     0.002    4.00        0.150
  C      -56.228       63.929       26.288     0.005    4.00        0.150
  C      -59.883       61.444       24.808     0.241    4.00        0.150
 OA      -59.914       60.236       24.471    -0.271    3.20        0.200
  N      -60.263       62.368       23.841    -0.346    3.50        0.160
 HD      -60.370       63.322       24.111     0.163    2.00        0.000
  C      -60.615       62.056       22.453     0.176    4.00        0.150
  C      -61.111       63.316       21.647     0.035    4.00        0.150
  C      -60.089       64.384       21.331     0.004    4.00        0.150
  C      -60.497       65.855       21.397     0.027    4.00        0.150
  C      -61.843       66.228       20.714     0.229    4.00        0.150
  N      -61.809       65.834       19.251    -0.079    3.50        0.160
 HD      -62.692       66.221       18.858     0.274    2.00        0.000
 HD      -61.727       64.809       19.089     0.274    2.00        0.000
 HD      -61.104       66.352       18.690     0.274    2.00        0.000
  C      -59.487       61.349       21.672     0.241    4.00        0.150
 OA      -58.341       61.719       21.854    -0.271    3.20        0.200
  N      -59.813       60.301       20.898    -0.346    3.50        0.160
 HD      -60.753       60.050       20.679     0.163    2.00        0.000
  C      -58.790       59.373       20.357     0.180    4.00        0.150
  C      -59.327       58.051       19.829     0.009    4.00        0.150
  C      -58.237       57.251       19.146     0.012    4.00        0.150
  C      -59.852       57.225       21.013     0.012    4.00        0.150
  C      -57.933       60.063       19.279     0.241    4.00        0.150
 OA      -56.751       59.755       19.122    -0.271    3.20        0.200
  N      -58.362       61.191       18.621    -0.344    3.50        0.160
 HD      -59.339       61.344       18.748     0.163    2.00        0.000
  C      -57.602       61.890       17.649     0.200    4.00        0.150
  C      -58.361       63.073       17.057     0.199    4.00        0.150
 OA      -59.520       62.659       16.320    -0.398    3.20        0.200
 HD      -60.199       62.318       16.907     0.209    2.00        0.000
  C      -56.323       62.530       18.328     0.243    4.00        0.150
 OA      -55.227       62.426       17.834    -0.271    3.20        0.200
  N      -56.599       63.069       19.547    -0.346    3.50        0.160
 HD      -57.456       62.972       20.046     0.163    2.00        0.000
  C      -55.483       63.612       20.325     0.176    4.00        0.150
  C      -56.123       64.561       21.396     0.035    4.00        0.150
  C      -55.119       65.281       22.393     0.004    4.00        0.150
  C      -54.110       66.243       21.792     0.027    4.00        0.150
  C      -53.288       67.041       22.824     0.229    4.00        0.150
  N      -52.479       66.097       23.645    -0.079    3.50        0.160
 HD      -53.111       65.624       24.323     0.274    2.00        0.000
 HD      -51.751       66.612       24.181     0.274    2.00        0.000
 HD      -52.024       65.248       23.251     0.274    2.00        0.000
  C      -54.537       62.586       20.873     0.241    4.00        0.150
 OA      -53.358       62.778       20.906    -0.271    3.20        0.200
  N      -55.047       61.464       21.407    -0.346    3.50        0.160
 HD      -56.039       61.363       21.385     0.163    2.00        0.000
  C      -54.184       60.382       21.916     0.172    4.00        0.150
  C      -55.205       59.402       22.518     0.042    4.00        0.150
  C      -53.241       59.703       20.897     0.240    4.00        0.150
 OA      -52.064       59.444       21.119    -0.271    3.20        0.200
  N      -53.822       59.500       19.717    -0.346    3.50        0.160
 HD      -54.813       59.466       19.629     0.163    2.00        0.000
  C      -53.078       59.156       18.436     0.172    4.00        0.150
  C      -54.154       58.964       17.310     0.042    4.00        0.150
  C      -52.071       60.216       17.968     0.240    4.00        0.150
 OA      -50.967       59.887       17.657    -0.271    3.20        0.200
  N      -52.374       61.567       17.944    -0.346    3.50        0.160
 HD      -53.283       61.823       18.262     0.163    2.00        0.000
  C      -51.441       62.613       17.551     0.172    4.00        0.150
  C      -52.148       64.001       17.620     0.042    4.00        0.150
  C      -50.298       62.644       18.576     0.240    4.00        0.150
 OA      -49.156       62.848       18.172    -0.271    3.20        0.200
  N      -50.487       62.424       19.917    -0.346    3.50        0.160
 HD      -51.441       62.316       20.182     0.163    2.00        0.000
  C      -49.395       62.296       20.925     0.186    4.00        0.150
  C      -50.024       62.169       22.387     0.147    4.00        0.150
  C      -50.703       63.501       22.773     0.175    4.00        0.150
 OA      -50.536       64.590       22.122    -0.648    3.20        0.200
 OA      -51.373       63.482       23.859    -0.648    3.20        0.200
  C      -48.467       61.217       20.782     0.241    4.00        0.150
 OA      -47.190       61.435       20.871    -0.271    3.20        0.200
  N      -49.035       60.029       20.370    -0.346    3.50        0.160
 HD      -50.023       60.040       20.232     0.163    2.00        0.000
  C      -48.361       58.851       20.085     0.177    4.00        0.150
  C      -49.323       57.635       19.922     0.038    4.00        0.150
  C      -48.497       56.310       19.918    -0.020    4.00        0.150
  C      -48.941       55.385       20.983     0.009    4.00        0.150
  C      -48.449       55.613       18.553     0.009    4.00        0.150
  C      -47.446       58.999       18.857     0.241    4.00        0.150
 OA      -46.275       58.544       18.857    -0.271    3.20        0.200
  N      -47.943       59.671       17.829    -0.346    3.50        0.160
 HD      -48.906       59.930       17.860     0.163    2.00        0.000
  C      -47.235       60.140       16.692     0.177    4.00        0.150
  C      -48.208       60.683       15.611     0.045    4.00        0.150
  C      -47.629       61.347       14.353     0.076    4.00        0.150
 SA      -48.838       61.982       13.128    -0.173    4.00        0.200
  C      -49.287       63.505       13.933     0.089    4.00        0.150
  C      -46.198       61.198       16.977     0.241    4.00        0.150
 OA      -45.117       61.023       16.592    -0.271    3.20        0.200
  N      -46.540       62.216       17.674    -0.346    3.50        0.160
 HD      -47.388       62.151       18.193     0.163    2.00        0.000
  C      -45.788       63.388       18.051     0.172    4.00        0.150
  C      -46.677       64.434       18.848     0.042    4.00        0.150
  C      -44.571       63.074       18.853     0.240    4.00        0.150
 OA      -43.567       63.709       18.680    -0.271    3.20        0.200
  N      -44.608       62.032       19.784    -0.346    3.50        0.160
 HD      -45.483       61.631       20.048     0.163    2.00        0.000
  C      -43.452       61.404       20.392     0.180    4.00        0.150
  C      -43.942       60.366       21.452     0.073    4.00        0.150
  A      -42.761       60.101       22.418    -0.056    4.00        0.150
  A      -42.733       60.659       23.708     0.010    4.00        0.150
  A      -41.540       60.557       24.511     0.037    4.00        0.150
  A      -40.538       59.684       24.132     0.065    4.00        0.150
 OA      -39.365       59.655       24.854    -0.361    3.20        0.200
 HD      -38.774       59.067       24.378     0.217    2.00        0.000
  A      -41.675       59.346       22.034     0.010    4.00        0.150
  A      -40.545       59.061       22.822     0.037    4.00        0.150
  C      -42.513       60.767       19.498     0.241    4.00        0.150
 OA      -41.309       61.032       19.694    -0.271    3.20        0.200
  N      -42.914       59.869       18.558    -0.345    3.50        0.160
 HD      -43.877       59.691       18.372     0.163    2.00        0.000
  C      -42.017       59.110       17.748     0.185    4.00        0.150
  C      -42.665       57.982       16.940     0.105    4.00        0.150
 SA      -43.728       56.747       17.859    -0.180    4.00        0.200
 HD      -44.861       57.418       17.710     0.101    2.00        0.000
  C      -41.238       60.036       16.772     0.241    4.00        0.150
 OA      -40.019       60.031       16.848    -0.271    3.20        0.200
  N      -41.892       60.930       16.067    -0.346    3.50        0.160
 HD      -42.873       61.083       16.161     0.163    2.00        0.000
  C      -41.346       61.702       14.948     0.177    4.00        0.150
  C      -42.572       62.360       14.238     0.045    4.00        0.150
  C      -43.320       61.425       13.294     0.116    4.00        0.150
  C      -42.558       61.060       12.016     0.172    4.00        0.150
 OA      -41.828       60.029       12.037    -0.648    3.20        0.200
 OA      -42.588       61.865       11.002    -0.648    3.20        0.200
  C      -40.224       62.620       15.480     0.241    4.00        0.150
 OA      -39.188       62.754       14.865    -0.271    3.20        0.200
  N      -40.494       63.225       16.611    -0.346    3.50        0.160
 HD      -41.317       63.023       17.135     0.163    2.00        0.000
  C      -39.596       64.111       17.291     0.172    4.00        0.150
  C      -40.369       64.796       18.434     0.042    4.00        0.150
  C      -38.265       63.539       17.806     0.240    4.00        0.150
 OA      -37.232       64.168       17.772    -0.271    3.20        0.200
  N      -38.353       62.283       18.266    -0.346    3.50        0.160
 HD      -39.150       61.717       18.072     0.163    2.00        0.000
  C      -37.283       61.594       18.976     0.182    4.00        0.150
  C      -37.712       61.247       20.349     0.093    4.00        0.150
  N      -37.202       63.315       21.892    -0.353    3.50        0.160
 HD      -36.202       63.315       21.878     0.166    2.00        0.000
  A      -38.104       62.436       21.273     0.030    4.00        0.150
  A      -37.855       64.155       22.714     0.207    4.00        0.150
 NA      -39.156       63.932       22.684    -0.254    3.50        0.160
  A      -39.332       62.848       21.771     0.143    4.00        0.150
  C      -36.593       60.518       18.100     0.241    4.00        0.150
 OA      -35.738       59.744       18.571    -0.271    3.20        0.200
  N      -36.913       60.410       16.787    -0.346    3.50        0.160
 HD      -37.555       61.079       16.421     0.163    2.00        0.000
  C      -36.635       59.425       15.765     0.172    4.00        0.150
  C      -37.518       59.872       14.623     0.042    4.00        0.150
  C      -35.206       59.325       15.349     0.240    4.00        0.150
 OA      -34.695       58.351       14.830    -0.271    3.20        0.200
  N      -34.460       60.390       15.593    -0.346    3.50        0.160
 HD      -34.893       61.201       15.977     0.163    2.00        0.000
  C      -33.005       60.468       15.360     0.176    4.00        0.150
  C      -32.645       61.827       14.652     0.035    4.00        0.150
  C      -33.457       62.215       13.400     0.004    4.00        0.150
  C      -33.393       61.109       12.274     0.027    4.00        0.150
  C      -34.111       61.484       10.991     0.229    4.00        0.150
  N      -34.207       60.281       10.101    -0.079    3.50        0.160
 HD      -34.604       60.604        9.195     0.274    2.00        0.000
 HD      -34.874       59.617       10.545     0.274    2.00        0.000
 HD      -33.300       59.812        9.901     0.274    2.00        0.000
  C      -32.132       60.284       16.625     0.241    4.00        0.150
 OA      -30.922       60.104       16.522    -0.271    3.20        0.200
  N      -32.827       60.292       17.711    -0.346    3.50        0.160
 HD      -33.810       60.460       17.729     0.163    2.00        0.000
  C      -32.142       60.123       18.966     0.177    4.00        0.150
  C      -32.716       60.998       20.052     0.045    4.00        0.150
  C      -32.709       62.505       19.624     0.116    4.00        0.150
  C      -33.147       63.425       20.754     0.172    4.00        0.150
 OA      -34.220       63.203       21.325    -0.648    3.20        0.200
 OA      -32.353       64.362       21.089    -0.648    3.20        0.200
  C      -32.141       58.725       19.479     0.241    4.00        0.150
 OA      -31.452       58.379       20.415    -0.271    3.20        0.200
  N      -33.028       57.898       18.827    -0.346    3.50        0.160
 HD      -33.550       58.287       18.073     0.163    2.00        0.000
  C      -33.207       56.484       19.059     0.186    4.00        0.150
  C      -34.567       55.882       18.537     0.147    4.00        0.150
  C      -34.768       54.371       18.652     0.175    4.00        0.150
 OA      -33.778       53.607       18.439    -0.648    3.20        0.200
 OA      -35.906       53.957       18.723    -0.648    3.20        0.200
  C      -32.034       55.763       18.345     0.243    4.00        0.150
 OA      -31.996       55.862       17.120    -0.271    3.20        0.200
  N      -31.090       55.070       18.984    -0.337    3.50        0.160
  C      -31.181       54.721       20.418     0.127    4.00        0.150
  C      -29.882       54.535       18.320     0.179    4.00        0.150
  C      -29.032       54.194       19.541     0.037    4.00        0.150
  C      -30.077       53.795       20.571     0.022    4.00        0.150
  C      -30.113       53.290       17.526     0.241    4.00        0.150
 OA      -29.121       52.876       16.968    -0.271    3.20        0.200
  N      -31.313       52.704       17.507    -0.346    3.50        0.160
 HD      -32.105       53.157       17.910     0.163    2.00        0.000
  C      -31.556       51.553       16.707     0.177    4.00        0.150
  C      -32.418       50.483       17.559     0.038    4.00        0.150
  C      -32.865       49.284       16.807    -0.020    4.00        0.150
  C      -31.750       48.314       16.555     0.009    4.00        0.150
  C      -33.886       48.507       17.597     0.009    4.00        0.150
  C      -32.429       51.930       15.510     0.241    4.00        0.150
 OA      -32.273       51.552       14.312    -0.271    3.20        0.200
  N      -33.456       52.844       15.746    -0.346    3.50        0.160
 HD      -33.598       53.140       16.688     0.163    2.00        0.000
  C      -34.188       53.435       14.565     0.177    4.00        0.150
  C      -35.373       54.318       15.077     0.038    4.00        0.150
  C      -36.173       55.124       14.031    -0.020    4.00        0.150
  C      -36.849       54.155       13.009     0.009    4.00        0.150
  C      -37.174       55.994       14.698     0.009    4.00        0.150
  C      -33.286       54.293       13.639     0.241    4.00        0.150
 OA      -33.309       54.225       12.424    -0.271    3.20        0.200
  N      -32.340       55.099       14.193    -0.344    3.50        0.160
 HD      -32.270       55.149       15.187     0.163    2.00        0.000
  C      -31.185       55.738       13.470     0.205    4.00        0.150
  C      -31.210       57.221       13.593     0.146    4.00        0.150
 OA      -32.392       57.802       12.943    -0.393    3.20        0.200
 HD      -33.122       57.596       13.531     0.210    2.00        0.000
  C      -29.937       57.896       12.975     0.042    4.00        0.150
  C      -29.805       55.199       14.006     0.245    4.00        0.150
 OA      -29.521       55.526       15.151    -0.271    3.20        0.200
  N      -29.089       54.380       13.295    -0.337    3.50        0.160
  C      -29.549       53.559       12.188     0.127    4.00        0.150
  C      -27.775       53.945       13.761     0.179    4.00        0.150
  C      -27.354       52.859       12.768     0.037    4.00        0.150
  C      -28.710       52.303       12.186     0.022    4.00        0.150
  C      -26.731       54.972       13.989     0.241    4.00        0.150
 OA      -26.647       55.942       13.186    -0.271    3.20        0.200
  N      -25.991       54.853       15.122    -0.346    3.50        0.160
 HD      -26.027       53.946       15.534     0.163    2.00        0.000
  C      -25.012       55.801       15.516     0.180    4.00        0.150
  C      -24.921       55.669       17.107     0.009    4.00        0.150
  C      -26.301       55.786       17.732     0.012    4.00        0.150
  C      -24.415       54.191       17.444     0.012    4.00        0.150
  C      -23.698       55.720       14.854     0.243    4.00        0.150
 OA      -23.322       54.580       14.487    -0.271    3.20        0.200
  N      -22.901       56.820       14.686    -0.337    3.50        0.160
  C      -23.300       58.171       15.066     0.127    4.00        0.150
  C      -21.426       56.819       14.450     0.179    4.00        0.150
  C      -20.940       58.243       14.879     0.037    4.00        0.150
  C      -22.157       59.074       14.623     0.022    4.00        0.150
  C      -20.614       55.663       15.130     0.241    4.00        0.150
 OA      -21.062       55.235       16.230    -0.271    3.20        0.200
  N      -19.518       55.107       14.544    -0.346    3.50        0.160
 HD      -19.223       55.290       13.610     0.163    2.00        0.000
  C      -18.769       54.032       15.144     0.172    4.00        0.150
  C      -17.714       53.422       14.192     0.042    4.00        0.150
  C      -18.047       54.345       16.497     0.240    4.00        0.150
 OA      -17.886       53.461       17.345    -0.271    3.20        0.200
  N      -17.616       55.490       16.784    -0.344    3.50        0.160
 HD      -17.757       56.228       16.128     0.163    2.00        0.000
  C      -17.087       55.916       18.052     0.200    4.00        0.150
  C      -16.033       57.105       18.012     0.199    4.00        0.150
 OA      -16.643       58.428       17.858    -0.398    3.20        0.200
 HD      -17.045       58.407       16.987     0.209    2.00        0.000
  C      -18.108       56.177       19.113     0.243    4.00        0.150
 OA      -17.817       55.960       20.285    -0.271    3.20        0.200
  N      -19.400       56.369       18.766    -0.346    3.50        0.160
 HD      -19.594       56.631       17.823     0.163    2.00        0.000
  C      -20.501       56.337       19.684     0.177    4.00        0.150
  C      -21.724       57.164       19.159     0.045    4.00        0.150
  C      -21.450       58.620       18.830     0.116    4.00        0.150
  C      -21.051       59.439       20.054     0.172    4.00        0.150
 OA      -21.990       59.727       20.819    -0.648    3.20        0.200
 OA      -19.913       59.942       20.164    -0.648    3.20        0.200
  C      -21.086       54.863       19.846     0.241    4.00        0.150
 OA      -21.968       54.526       20.637    -0.271    3.20        0.200
  N      -20.635       53.944       19.045    -0.346    3.50        0.160
 HD      -19.914       54.074       18.370     0.163    2.00        0.000
  C      -21.237       52.590       19.011     0.185    4.00        0.150
  C      -20.842       51.872       17.655     0.137    4.00        0.150
  C      -21.501       50.497       17.401     0.217    4.00        0.150
 OA      -22.437       50.113       18.074    -0.274    3.20        0.200
  N      -21.059       49.770       16.389    -0.370    3.50        0.160
 HD      -21.444       48.857       16.257     0.159    2.00        0.000
 HD      -20.657       50.175       15.568     0.159    2.00        0.000
  C      -20.631       51.740       20.174     0.243    4.00        0.150
 OA      -19.404       51.893       20.381    -0.271    3.20        0.200
  N      -21.260       50.957       21.014    -0.337    3.50        0.160
  C      -22.600       51.121       21.402     0.127    4.00        0.150
  C      -20.580       50.001       21.919     0.179    4.00        0.150
  C      -21.632       49.637       22.922     0.037    4.00        0.150
  C      -22.564       50.812       22.924     0.022    4.00        0.150
  C      -20.020       48.811       21.155     0.241    4.00        0.150
 OA      -18.978       48.374       21.610    -0.271    3.20        0.200
  N      -20.733       48.344       20.146    -0.346    3.50        0.160
 HD      -21.688       48.578       19.980     0.163    2.00        0.000
  C      -20.251       47.209       19.321     0.180    4.00        0.150
  C      -21.346       46.792       18.307     0.073    4.00        0.150
  A      -22.623       46.415       18.990    -0.056    4.00        0.150
  A      -22.524       45.376       19.933     0.007    4.00        0.150
  A      -23.645       45.156       20.674     0.001    4.00        0.150
  A      -24.836       45.874       20.627     0.000    4.00        0.150
  A      -23.835       47.235       18.954     0.007    4.00        0.150
  A      -24.886       46.909       19.734     0.001    4.00        0.150
  C      -18.941       47.290       18.567     0.241    4.00        0.150
 OA      -18.495       48.364       18.149    -0.271    3.20        0.200
  N      -18.271       46.139       18.481    -0.345    3.50        0.160
 HD      -18.651       45.289       18.838     0.163    2.00        0.000
  C      -16.938       46.155       17.923     0.185    4.00        0.150
  C      -15.938       46.064       19.084     0.038    4.00        0.150
  C      -15.714       47.372       19.952     0.023    4.00        0.150
  C      -14.908       48.363       19.201     0.138    4.00        0.150
  N      -14.890       49.573       20.078    -0.227    3.50        0.160
 HD      -14.173       49.639       20.773     0.177    2.00        0.000
  C      -15.845       50.506       20.141     0.665    4.00        0.150
  N      -16.980       50.500       19.550    -0.235    3.50        0.160
 HD      -17.204       49.623       19.122     0.174    2.00        0.000
 HD      -17.752       51.133       19.613     0.174    2.00        0.000
  N      -15.614       51.390       21.075    -0.235    3.50        0.160
 HD      -14.682       51.405       21.438     0.174    2.00        0.000
 HD      -16.351       51.845       21.573     0.174    2.00        0.000
  C      -16.746       44.819       17.164     0.196    4.00        0.150
 OA      -16.240       44.804       16.068    -0.646    3.20        0.200
 OA      -17.262       43.798       17.713    -0.646    3.20        0.200
