  N       19.895        0.845      -10.781    -0.066    3.50        0.160
 HD       20.696        0.293      -10.412     0.275    2.00        0.000
 HD       19.260        0.210      -11.305     0.275    2.00        0.000
 HD       19.336        1.210       -9.985     0.275    2.00        0.000
  C       20.370        2.002      -11.546     0.284    4.00        0.150
  C       19.334        2.594      -12.569     0.128    4.00        0.150
 SA       17.736        3.229      -11.996    -0.095    4.00        0.200
  C       20.929        3.128      -10.703     0.249    4.00        0.150
 OA       20.540        3.321       -9.589    -0.271    3.20        0.200
  N       21.901        3.954      -11.218    -0.346    3.50        0.160
 HD       22.333        3.727      -12.088     0.163    2.00        0.000
  C       22.230        5.206      -10.510     0.185    4.00        0.150
  C       23.634        5.673      -10.889     0.137    4.00        0.150
  C       24.068        7.022      -10.159     0.217    4.00        0.150
 OA       24.300        8.084      -10.772    -0.274    3.20        0.200
  N       24.239        6.986       -8.840    -0.370    3.50        0.160
 HD       24.613        7.802       -8.400     0.159    2.00        0.000
 HD       24.167        6.135       -8.319     0.159    2.00        0.000
  C       21.179        6.335      -10.564     0.241    4.00        0.150
 OA       20.879        6.911       -9.563    -0.271    3.20        0.200
  N       20.633        6.520      -11.772    -0.346    3.50        0.160
 HD       20.945        5.863      -12.455     0.163    2.00        0.000
  C       19.709        7.525      -12.199     0.180    4.00        0.150
  C       19.619        7.564      -13.827     0.073    4.00        0.150
  A       18.659        8.692      -14.355    -0.056    4.00        0.150
  A       17.293        8.404      -14.461     0.007    4.00        0.150
  A       16.508        9.254      -15.085     0.001    4.00        0.150
  A       16.960       10.383      -15.729     0.000    4.00        0.150
  A       19.177        9.853      -15.022     0.007    4.00        0.150
  A       18.339       10.700      -15.689     0.001    4.00        0.150
  C       18.417        7.449      -11.462     0.241    4.00        0.150
 OA       17.893        6.355      -11.199    -0.271    3.20        0.200
  N       17.843        8.639      -11.138    -0.344    3.50        0.160
 HD       18.319        9.510      -11.235     0.163    2.00        0.000
  C       16.514        8.739      -10.561     0.205    4.00        0.150
  C       16.511        8.527       -9.070     0.146    4.00        0.150
 OA       16.770        7.225       -8.685    -0.393    3.20        0.200
 HD       17.271        6.862       -9.418     0.210    2.00        0.000
  C       15.121        8.906       -8.509     0.042    4.00        0.150
  C       15.779        9.976      -10.989     0.243    4.00        0.150
 OA       16.280       11.059      -10.643    -0.271    3.20        0.200
  N       14.739        9.770      -11.853    -0.346    3.50        0.160
 HD       14.511        8.815      -12.032     0.163    2.00        0.000
  C       13.716       10.788      -12.292     0.182    4.00        0.150
  C       12.483       10.040      -12.952     0.093    4.00        0.150
  N       12.910       10.328      -15.566    -0.353    3.50        0.160
 HD       12.979       11.324      -15.505     0.166    2.00        0.000
  A       12.690        9.548      -14.395     0.030    4.00        0.150
  A       13.083        9.428      -16.643     0.207    4.00        0.150
 NA       12.942        8.185      -16.243    -0.254    3.50        0.160
  A       12.659        8.250      -14.875     0.143    4.00        0.150
  C       13.172       11.711      -11.228     0.241    4.00        0.150
 OA       12.793       11.193      -10.147    -0.271    3.20        0.200
  N       13.080       13.081      -11.444    -0.346    3.50        0.160
 HD       13.599       13.586      -12.130     0.163    2.00        0.000
  C       12.337       13.897      -10.495     0.172    4.00        0.150
  C       13.209       15.219      -10.221     0.042    4.00        0.150
  C       10.909       14.178      -10.944     0.240    4.00        0.150
 OA       10.308       15.129      -10.474    -0.271    3.20        0.200
  N       10.355       13.305      -11.783    -0.344    3.50        0.160
 HD       10.788       12.417      -11.917     0.163    2.00        0.000
  C        9.067       13.391      -12.405     0.205    4.00        0.150
  C        9.127       13.669      -13.955     0.146    4.00        0.150
 OA        9.516       14.959      -14.310    -0.393    3.20        0.200
 HD       10.434       14.904      -14.036     0.210    2.00        0.000
  C        7.843       13.354      -14.709     0.042    4.00        0.150
  C        8.421       12.020      -12.286     0.243    4.00        0.150
 OA        9.149       11.033      -12.454    -0.271    3.20        0.200
  N        7.139       11.994      -12.054    -0.346    3.50        0.160
 HD        6.650       12.755      -11.634     0.163    2.00        0.000
  C        6.260       10.871      -12.175     0.180    4.00        0.150
  C        5.626       10.390      -10.821     0.073    4.00        0.150
  A        6.611        9.780       -9.826    -0.056    4.00        0.150
  A        7.071        8.402       -9.945     0.007    4.00        0.150
  A        7.810        7.818       -8.908     0.001    4.00        0.150
  A        8.058        8.538       -7.738     0.000    4.00        0.150
  A        6.945       10.468       -8.580     0.007    4.00        0.150
  A        7.640        9.812       -7.602     0.001    4.00        0.150
  C        5.248       11.115      -13.238     0.241    4.00        0.150
 OA        4.719       12.219      -13.386    -0.271    3.20        0.200
  N        4.938       10.196      -14.125    -0.346    3.50        0.160
 HD        5.245        9.254      -14.011     0.163    2.00        0.000
  C        3.913       10.385      -15.107     0.180    4.00        0.150
  C        4.228        9.760      -16.429     0.009    4.00        0.150
  C        3.039        9.730      -17.396     0.012    4.00        0.150
  C        5.501       10.374      -17.123     0.012    4.00        0.150
  C        2.643        9.815      -14.511     0.241    4.00        0.150
 OA        2.483        8.658      -14.306    -0.271    3.20        0.200
  N        1.560       10.592      -14.288    -0.346    3.50        0.160
 HD        1.665       11.577      -14.405     0.163    2.00        0.000
  C        0.176       10.026      -14.163     0.177    4.00        0.150
  C       -0.684       11.158      -13.423     0.038    4.00        0.150
  C       -0.120       11.545      -12.074    -0.020    4.00        0.150
  C       -0.951       12.586      -11.404     0.009    4.00        0.150
  C        0.386       10.436      -11.253     0.009    4.00        0.150
  C       -0.328        9.884      -15.565     0.241    4.00        0.150
 OA       -0.283       10.853      -16.332    -0.271    3.20        0.200
  N       -0.775        8.677      -15.993    -0.346    3.50        0.160
 HD       -0.821        7.923      -15.343     0.163    2.00        0.000
  C       -1.254        8.523      -17.358     0.180    4.00        0.150
  C       -1.174        7.094      -17.838     0.013    4.00        0.150
  C       -2.250        6.179      -17.145     0.012    4.00        0.150
  C       -1.142        6.970      -19.379     0.002    4.00        0.150
  C       -0.270        7.931      -20.198     0.005    4.00        0.150
  C       -2.648        9.120      -17.584     0.241    4.00        0.150
 OA       -2.957        9.556      -18.677    -0.271    3.20        0.200
  N       -3.499        9.124      -16.483    -0.351    3.50        0.160
 HD       -3.094        8.769      -15.644     0.163    2.00        0.000
  C       -4.988        9.358      -16.650     0.225    4.00        0.150
  C       -5.838        8.224      -16.467     0.236    4.00        0.150
 OA       -5.517        7.471      -15.538    -0.272    3.20        0.200
  N       -7.019        8.188      -17.215    -0.346    3.50        0.160
 HD       -7.067        8.951      -17.856     0.163    2.00        0.000
  C       -8.100        7.096      -17.084     0.180    4.00        0.150
  C       -9.538        7.773      -16.831     0.013    4.00        0.150
  C       -9.564        8.169      -15.309     0.012    4.00        0.150
  C       -9.814        9.010      -17.760     0.002    4.00        0.150
  C      -10.210        8.673      -19.254     0.005    4.00        0.150
  C       -8.042        6.218      -18.251     0.243    4.00        0.150
 OA       -7.383        6.563      -19.175    -0.271    3.20        0.200
  N       -8.635        5.061      -18.219    -0.337    3.50        0.160
  C       -9.128        4.361      -17.022     0.127    4.00        0.150
  C       -8.434        4.090      -19.291     0.179    4.00        0.150
  C       -8.962        2.731      -18.786     0.037    4.00        0.150
  C       -9.648        2.980      -17.426     0.022    4.00        0.150
  C       -9.064        4.492      -20.631     0.241    4.00        0.150
 OA       -8.604        4.038      -21.699    -0.271    3.20        0.200
  N      -10.151        5.240      -20.659    -0.351    3.50        0.160
 HD      -10.601        5.467      -19.798     0.163    2.00        0.000
  C      -10.672        5.769      -21.917     0.225    4.00        0.150
  C       -9.739        6.650      -22.809     0.236    4.00        0.150
 OA       -8.567        6.927      -22.538    -0.272    3.20        0.200
  N      -10.294        7.139      -23.950    -0.346    3.50        0.160
 HD      -11.218        6.866      -24.207     0.163    2.00        0.000
  C       -9.511        7.759      -25.061     0.177    4.00        0.150
  C      -10.404        7.967      -26.350     0.038    4.00        0.150
  C      -10.821        6.617      -27.047    -0.020    4.00        0.150
  C      -12.002        6.967      -27.948     0.009    4.00        0.150
  C       -9.702        6.001      -27.866     0.009    4.00        0.150
  C       -9.000        9.165      -24.599     0.241    4.00        0.150
 OA       -9.579        9.890      -23.799    -0.271    3.20        0.200
  N       -7.884        9.509      -25.237    -0.346    3.50        0.160
 HD       -7.527        8.959      -25.988     0.163    2.00        0.000
  C       -7.123       10.693      -24.924     0.177    4.00        0.150
  C       -5.887       10.664      -25.891     0.045    4.00        0.150
  C       -4.922       11.801      -25.834     0.116    4.00        0.150
  C       -3.554       11.530      -26.368     0.172    4.00        0.150
 OA       -3.412       11.509      -27.627    -0.648    3.20        0.200
 OA       -2.545       11.309      -25.651    -0.648    3.20        0.200
  C       -7.860       11.995      -25.046     0.241    4.00        0.150
 OA       -7.968       12.740      -24.041    -0.271    3.20        0.200
  N       -8.517       12.176      -26.154    -0.346    3.50        0.160
 HD       -8.196       11.638      -26.930     0.163    2.00        0.000
  C       -9.556       13.227      -26.351     0.176    4.00        0.150
  C       -9.981       13.344      -27.786     0.035    4.00        0.150
  C       -8.825       13.653      -28.829     0.004    4.00        0.150
  C       -8.068       14.946      -28.453     0.027    4.00        0.150
  C       -7.187       15.484      -29.568     0.229    4.00        0.150
  N       -6.362       16.692      -29.214    -0.079    3.50        0.160
 HD       -7.007       17.483      -29.017     0.274    2.00        0.000
 HD       -5.729       16.835      -30.028     0.274    2.00        0.000
 HD       -5.803       16.550      -28.349     0.274    2.00        0.000
  C      -10.764       13.196      -25.349     0.241    4.00        0.150
 OA      -11.175       14.259      -24.883    -0.271    3.20        0.200
  N      -11.300       12.035      -25.058    -0.346    3.50        0.160
 HD      -10.766       11.369      -25.573     0.163    2.00        0.000
  C      -12.493       11.766      -24.286     0.172    4.00        0.150
  C      -12.869       10.280      -24.279     0.042    4.00        0.150
  C      -12.360       12.321      -22.869     0.240    4.00        0.150
 OA      -13.357       12.951      -22.409    -0.271    3.20        0.200
  N      -11.199       12.246      -22.229    -0.346    3.50        0.160
 HD      -10.530       11.655      -22.675     0.163    2.00        0.000
  C      -10.886       12.881      -20.912     0.182    4.00        0.150
  C       -9.355       13.116      -20.782     0.093    4.00        0.150
  N       -8.330       10.895      -21.379    -0.353    3.50        0.160
 HD       -8.810       10.826      -22.253     0.166    2.00        0.000
  A       -8.589       11.886      -20.448     0.030    4.00        0.150
  A       -7.514        9.976      -20.764     0.207    4.00        0.150
 NA       -7.111       10.421      -19.567    -0.254    3.50        0.160
  A       -7.838       11.554      -19.369     0.143    4.00        0.150
  C      -11.430       14.259      -20.534     0.241    4.00        0.150
 OA      -11.580       14.652      -19.398    -0.271    3.20        0.200
  N      -11.736       15.166      -21.520    -0.346    3.50        0.160
 HD      -11.825       14.759      -22.426     0.163    2.00        0.000
  C      -12.110       16.501      -21.272     0.180    4.00        0.150
  C      -11.936       17.342      -22.613     0.073    4.00        0.150
  A      -12.148       18.856      -22.396    -0.056    4.00        0.150
  A      -11.128       19.767      -22.205     0.007    4.00        0.150
  A      -11.470       21.131      -22.004     0.001    4.00        0.150
  A      -12.798       21.570      -21.969     0.000    4.00        0.150
  A      -13.526       19.383      -22.418     0.007    4.00        0.150
  A      -13.800       20.704      -22.276     0.001    4.00        0.150
  C      -13.543       16.580      -20.778     0.241    4.00        0.150
 OA      -13.945       17.276      -19.817    -0.271    3.20        0.200
  N      -14.270       15.608      -21.288    -0.346    3.50        0.160
 HD      -13.880       15.003      -21.978     0.163    2.00        0.000
  C      -15.677       15.475      -21.044     0.181    4.00        0.150
  C      -16.336       15.173      -22.409     0.075    4.00        0.150
  A      -16.178       16.300      -23.412    -0.028    4.00        0.150
  A      -16.595       17.587      -23.196     0.096    4.00        0.150
  N      -16.301       18.314      -24.311    -0.365    3.50        0.160
 HD      -16.604       19.132      -24.747     0.165    2.00        0.000
  A      -15.489       17.622      -25.128     0.042    4.00        0.150
  A      -15.418       16.311      -24.670    -0.002    4.00        0.150
  A      -14.640       15.391      -25.399     0.014    4.00        0.150
  A      -13.950       15.803      -26.547     0.001    4.00        0.150
  A      -14.849       18.014      -26.287     0.030    4.00        0.150
  A      -14.045       17.121      -26.956     0.002    4.00        0.150
  C      -15.961       14.489      -19.897     0.241    4.00        0.150
 OA      -17.080       14.183      -19.543    -0.271    3.20        0.200
  N      -14.886       13.825      -19.374    -0.346    3.50        0.160
 HD      -13.993       13.973      -19.794     0.163    2.00        0.000
  C      -14.821       13.111      -18.112     0.180    4.00        0.150
  C      -13.580       12.100      -18.104     0.009    4.00        0.150
  C      -13.857       11.104      -16.970     0.012    4.00        0.150
  C      -13.498       11.236      -19.365     0.012    4.00        0.150
  C      -14.704       14.092      -16.960     0.241    4.00        0.150
 OA      -15.140       13.864      -15.849    -0.271    3.20        0.200
  N      -14.255       15.344      -17.213    -0.351    3.50        0.160
 HD      -13.989       15.639      -18.127     0.163    2.00        0.000
  C      -14.207       16.374      -16.180     0.225    4.00        0.150
  C      -15.466       16.853      -15.604     0.236    4.00        0.150
 OA      -15.448       17.095      -14.434    -0.272    3.20        0.200
  N      -16.573       17.045      -16.394    -0.346    3.50        0.160
 HD      -16.519       16.889      -17.377     0.163    2.00        0.000
  C      -17.863       17.572      -15.939     0.181    4.00        0.150
  C      -18.764       18.145      -17.027     0.073    4.00        0.150
  A      -18.050       19.173      -17.775    -0.056    4.00        0.150
  A      -17.800       20.475      -17.341     0.007    4.00        0.150
  A      -17.066       21.405      -18.123     0.001    4.00        0.150
  A      -16.524       20.984      -19.359     0.000    4.00        0.150
  A      -17.433       18.779      -18.967     0.007    4.00        0.150
  A      -16.745       19.688      -19.823     0.001    4.00        0.150
  C      -18.637       16.534      -15.057     0.243    4.00        0.150
 OA      -19.168       17.011      -14.073    -0.271    3.20        0.200
  N      -18.545       15.193      -15.232    -0.337    3.50        0.160
  C      -18.661       14.625      -16.558     0.127    4.00        0.150
  C      -18.988       14.290      -14.167     0.179    4.00        0.150
  C      -19.116       12.931      -14.890     0.037    4.00        0.150
  C      -19.533       13.384      -16.398     0.022    4.00        0.150
  C      -18.044       14.276      -13.025     0.241    4.00        0.150
 OA      -18.512       14.105      -11.932    -0.271    3.20        0.200
  N      -16.741       14.450      -13.170    -0.346    3.50        0.160
 HD      -16.387       14.540      -14.097     0.163    2.00        0.000
  C      -15.931       14.652      -11.991     0.177    4.00        0.150
  C      -14.435       14.571      -12.393     0.038    4.00        0.150
  C      -13.317       14.547      -11.340    -0.020    4.00        0.150
  C      -13.704       13.600      -10.221     0.009    4.00        0.150
  C      -12.063       14.082      -12.076     0.009    4.00        0.150
  C      -16.294       15.970      -11.225     0.241    4.00        0.150
 OA      -16.447       16.006       -9.998    -0.271    3.20        0.200
  N      -16.546       17.075      -11.962    -0.346    3.50        0.160
 HD      -16.413       16.951      -12.942     0.163    2.00        0.000
  C      -17.024       18.353      -11.481     0.177    4.00        0.150
  C      -17.414       19.453      -12.543     0.038    4.00        0.150
  C      -17.829       20.830      -12.051    -0.020    4.00        0.150
  C      -16.673       21.558      -11.394     0.009    4.00        0.150
  C      -18.541       21.630      -13.127     0.009    4.00        0.150
  C      -18.221       18.162      -10.549     0.241    4.00        0.150
 OA      -18.247       18.744       -9.472    -0.271    3.20        0.200
  N      -19.257       17.366      -11.032    -0.344    3.50        0.160
 HD      -19.050       16.866      -11.870     0.163    2.00        0.000
  C      -20.469       17.095      -10.303     0.200    4.00        0.150
  C      -21.533       16.435      -11.261     0.199    4.00        0.150
 OA      -22.892       16.433      -10.708    -0.398    3.20        0.200
 HD      -23.375       16.160      -11.492     0.209    2.00        0.000
  C      -20.218       16.258       -8.995     0.243    4.00        0.150
 OA      -21.073       16.253       -8.128    -0.271    3.20        0.200
  N      -19.138       15.523       -8.829    -0.346    3.50        0.160
 HD      -18.443       15.339       -9.519     0.163    2.00        0.000
  C      -18.856       14.905       -7.559     0.177    4.00        0.150
  C      -17.893       13.725       -7.872     0.045    4.00        0.150
  C      -18.471       12.560       -8.640     0.076    4.00        0.150
 SA      -17.289       11.387       -9.285    -0.173    4.00        0.200
  C      -17.052       10.455       -7.723     0.089    4.00        0.150
  C      -18.145       15.929       -6.655     0.241    4.00        0.150
 OA      -18.409       16.093       -5.452    -0.271    3.20        0.200
  N      -17.228       16.747       -7.301    -0.346    3.50        0.160
 HD      -16.907       16.574       -8.229     0.163    2.00        0.000
  C      -16.213       17.602       -6.787     0.180    4.00        0.150
  C      -15.224       18.064       -7.894     0.073    4.00        0.150
  A      -14.308       19.168       -7.429    -0.056    4.00        0.150
  A      -13.233       18.891       -6.586     0.010    4.00        0.150
  A      -12.261       19.827       -6.363     0.037    4.00        0.150
  A      -12.323       21.090       -6.890     0.065    4.00        0.150
 OA      -11.318       21.961       -6.559    -0.361    3.20        0.200
 HD      -11.753       22.548       -5.936     0.217    2.00        0.000
  A      -14.398       20.451       -7.987     0.010    4.00        0.150
  A      -13.450       21.429       -7.662     0.037    4.00        0.150
  C      -16.875       18.658       -5.903     0.241    4.00        0.150
 OA      -16.477       18.928       -4.791    -0.271    3.20        0.200
  N      -18.062       19.226       -6.373    -0.346    3.50        0.160
 HD      -18.429       19.103       -7.291     0.163    2.00        0.000
  C      -18.782       20.182       -5.565     0.180    4.00        0.150
  C      -20.029       20.777       -6.291     0.009    4.00        0.150
  C      -19.587       21.815       -7.360     0.012    4.00        0.150
  C      -20.758       19.643       -7.026     0.012    4.00        0.150
  C      -19.260       19.580       -4.171     0.241    4.00        0.150
 OA      -19.250       20.292       -3.170    -0.271    3.20        0.200
  N      -19.710       18.357       -4.212    -0.346    3.50        0.160
 HD      -19.716       17.842       -5.065     0.163    2.00        0.000
  C      -20.184       17.654       -2.969     0.180    4.00        0.150
  C      -21.034       16.372       -3.244     0.009    4.00        0.150
  C      -21.799       15.936       -1.868     0.012    4.00        0.150
  C      -21.974       16.491       -4.396     0.012    4.00        0.150
  C      -18.942       17.398       -2.092     0.241    4.00        0.150
 OA      -18.955       17.614       -0.852    -0.271    3.20        0.200
  N      -17.841       16.831       -2.723    -0.346    3.50        0.160
 HD      -17.918       16.617       -3.694     0.163    2.00        0.000
  C      -16.571       16.484       -2.044     0.172    4.00        0.150
  C      -15.761       15.684       -3.063     0.042    4.00        0.150
  C      -15.776       17.774       -1.542     0.240    4.00        0.150
 OA      -15.166       17.661       -0.526    -0.271    3.20        0.200
  N      -15.983       19.019       -2.092    -0.346    3.50        0.160
 HD      -16.662       19.136       -2.812     0.163    2.00        0.000
  C      -15.364       20.260       -1.596     0.177    4.00        0.150
  C      -14.766       21.194       -2.685     0.045    4.00        0.150
  C      -13.590       20.615       -3.436     0.076    4.00        0.150
 SA      -12.048       20.512       -2.490    -0.173    4.00        0.200
  C      -11.887       22.177       -1.699     0.089    4.00        0.150
  C      -16.293       20.954       -0.597     0.241    4.00        0.150
 OA      -16.238       20.749        0.649    -0.271    3.20        0.200
  N      -17.168       21.788       -1.108    -0.346    3.50        0.160
 HD      -17.185       21.995       -2.084     0.163    2.00        0.000
  C      -18.140       22.630       -0.409     0.180    4.00        0.150
  C      -18.983       23.338       -1.492     0.073    4.00        0.150
  A      -18.085       24.210       -2.292    -0.056    4.00        0.150
  A      -17.636       23.874       -3.594     0.007    4.00        0.150
  A      -16.765       24.725       -4.262     0.001    4.00        0.150
  A      -16.302       25.961       -3.713     0.000    4.00        0.150
  A      -17.604       25.441       -1.724     0.007    4.00        0.150
  A      -16.678       26.257       -2.421     0.001    4.00        0.150
  C      -19.061       21.891        0.506     0.241    4.00        0.150
 OA      -19.411       22.398        1.564    -0.271    3.20        0.200
  N      -19.543       20.687        0.172    -0.351    3.50        0.160
 HD      -19.319       20.333       -0.734     0.163    2.00        0.000
  C      -20.273       19.809        1.087     0.225    4.00        0.150
  C      -19.600       19.456        2.369     0.236    4.00        0.150
 OA      -20.109       19.555        3.460    -0.272    3.20        0.200
  N      -18.342       19.036        2.303    -0.346    3.50        0.160
 HD      -17.868       18.994        1.427     0.163    2.00        0.000
  C      -17.513       18.872        3.453     0.185    4.00        0.150
  C      -16.222       18.183        2.982     0.137    4.00        0.150
  C      -16.508       16.677        2.733     0.217    4.00        0.150
 OA      -16.932       15.904        3.588    -0.274    3.20        0.200
  N      -16.317       16.298        1.467    -0.370    3.50        0.160
 HD      -16.612       15.407        1.121     0.159    2.00        0.000
 HD      -16.045       16.861        0.687     0.159    2.00        0.000
  C      -17.277       20.163        4.229     0.241    4.00        0.150
 OA      -17.558       20.182        5.401    -0.271    3.20        0.200
  N      -16.910       21.248        3.498    -0.345    3.50        0.160
 HD      -16.781       21.270        2.509     0.163    2.00        0.000
  C      -16.874       22.585        4.117     0.185    4.00        0.150
  C      -16.665       23.671        3.087     0.105    4.00        0.150
 SA      -15.142       23.410        2.140    -0.180    4.00        0.200
 HD      -15.552       22.267        1.609     0.101    2.00        0.000
  C      -18.144       22.987        4.932     0.241    4.00        0.150
 OA      -18.060       23.540        6.054    -0.271    3.20        0.200
  N      -19.349       22.731        4.396    -0.346    3.50        0.160
 HD      -19.439       22.329        3.488     0.163    2.00        0.000
  C      -20.680       23.053        5.058     0.180    4.00        0.150
  C      -21.787       22.815        4.001     0.013    4.00        0.150
  C      -23.191       22.869        4.624     0.012    4.00        0.150
  C      -21.722       23.762        2.865     0.002    4.00        0.150
  C      -22.523       23.343        1.651     0.005    4.00        0.150
  C      -20.925       22.389        6.356     0.241    4.00        0.150
 OA      -21.345       23.019        7.287    -0.271    3.20        0.200
  N      -20.651       21.090        6.417    -0.346    3.50        0.160
 HD      -20.257       20.620        5.631     0.163    2.00        0.000
  C      -20.889       20.296        7.568     0.180    4.00        0.150
  C      -20.676       18.884        7.045     0.009    4.00        0.150
  C      -20.751       17.742        8.020     0.012    4.00        0.150
  C      -21.838       18.625        6.075     0.012    4.00        0.150
  C      -19.842       20.583        8.656     0.241    4.00        0.150
 OA      -20.051       20.394        9.845    -0.271    3.20        0.200
  N      -18.670       21.128        8.264    -0.346    3.50        0.160
 HD      -18.314       21.051        7.337     0.163    2.00        0.000
  C      -17.900       21.864        9.272     0.180    4.00        0.150
  C      -16.430       22.094        8.896     0.009    4.00        0.150
  C      -15.755       23.155        9.748     0.012    4.00        0.150
  C      -15.674       20.731        9.095     0.012    4.00        0.150
  C      -18.585       23.129        9.772     0.241    4.00        0.150
 OA      -18.713       23.368       10.969    -0.271    3.20        0.200
  N      -19.127       23.890        8.819    -0.346    3.50        0.160
 HD      -19.056       23.566        7.879     0.163    2.00        0.000
  C      -19.662       25.212        9.065     0.180    4.00        0.150
  C      -19.886       25.856        7.675     0.073    4.00        0.150
  A      -20.276       27.310        7.617    -0.056    4.00        0.150
  A      -21.574       27.705        7.863     0.007    4.00        0.150
  A      -21.980       28.994        7.549     0.001    4.00        0.150
  A      -21.002       29.919        7.158     0.000    4.00        0.150
  A      -19.244       28.243        7.162     0.007    4.00        0.150
  A      -19.712       29.616        6.998     0.001    4.00        0.150
  C      -20.832       25.269        9.998     0.241    4.00        0.150
 OA      -20.844       26.072       10.928    -0.271    3.20        0.200
  N      -21.797       24.337        9.834    -0.346    3.50        0.160
 HD      -21.693       23.551        9.232     0.163    2.00        0.000
  C      -22.916       24.188       10.664     0.180    4.00        0.150
  C      -23.924       23.131       10.143     0.013    4.00        0.150
  C      -25.037       23.019       11.154     0.012    4.00        0.150
  C      -24.537       23.556        8.810     0.002    4.00        0.150
  C      -25.104       22.371        7.988     0.005    4.00        0.150
  C      -22.483       23.812       12.056     0.241    4.00        0.150
 OA      -23.038       24.372       13.031    -0.271    3.20        0.200
  N      -21.563       22.917       12.302    -0.346    3.50        0.160
 HD      -21.241       22.285       11.602     0.163    2.00        0.000
  C      -21.093       22.487       13.593     0.180    4.00        0.150
  C      -20.367       21.111       13.441     0.009    4.00        0.150
  C      -20.041       20.505       14.785     0.012    4.00        0.150
  C      -21.210       20.092       12.642     0.012    4.00        0.150
  C      -20.203       23.548       14.215     0.241    4.00        0.150
 OA      -20.174       23.785       15.426    -0.271    3.20        0.200
  N      -19.452       24.239       13.386    -0.346    3.50        0.160
 HD      -19.423       23.911       12.445     0.163    2.00        0.000
  C      -18.702       25.363       13.864     0.176    4.00        0.150
  C      -17.706       25.792       12.713     0.036    4.00        0.150
  C      -16.899       27.082       12.838     0.023    4.00        0.150
  C      -15.894       27.154       14.007     0.138    4.00        0.150
  N      -15.028       25.971       14.070    -0.227    3.50        0.160
 HD      -15.164       25.346       14.840     0.177    2.00        0.000
  C      -14.117       25.666       13.152     0.665    4.00        0.150
  N      -13.837       26.323       12.048    -0.235    3.50        0.160
 HD      -14.142       27.272       11.974     0.174    2.00        0.000
 HD      -13.187       25.876       11.433     0.174    2.00        0.000
  N      -13.596       24.503       13.293    -0.235    3.50        0.160
 HD      -13.899       23.869       14.005     0.174    2.00        0.000
 HD      -13.097       24.081       12.535     0.174    2.00        0.000
  C      -19.671       26.452       14.289     0.241    4.00        0.150
 OA      -19.466       27.018       15.356    -0.271    3.20        0.200
  N      -20.648       26.865       13.525    -0.344    3.50        0.160
 HD      -20.873       26.347       12.704     0.163    2.00        0.000
  C      -21.370       28.131       13.819     0.205    4.00        0.150
  C      -21.901       28.950       12.583     0.146    4.00        0.150
 OA      -22.602       28.115       11.677    -0.393    3.20        0.200
 HD      -21.979       27.480       11.315     0.210    2.00        0.000
  C      -20.662       29.553       11.891     0.042    4.00        0.150
  C      -22.581       27.967       14.745     0.243    4.00        0.150
 OA      -22.926       28.898       15.441    -0.271    3.20        0.200
  N      -23.250       26.811       14.702    -0.346    3.50        0.160
 HD      -23.128       26.105       14.009     0.163    2.00        0.000
  C      -24.383       26.496       15.622     0.177    4.00        0.150
  C      -25.255       25.344       15.143     0.045    4.00        0.150
  C      -25.889       25.753       13.704     0.116    4.00        0.150
  C      -26.934       26.843       13.828     0.172    4.00        0.150
 OA      -28.035       26.557       14.406    -0.648    3.20        0.200
 OA      -26.720       27.984       13.303    -0.648    3.20        0.200
  C      -24.042       26.437       17.162     0.241    4.00        0.150
 OA      -23.065       25.827       17.478    -0.271    3.20        0.200
  N      -24.893       27.002       18.070    -0.346    3.50        0.160
 HD      -25.691       27.456       17.684     0.163    2.00        0.000
  C      -24.556       26.915       19.494     0.176    4.00        0.150
  C      -25.088       28.237       20.145     0.036    4.00        0.150
  C      -24.261       29.534       19.840     0.023    4.00        0.150
  C      -24.381       30.144       18.454     0.138    4.00        0.150
  N      -24.163       31.658       18.543    -0.227    3.50        0.160
 HD      -23.762       32.058       19.368     0.177    2.00        0.000
  C      -24.046       32.539       17.558     0.665    4.00        0.150
  N      -24.215       32.272       16.291    -0.235    3.50        0.160
 HD      -24.691       31.524       15.827     0.174    2.00        0.000
 HD      -23.743       32.913       15.686     0.174    2.00        0.000
  N      -23.738       33.803       17.896    -0.235    3.50        0.160
 HD      -23.219       34.006       18.725     0.174    2.00        0.000
 HD      -23.673       34.423       17.115     0.174    2.00        0.000
  C      -25.321       25.703       20.155     0.241    4.00        0.150
 OA      -25.374       25.543       21.357    -0.271    3.20        0.200
  N      -25.968       24.836       19.301    -0.344    3.50        0.160
 HD      -25.872       25.039       18.330     0.163    2.00        0.000
  C      -27.100       24.015       19.813     0.200    4.00        0.150
  C      -28.510       24.520       19.348     0.199    4.00        0.150
 OA      -28.425       24.657       17.908    -0.398    3.20        0.200
 HD      -28.896       23.863       17.645     0.209    2.00        0.000
  C      -26.865       22.586       19.416     0.243    4.00        0.150
 OA      -27.718       21.700       19.609    -0.271    3.20        0.200
  N      -25.627       22.258       18.888    -0.346    3.50        0.160
 HD      -24.933       22.948       18.700     0.163    2.00        0.000
  C      -25.294       20.968       18.377     0.177    4.00        0.150
  C      -24.935       20.922       16.911     0.038    4.00        0.150
  C      -26.133       21.274       15.967    -0.020    4.00        0.150
  C      -25.757       21.652       14.545     0.009    4.00        0.150
  C      -27.202       20.226       15.943     0.009    4.00        0.150
  C      -24.034       20.399       19.160     0.241    4.00        0.150
 OA      -22.921       20.588       18.716    -0.271    3.20        0.200
  N      -24.309       19.646       20.233    -0.346    3.50        0.160
 HD      -25.256       19.425       20.449     0.163    2.00        0.000
  C      -23.300       19.192       21.158     0.182    4.00        0.150
  C      -23.640       19.541       22.577     0.093    4.00        0.150
  N      -24.797       21.741       22.287    -0.353    3.50        0.160
 HD      -25.591       21.372       21.804     0.166    2.00        0.000
  A      -23.705       20.992       22.667     0.030    4.00        0.150
  A      -24.566       22.983       22.694     0.207    4.00        0.150
 NA      -23.385       23.127       23.356    -0.254    3.50        0.160
  A      -22.865       21.835       23.347     0.143    4.00        0.150
  C      -23.067       17.724       21.184     0.241    4.00        0.150
 OA      -22.130       17.304       21.879    -0.271    3.20        0.200
  N      -23.898       16.937       20.543    -0.346    3.50        0.160
 HD      -24.625       17.406       20.047     0.163    2.00        0.000
  C      -23.574       15.490       20.482     0.172    4.00        0.150
  C      -24.762       14.715       19.928     0.042    4.00        0.150
  C      -22.275       15.054       19.765     0.243    4.00        0.150
 OA      -21.862       15.564       18.736    -0.271    3.20        0.200
  N      -21.667       13.950       20.227    -0.337    3.50        0.160
  C      -21.681       13.550       21.707     0.127    4.00        0.150
  C      -20.518       13.302       19.651     0.179    4.00        0.150
  C      -20.207       12.058       20.545     0.037    4.00        0.150
  C      -20.551       12.529       21.955     0.022    4.00        0.150
  C      -20.562       13.057       18.205     0.241    4.00        0.150
 OA      -19.614       13.415       17.477    -0.271    3.20        0.200
  N      -21.707       12.620       17.648    -0.346    3.50        0.160
 HD      -22.420       12.381       18.300     0.163    2.00        0.000
  C      -21.935       12.423       16.228     0.177    4.00        0.150
  C      -23.429       11.884       16.058     0.045    4.00        0.150
  C      -24.536       12.865       16.581     0.076    4.00        0.150
 SA      -26.207       12.229       16.381    -0.173    4.00        0.200
  C      -26.201       12.147       14.584     0.089    4.00        0.150
  C      -21.765       13.715       15.360     0.241    4.00        0.150
 OA      -21.127       13.688       14.303    -0.271    3.20        0.200
  N      -22.247       14.872       15.879    -0.346    3.50        0.160
 HD      -22.672       14.870       16.781     0.163    2.00        0.000
  C      -22.018       16.119       15.162     0.180    4.00        0.150
  C      -22.807       17.312       15.715     0.073    4.00        0.150
  A      -24.277       16.931       15.782    -0.056    4.00        0.150
  A      -24.884       16.579       14.527     0.010    4.00        0.150
  A      -26.219       16.073       14.435     0.037    4.00        0.150
  A      -27.025       16.011       15.598     0.065    4.00        0.150
 OA      -28.335       15.430       15.578    -0.361    3.20        0.200
 HD      -28.537       15.199       16.488     0.217    2.00        0.000
  A      -25.075       16.770       16.942     0.010    4.00        0.150
  A      -26.417       16.334       16.830     0.037    4.00        0.150
  C      -20.581       16.502       15.170     0.241    4.00        0.150
 OA      -20.001       16.924       14.168    -0.271    3.20        0.200
  N      -19.959       16.381       16.347    -0.346    3.50        0.160
 HD      -20.453       15.888       17.059     0.163    2.00        0.000
  C      -18.511       16.632       16.544     0.177    4.00        0.150
  C      -18.156       16.530       18.103     0.038    4.00        0.150
  C      -18.935       17.356       19.064    -0.020    4.00        0.150
  C      -18.637       16.881       20.484     0.009    4.00        0.150
  C      -18.613       18.819       18.857     0.009    4.00        0.150
  C      -17.643       15.722       15.674     0.241    4.00        0.150
 OA      -16.702       16.054       15.020    -0.271    3.20        0.200
  N      -18.021       14.452       15.617    -0.346    3.50        0.160
 HD      -18.735       14.073       16.200     0.163    2.00        0.000
  C      -17.451       13.454       14.722     0.180    4.00        0.150
  C      -18.082       12.049       15.067     0.073    4.00        0.150
  A      -17.376       11.387       16.271    -0.056    4.00        0.150
  A      -16.014       11.586       16.561     0.007    4.00        0.150
  A      -15.419       11.121       17.738     0.001    4.00        0.150
  A      -16.152       10.226       18.555     0.000    4.00        0.150
  A      -18.069       10.550       17.130     0.007    4.00        0.150
  A      -17.453        9.889       18.170     0.001    4.00        0.150
  C      -17.633       13.866       13.283     0.241    4.00        0.150
 OA      -16.692       13.686       12.455    -0.271    3.20        0.200
  N      -18.792       14.351       12.833    -0.346    3.50        0.160
 HD      -19.609       14.334       13.403     0.163    2.00        0.000
  C      -19.082       14.819       11.545     0.177    4.00        0.150
  C      -20.562       15.240       11.430     0.038    4.00        0.150
  C      -21.636       14.201       11.200    -0.020    4.00        0.150
  C      -22.935       14.851       10.860     0.009    4.00        0.150
  C      -21.257       13.363       10.047     0.009    4.00        0.150
  C      -18.185       15.988       11.117     0.241    4.00        0.150
 OA      -17.790       16.057        9.999    -0.271    3.20        0.200
  N      -17.839       16.879       12.044    -0.345    3.50        0.160
 HD      -18.205       16.569       12.917     0.163    2.00        0.000
  C      -17.045       18.032       11.878     0.185    4.00        0.150
  C      -17.200       18.899       13.135     0.105    4.00        0.150
 SA      -16.533       20.524       13.013    -0.180    4.00        0.200
 HD      -17.656       21.068       12.569     0.101    2.00        0.000
  C      -15.619       17.611       11.743     0.241    4.00        0.150
 OA      -14.745       18.264       11.180    -0.271    3.20        0.200
  N      -15.203       16.551       12.443    -0.346    3.50        0.160
 HD      -15.779       16.259       13.202     0.163    2.00        0.000
  C      -13.875       15.940       12.252     0.177    4.00        0.150
  C      -13.559       14.883       13.340     0.045    4.00        0.150
  C      -13.433       15.389       14.774     0.076    4.00        0.150
 SA      -13.387       14.086       15.960    -0.173    4.00        0.200
  C      -13.207       15.312       17.229     0.089    4.00        0.150
  C      -13.772       15.202       10.895     0.241    4.00        0.150
 OA      -12.931       15.557       10.052    -0.271    3.20        0.200
  N      -14.624       14.239       10.578    -0.346    3.50        0.160
 HD      -15.294       13.952       11.257     0.163    2.00        0.000
  C      -14.679       13.484        9.240     0.177    4.00        0.150
  C      -15.903       12.540        9.248     0.038    4.00        0.150
  C      -16.004       11.529        8.121    -0.020    4.00        0.150
  C      -14.723       10.863        7.771     0.009    4.00        0.150
  C      -16.924       10.362        8.688     0.009    4.00        0.150
  C      -14.750       14.395        7.983     0.241    4.00        0.150
 OA      -14.052       14.141        6.947    -0.271    3.20        0.200
  N      -15.558       15.454        8.086    -0.346    3.50        0.160
 HD      -16.164       15.484        8.877     0.163    2.00        0.000
  C      -15.647       16.417        6.996     0.172    4.00        0.150
  C      -16.840       17.335        7.173     0.042    4.00        0.150
  C      -14.375       17.098        6.748     0.240    4.00        0.150
 OA      -13.954       17.187        5.585    -0.271    3.20        0.200
  N      -13.649       17.517        7.763    -0.346    3.50        0.160
 HD      -13.926       17.253        8.684     0.163    2.00        0.000
  C      -12.353       18.095        7.571     0.172    4.00        0.150
  C      -11.850       18.461        8.935     0.042    4.00        0.150
  C      -11.295       17.177        6.993     0.240    4.00        0.150
 OA      -10.539       17.599        6.109    -0.271    3.20        0.200
  N      -11.341       15.895        7.335    -0.346    3.50        0.160
 HD      -11.987       15.584        8.029     0.163    2.00        0.000
  C      -10.516       14.865        6.642     0.180    4.00        0.150
  C      -10.575       13.482        7.369     0.013    4.00        0.150
  C       -9.899       12.415        6.489     0.012    4.00        0.150
  C      -10.034       13.456        8.832     0.002    4.00        0.150
  C       -8.517       13.886        9.092     0.005    4.00        0.150
  C      -10.897       14.684        5.145     0.241    4.00        0.150
 OA      -10.084       14.691        4.216    -0.271    3.20        0.200
  N      -12.180       14.570        4.823    -0.345    3.50        0.160
 HD      -12.783       14.520        5.615     0.163    2.00        0.000
  C      -12.646       14.371        3.496     0.186    4.00        0.150
  C      -14.121       13.987        3.401     0.144    4.00        0.150
  C      -14.280       12.516        3.769     0.141    4.00        0.150
 OA      -15.232       11.981        4.429    -0.650    3.20        0.200
 OA      -13.313       11.738        3.208    -0.776    3.20        0.200
 HD      -13.500       10.924        3.682     0.167    2.00        0.000
  C      -12.379       15.548        2.586     0.241    4.00        0.150
 OA      -11.963       15.336        1.446    -0.271    3.20        0.200
  N      -12.439       16.767        3.059    -0.346    3.50        0.160
 HD      -12.790       16.750        3.992     0.163    2.00        0.000
  C      -12.130       18.002        2.391     0.177    4.00        0.150
  C      -12.366       19.248        3.323     0.038    4.00        0.150
  C      -11.995       20.630        2.675    -0.020    4.00        0.150
  C      -12.870       20.895        1.436     0.009    4.00        0.150
  C      -11.999       21.693        3.722     0.009    4.00        0.150
  C      -10.658       17.983        2.003     0.241    4.00        0.150
 OA      -10.298       18.269        0.896    -0.271    3.20        0.200
  N       -9.804       17.429        2.908    -0.346    3.50        0.160
 HD      -10.043       17.151        3.836     0.163    2.00        0.000
  C       -8.440       17.249        2.568     0.172    4.00        0.150
  C       -7.677       17.040        3.817     0.042    4.00        0.150
  C       -8.096       16.064        1.660     0.240    4.00        0.150
 OA       -7.262       16.318        0.842    -0.271    3.20        0.200
  N       -8.864       14.928        1.682    -0.346    3.50        0.160
 HD       -9.371       14.766        2.525     0.163    2.00        0.000
  C       -8.855       13.845        0.709     0.177    4.00        0.150
  C       -9.698       12.666        1.435     0.038    4.00        0.150
  C       -9.558       11.269        0.740    -0.020    4.00        0.150
  C       -8.057       10.887        0.423     0.009    4.00        0.150
  C      -10.190       10.315        1.681     0.009    4.00        0.150
  C       -9.188       14.119       -0.686     0.241    4.00        0.150
 OA       -8.423       13.778       -1.620    -0.271    3.20        0.200
  N      -10.299       14.878       -0.906    -0.344    3.50        0.160
 HD      -10.832       15.135       -0.104     0.163    2.00        0.000
  C      -10.740       15.560       -2.109     0.200    4.00        0.150
  C      -12.072       16.273       -1.898     0.199    4.00        0.150
 OA      -12.542       16.982       -3.061    -0.398    3.20        0.200
 HD      -12.637       17.912       -2.843     0.209    2.00        0.000
  C       -9.648       16.572       -2.503     0.243    4.00        0.150
 OA       -9.165       16.541       -3.663    -0.271    3.20        0.200
  N       -9.145       17.425       -1.588    -0.344    3.50        0.160
 HD       -9.422       17.502       -0.633     0.163    2.00        0.000
  C       -8.088       18.453       -1.982     0.205    4.00        0.150
  C       -7.802       19.529       -0.905     0.146    4.00        0.150
 OA       -8.970       20.151       -0.411    -0.393    3.20        0.200
 HD       -9.426       19.515        0.145     0.210    2.00        0.000
  C       -6.917       20.630       -1.441     0.042    4.00        0.150
  C       -6.779       17.773       -2.436     0.243    4.00        0.150
 OA       -6.156       18.241       -3.365    -0.271    3.20        0.200
  N       -6.350       16.643       -1.838    -0.344    3.50        0.160
 HD       -6.806       16.300       -1.021     0.163    2.00        0.000
  C       -5.118       16.006       -2.281     0.200    4.00        0.150
  C       -4.289       15.411       -1.150     0.199    4.00        0.150
 OA       -3.849       16.485       -0.351    -0.398    3.20        0.200
 HD       -4.686       16.898       -0.124     0.209    2.00        0.000
  C       -5.346       15.008       -3.447     0.243    4.00        0.150
 OA       -4.416       14.476       -4.043    -0.271    3.20        0.200
  N       -6.586       14.766       -3.928    -0.344    3.50        0.160
 HD       -7.384       15.156       -3.474     0.163    2.00        0.000
  C       -6.803       14.039       -5.187     0.205    4.00        0.150
  C       -7.832       12.879       -5.015     0.146    4.00        0.150
 OA       -8.957       13.300       -4.338    -0.393    3.20        0.200
 HD       -8.793       13.211       -3.396     0.210    2.00        0.000
  C       -7.202       11.846       -4.172     0.042    4.00        0.150
  C       -7.187       14.897       -6.385     0.243    4.00        0.150
 OA       -6.313       15.287       -7.158    -0.271    3.20        0.200
  N       -8.566       15.246       -6.426    -0.346    3.50        0.160
 HD       -9.156       15.161       -5.626     0.163    2.00        0.000
  C       -9.334       15.791       -7.487     0.177    4.00        0.150
  C      -10.785       16.099       -7.090     0.045    4.00        0.150
  C      -11.672       14.905       -7.021     0.076    4.00        0.150
 SA      -13.244       15.287       -6.271    -0.173    4.00        0.200
  C      -13.987       13.652       -5.852     0.089    4.00        0.150
  C       -8.688       17.042       -8.178     0.243    4.00        0.150
 OA       -8.676       16.942       -9.394    -0.271    3.20        0.200
  N       -8.148       18.143       -7.612    -0.337    3.50        0.160
  C       -8.213       18.470       -6.163     0.127    4.00        0.150
  C       -7.375       19.235       -8.276     0.179    4.00        0.150
  C       -6.779       20.064       -7.172     0.037    4.00        0.150
  C       -7.745       19.933       -5.999     0.022    4.00        0.150
  C       -6.528       18.764       -9.393     0.241    4.00        0.150
 OA       -6.537       19.389      -10.490    -0.271    3.20        0.200
  N       -5.563       17.842       -9.158    -0.346    3.50        0.160
 HD       -5.429       17.595       -8.202     0.163    2.00        0.000
  C       -4.637       17.404      -10.180     0.176    4.00        0.150
  C       -3.561       16.494       -9.557     0.035    4.00        0.150
  C       -2.593       15.882      -10.602     0.004    4.00        0.150
  C       -1.787       17.047      -11.165     0.027    4.00        0.150
  C       -0.665       16.591      -12.194     0.229    4.00        0.150
  N        0.084       17.705      -12.746    -0.079    3.50        0.160
 HD        0.977       17.960      -12.278     0.274    2.00        0.000
 HD       -0.494       18.560      -12.866     0.274    2.00        0.000
 HD        0.417       17.357      -13.667     0.274    2.00        0.000
  C       -5.311       16.623      -11.289     0.241    4.00        0.150
 OA       -5.022       16.802      -12.450    -0.271    3.20        0.200
  N       -6.222       15.736      -10.913    -0.346    3.50        0.160
 HD       -6.372       15.546       -9.945     0.163    2.00        0.000
  C       -7.135       14.993      -11.773     0.180    4.00        0.150
  C       -8.073       14.013      -11.091     0.013    4.00        0.150
  C       -8.806       13.150      -12.085     0.012    4.00        0.150
  C       -7.274       13.199       -9.996     0.002    4.00        0.150
  C       -8.077       12.126       -9.228     0.005    4.00        0.150
  C       -7.858       15.979      -12.719     0.241    4.00        0.150
 OA       -7.911       15.794      -13.923    -0.271    3.20        0.200
  N       -8.404       17.058      -12.211    -0.346    3.50        0.160
 HD       -8.368       17.155      -11.219     0.163    2.00        0.000
  C       -9.255       17.883      -13.067     0.177    4.00        0.150
  C       -9.949       18.898      -12.097     0.038    4.00        0.150
  C      -11.194       18.262      -11.317    -0.020    4.00        0.150
  C      -11.668       19.189      -10.166     0.009    4.00        0.150
  C      -12.397       17.874      -12.224     0.009    4.00        0.150
  C       -8.457       18.754      -14.027     0.241    4.00        0.150
 OA       -8.984       19.123      -15.082    -0.271    3.20        0.200
  N       -7.199       19.100      -13.720    -0.346    3.50        0.160
 HD       -6.897       18.897      -12.792     0.163    2.00        0.000
  C       -6.169       19.766      -14.525     0.172    4.00        0.150
  C       -4.929       20.205      -13.678     0.042    4.00        0.150
  C       -5.625       18.764      -15.622     0.240    4.00        0.150
 OA       -5.370       19.099      -16.759    -0.271    3.20        0.200
  N       -5.417       17.457      -15.236    -0.346    3.50        0.160
 HD       -5.525       17.142      -14.297     0.163    2.00        0.000
  C       -5.072       16.347      -16.128     0.177    4.00        0.150
  C       -4.790       15.094      -15.333     0.038    4.00        0.150
  C       -3.991       13.955      -16.001    -0.020    4.00        0.150
  C       -3.562       12.911      -14.794     0.009    4.00        0.150
  C       -4.691       13.080      -17.115     0.009    4.00        0.150
  C       -6.086       16.097      -17.174     0.241    4.00        0.150
 OA       -5.792       16.075      -18.340    -0.271    3.20        0.200
  N       -7.340       16.068      -16.761    -0.346    3.50        0.160
 HD       -7.594       15.976      -15.803     0.163    2.00        0.000
  C       -8.479       15.897      -17.566     0.180    4.00        0.150
  C       -9.782       15.607      -16.677     0.073    4.00        0.150
  A       -9.864       14.169      -16.130    -0.056    4.00        0.150
  A       -8.684       13.359      -16.077     0.007    4.00        0.150
  A       -8.735       12.090      -15.474     0.001    4.00        0.150
  A       -9.865       11.666      -14.815     0.000    4.00        0.150
  A      -11.045       13.671      -15.516     0.007    4.00        0.150
  A      -11.055       12.403      -14.915     0.001    4.00        0.150
  C       -8.860       17.072      -18.439     0.241    4.00        0.150
 OA       -9.037       16.878      -19.677    -0.271    3.20        0.200
  N       -8.913       18.328      -18.008    -0.346    3.50        0.160
 HD       -8.979       18.521      -17.032     0.163    2.00        0.000
  C       -9.314       19.425      -18.877     0.181    4.00        0.150
  C      -10.166       20.492      -18.124     0.075    4.00        0.150
  A      -11.440       20.025      -17.530    -0.028    4.00        0.150
  A      -12.460       19.365      -18.160     0.096    4.00        0.150
  N      -13.638       19.511      -17.459    -0.365    3.50        0.160
 HD      -14.499       19.164      -17.761     0.165    2.00        0.000
  A      -13.430       20.272      -16.288     0.042    4.00        0.150
  A      -12.001       20.589      -16.293    -0.002    4.00        0.150
  A      -11.501       21.334      -15.271     0.014    4.00        0.150
  A      -12.348       21.727      -14.118     0.001    4.00        0.150
  A      -14.232       20.666      -15.280     0.030    4.00        0.150
  A      -13.673       21.409      -14.197     0.002    4.00        0.150
  C       -8.128       20.133      -19.547     0.241    4.00        0.150
 OA       -8.276       20.679      -20.603    -0.271    3.20        0.200
  N       -6.945       20.062      -19.081    -0.346    3.50        0.160
 HD       -6.843       19.608      -18.200     0.163    2.00        0.000
  C       -5.779       20.753      -19.673     0.180    4.00        0.150
  C       -5.241       21.632      -18.549     0.073    4.00        0.150
  A       -6.241       22.675      -18.014    -0.056    4.00        0.150
  A       -7.193       23.312      -18.893     0.007    4.00        0.150
  A       -7.943       24.411      -18.365     0.001    4.00        0.150
  A       -7.901       24.690      -17.003     0.000    4.00        0.150
  A       -6.169       23.042      -16.704     0.007    4.00        0.150
  A       -6.968       24.049      -16.184     0.001    4.00        0.150
  C       -4.597       19.827      -20.105     0.241    4.00        0.150
 OA       -3.640       20.221      -20.748    -0.271    3.20        0.200
  N       -4.768       18.478      -19.949    -0.345    3.50        0.160
 HD       -5.647       18.193      -19.578     0.163    2.00        0.000
  C       -3.768       17.451      -20.358     0.186    4.00        0.150
  C       -3.314       17.445      -21.863     0.147    4.00        0.150
  C       -4.457       17.037      -22.791     0.175    4.00        0.150
 OA       -4.382       17.365      -23.996    -0.648    3.20        0.200
 OA       -5.429       16.425      -22.360    -0.648    3.20        0.200
  C       -2.623       17.325      -19.431     0.241    4.00        0.150
 OA       -1.549       16.818      -19.812    -0.271    3.20        0.200
  N       -2.721       17.640      -18.184    -0.344    3.50        0.160
 HD       -3.559       18.029      -17.808     0.163    2.00        0.000
  C       -1.568       17.879      -17.303     0.200    4.00        0.150
  C       -1.815       19.013      -16.269     0.199    4.00        0.150
 OA       -1.990       20.286      -16.910    -0.398    3.20        0.200
 HD       -1.140       20.715      -17.032     0.209    2.00        0.000
  C       -1.064       16.581      -16.553     0.243    4.00        0.150
 OA       -1.261       16.329      -15.353    -0.271    3.20        0.200
  N       -0.389       15.707      -17.278    -0.346    3.50        0.160
 HD       -0.257       16.033      -18.211     0.163    2.00        0.000
  C       -0.002       14.338      -16.958     0.176    4.00        0.150
  C        0.098       13.507      -18.255     0.036    4.00        0.150
  C       -1.305       13.056      -18.724     0.023    4.00        0.150
  C       -1.348       12.028      -19.962     0.138    4.00        0.150
  N       -2.733       11.610      -20.189    -0.227    3.50        0.160
 HD       -2.952       10.810      -19.631     0.177    2.00        0.000
  C       -3.632       12.423      -20.664     0.665    4.00        0.150
  N       -3.369       13.377      -21.506    -0.235    3.50        0.160
 HD       -2.474       13.821      -21.558     0.174    2.00        0.000
 HD       -4.175       13.729      -21.981     0.174    2.00        0.000
  N       -4.880       12.225      -20.419    -0.235    3.50        0.160
 HD       -5.110       11.495      -19.776     0.174    2.00        0.000
 HD       -5.566       12.830      -20.824     0.174    2.00        0.000
  C        1.172       14.094      -16.044     0.241    4.00        0.150
 OA        1.265       13.184      -15.282    -0.271    3.20        0.200
  N        2.149       14.943      -16.100    -0.346    3.50        0.160
 HD        2.213       15.649      -16.801     0.163    2.00        0.000
  C        3.256       14.829      -15.133     0.177    4.00        0.150
  C        4.510       15.495      -15.832     0.045    4.00        0.150
  C        4.876       14.799      -17.142     0.116    4.00        0.150
  C        6.204       15.204      -17.725     0.172    4.00        0.150
 OA        7.015       15.943      -17.055    -0.648    3.20        0.200
 OA        6.580       14.820      -18.843    -0.648    3.20        0.200
  C        3.012       15.302      -13.816     0.241    4.00        0.150
 OA        2.063       15.940      -13.456    -0.271    3.20        0.200
  N        3.954       15.063      -12.932    -0.346    3.50        0.160
 HD        4.634       14.362      -13.131     0.163    2.00        0.000
  C        3.948       15.468      -11.532     0.180    4.00        0.150
  C        2.921       14.768      -10.640     0.013    4.00        0.150
  C        3.009       13.240      -10.586     0.012    4.00        0.150
  C        2.608       15.430       -9.193     0.002    4.00        0.150
  C        1.593       14.627       -8.307     0.005    4.00        0.150
  C        5.324       15.526      -10.920     0.241    4.00        0.150
 OA        6.169       14.669      -11.222    -0.271    3.20        0.200
  N        5.600       16.568      -10.043    -0.344    3.50        0.160
 HD        4.903       17.273       -9.934     0.163    2.00        0.000
  C        6.827       16.611       -9.251     0.200    4.00        0.150
  C        7.033       17.974       -8.564     0.199    4.00        0.150
 OA        8.151       18.020       -7.714    -0.398    3.20        0.200
 HD        8.795       18.111       -8.420     0.209    2.00        0.000
  C        6.907       15.486       -8.265     0.243    4.00        0.150
 OA        5.887       15.111       -7.670    -0.271    3.20        0.200
  N        8.137       14.935       -8.039    -0.346    3.50        0.160
 HD        8.960       15.275       -8.488     0.163    2.00        0.000
  C        8.560       13.836       -7.119     0.180    4.00        0.150
  C       10.025       13.558       -7.334     0.073    4.00        0.150
  A       10.561       12.455       -6.397    -0.056    4.00        0.150
  A       10.596       11.053       -6.711     0.007    4.00        0.150
  A       11.097       10.150       -5.763     0.001    4.00        0.150
  A       11.575       10.576       -4.521     0.000    4.00        0.150
  A       11.130       12.887       -5.139     0.007    4.00        0.150
  A       11.678       11.978       -4.255     0.001    4.00        0.150
  C        8.123       14.222       -5.736     0.241    4.00        0.150
 OA        7.526       13.505       -4.963    -0.271    3.20        0.200
  N        8.298       15.480       -5.455    -0.346    3.50        0.160
 HD        8.658       16.099       -6.149     0.163    2.00        0.000
  C        7.914       16.100       -4.206     0.177    4.00        0.150
  C        8.559       17.499       -3.990     0.045    4.00        0.150
  C        7.779       18.655       -3.192     0.116    4.00        0.150
  C        8.667       19.650       -2.431     0.172    4.00        0.150
 OA        9.456       20.336       -3.063    -0.648    3.20        0.200
 OA        8.629       19.697       -1.146    -0.648    3.20        0.200
  C        6.455       16.247       -4.003     0.241    4.00        0.150
 OA        6.008       15.820       -2.939    -0.271    3.20        0.200
  N        5.603       16.710       -5.006    -0.346    3.50        0.160
 HD        6.033       17.083       -5.825     0.163    2.00        0.000
  C        4.203       16.710       -4.817     0.172    4.00        0.150
  C        3.439       17.610       -5.833     0.042    4.00        0.150
  C        3.665       15.266       -4.811     0.240    4.00        0.150
 OA        2.848       15.004       -3.954    -0.271    3.20        0.200
  N        4.124       14.392       -5.756    -0.345    3.50        0.160
 HD        4.811       14.603       -6.446     0.163    2.00        0.000
  C        3.714       12.953       -5.776     0.186    4.00        0.150
  C        4.468       12.034       -6.708     0.120    4.00        0.150
 SA        3.793       10.368       -7.128    -0.095    4.00        0.200
  C        3.851       12.325       -4.389     0.241    4.00        0.150
 OA        2.935       11.741       -3.879    -0.271    3.20        0.200
  N        4.997       12.501       -3.665    -0.346    3.50        0.160
 HD        5.654       13.165       -4.015     0.163    2.00        0.000
  C        5.166       12.020       -2.359     0.177    4.00        0.150
  C        6.636       12.211       -1.764     0.038    4.00        0.150
  C        7.823       11.450       -2.396    -0.020    4.00        0.150
  C        9.173       11.643       -1.720     0.009    4.00        0.150
  C        7.538        9.971       -2.648     0.009    4.00        0.150
  C        4.184       12.608       -1.324     0.241    4.00        0.150
 OA        3.656       11.909       -0.514    -0.271    3.20        0.200
  N        4.003       13.945       -1.279    -0.344    3.50        0.160
 HD        4.428       14.519       -1.975     0.163    2.00        0.000
  C        3.045       14.566       -0.396     0.205    4.00        0.150
  C        3.066       16.085       -0.637     0.146    4.00        0.150
 OA        4.378       16.611       -0.304    -0.393    3.20        0.200
 HD        4.523       17.455       -0.736     0.210    2.00        0.000
  C        2.028       16.750        0.292     0.042    4.00        0.150
  C        1.705       14.038       -0.593     0.243    4.00        0.150
 OA        0.958       13.836        0.345    -0.271    3.20        0.200
  N        1.398       13.881       -1.873    -0.346    3.50        0.160
 HD        1.954       14.202       -2.635     0.163    2.00        0.000
  C        0.094       13.318       -2.245     0.177    4.00        0.150
  C        0.065       13.374       -3.822     0.044    4.00        0.150
  C       -1.420       13.213       -4.283     0.105    4.00        0.150
  C       -1.405       13.213       -5.800     0.215    4.00        0.150
 OA       -1.686       12.245       -6.503    -0.274    3.20        0.200
  N       -0.981       14.393       -6.317    -0.370    3.50        0.160
 HD       -0.874       15.217       -5.762     0.159    2.00        0.000
 HD       -1.144       14.458       -7.303     0.159    2.00        0.000
  C       -0.142       11.852       -1.733     0.241    4.00        0.150
 OA       -1.170       11.575       -1.076    -0.271    3.20        0.200
  N        0.869       10.980       -2.012    -0.346    3.50        0.160
 HD        1.643       11.338       -2.529     0.163    2.00        0.000
  C        0.865        9.624       -1.748     0.177    4.00        0.150
  C        1.990        8.857       -2.410     0.045    4.00        0.150
  C        2.023        7.365       -2.315     0.076    4.00        0.150
 SA        3.650        6.689       -2.691    -0.173    4.00        0.200
  C        3.900        7.077       -4.497     0.089    4.00        0.150
  C        0.801        9.331       -0.273     0.241    4.00        0.150
 OA       -0.030        8.557        0.169    -0.271    3.20        0.200
  N        1.559       10.163        0.488    -0.346    3.50        0.160
 HD        2.185       10.850        0.124     0.163    2.00        0.000
  C        1.482       10.256        1.952     0.180    4.00        0.150
  C        2.491       11.196        2.567     0.073    4.00        0.150
  A        2.289       11.689        4.029    -0.056    4.00        0.150
  A        2.318       12.974        4.391     0.007    4.00        0.150
  A        2.219       13.343        5.762     0.001    4.00        0.150
  A        2.017       12.299        6.692     0.000    4.00        0.150
  A        2.189       10.682        4.975     0.007    4.00        0.150
  A        2.041       10.944        6.310     0.001    4.00        0.150
  C        0.130       10.549        2.334     0.241    4.00        0.150
 OA       -0.579        9.733        2.970    -0.271    3.20        0.200
  N       -0.357       11.730        1.935    -0.346    3.50        0.160
 HD        0.151       12.361        1.355     0.163    2.00        0.000
  C       -1.616       12.201        2.463     0.180    4.00        0.150
  C       -1.909       13.632        1.856     0.073    4.00        0.150
  A       -1.142       14.714        2.625    -0.056    4.00        0.150
  A       -0.660       14.591        3.942     0.007    4.00        0.150
  A       -0.144       15.739        4.570     0.001    4.00        0.150
  A       -0.137       16.990        3.926     0.000    4.00        0.150
  A       -1.189       15.936        1.989     0.007    4.00        0.150
  A       -0.725       17.093        2.652     0.001    4.00        0.150
  C       -2.817       11.415        2.231     0.241    4.00        0.150
 OA       -3.530       11.116        3.170    -0.271    3.20        0.200
  N       -3.090       10.960        1.017    -0.346    3.50        0.160
 HD       -2.460       11.168        0.273     0.163    2.00        0.000
  C       -4.309       10.260        0.703     0.180    4.00        0.150
  C       -4.477        9.947       -0.747     0.013    4.00        0.150
  C       -4.730       11.307       -1.437     0.012    4.00        0.150
  C       -3.381        9.213       -1.509     0.002    4.00        0.150
  C       -3.788        7.795       -1.996     0.005    4.00        0.150
  C       -4.377        8.965        1.508     0.241    4.00        0.150
 OA       -5.415        8.652        2.042    -0.271    3.20        0.200
  N       -3.276        8.189        1.635    -0.346    3.50        0.160
 HD       -2.395        8.468        1.260     0.163    2.00        0.000
  C       -3.272        6.955        2.442     0.182    4.00        0.150
  C       -2.187        5.947        2.086     0.093    4.00        0.150
  N       -3.298        4.761        0.018    -0.353    3.50        0.160
 HD       -4.177        4.317        0.189     0.166    2.00        0.000
  A       -2.298        5.466        0.623     0.030    4.00        0.150
  A       -2.819        4.501       -1.212     0.207    4.00        0.150
 NA       -1.548        4.798       -1.357    -0.254    3.50        0.160
  A       -1.206        5.454       -0.225     0.143    4.00        0.150
  C       -3.290        7.205        3.932     0.241    4.00        0.150
 OA       -3.882        6.478        4.731    -0.271    3.20        0.200
  N       -2.567        8.285        4.365    -0.346    3.50        0.160
 HD       -2.024        8.870        3.768     0.163    2.00        0.000
  C       -2.676        8.733        5.689     0.172    4.00        0.150
  C       -1.737        9.976        5.726     0.042    4.00        0.150
  C       -4.097        9.274        6.169     0.240    4.00        0.150
 OA       -4.717        8.882        7.194    -0.271    3.20        0.200
  N       -4.728       10.114        5.318    -0.346    3.50        0.160
 HD       -4.389       10.501        4.464     0.163    2.00        0.000
  C       -6.114       10.480        5.469     0.177    4.00        0.150
  C       -6.560       11.589        4.472     0.038    4.00        0.150
  C       -5.911       12.974        4.657    -0.020    4.00        0.150
  C       -5.762       13.672        3.322     0.009    4.00        0.150
  C       -6.599       13.902        5.689     0.009    4.00        0.150
  C       -7.202        9.328        5.489     0.241    4.00        0.150
 OA       -8.098        9.289        6.299    -0.271    3.20        0.200
  N       -7.097        8.356        4.617    -0.344    3.50        0.160
 HD       -6.442        8.491        3.877     0.163    2.00        0.000
  C       -7.853        7.116        4.535     0.200    4.00        0.150
  C       -7.322        6.215        3.368     0.199    4.00        0.150
 OA       -7.409        6.873        2.090    -0.398    3.20        0.200
 HD       -7.023        7.750        2.143     0.209    2.00        0.000
  C       -7.794        6.405        5.891     0.243    4.00        0.150
 OA       -8.789        5.925        6.490    -0.271    3.20        0.200
  N       -6.566        6.240        6.425    -0.346    3.50        0.160
 HD       -5.823        6.650        5.902     0.163    2.00        0.000
  C       -6.273        5.822        7.793     0.172    4.00        0.150
  C       -4.745        5.644        7.966     0.042    4.00        0.150
  C       -6.795        6.609        8.951     0.240    4.00        0.150
 OA       -7.132        6.013       10.044    -0.271    3.20        0.200
  N       -6.868        7.963        8.839    -0.346    3.50        0.160
 HD       -6.415        8.412        8.074     0.163    2.00        0.000
  C       -7.602        8.759        9.845     0.180    4.00        0.150
  C       -7.155       10.274        9.856     0.013    4.00        0.150
  C       -7.910       10.954       10.980     0.012    4.00        0.150
  C       -5.635       10.346       10.082     0.002    4.00        0.150
  C       -5.074       11.724        9.907     0.005    4.00        0.150
  C       -9.149        8.538        9.855     0.241    4.00        0.150
 OA       -9.700        8.220       10.887    -0.271    3.20        0.200
  N       -9.682        8.451        8.628    -0.346    3.50        0.160
 HD       -9.127        8.403        7.799     0.163    2.00        0.000
  C      -11.111        8.228        8.383     0.177    4.00        0.150
  C      -11.409        8.533        6.905     0.045    4.00        0.150
  C      -12.752        7.905        6.472     0.116    4.00        0.150
  C      -13.404        8.316        5.187     0.172    4.00        0.150
 OA      -13.047        9.339        4.574    -0.648    3.20        0.200
 OA      -14.230        7.511        4.700    -0.648    3.20        0.200
  C      -11.600        6.877        8.844     0.241    4.00        0.150
 OA      -12.585        6.744        9.531    -0.271    3.20        0.200
  N      -10.852        5.778        8.566    -0.344    3.50        0.160
 HD      -10.185        5.947        7.846     0.163    2.00        0.000
  C      -11.148        4.470        9.119     0.200    4.00        0.150
  C      -10.090        3.520        8.642     0.199    4.00        0.150
 OA      -10.301        2.217        9.076    -0.398    3.20        0.200
 HD       -9.755        2.022        9.841     0.209    2.00        0.000
  C      -11.256        4.449       10.676     0.243    4.00        0.150
 OA      -12.113        3.810       11.276    -0.271    3.20        0.200
  N      -10.400        5.253       11.401    -0.344    3.50        0.160
 HD       -9.779        5.715       10.772     0.163    2.00        0.000
  C      -10.403        5.330       12.879     0.205    4.00        0.150
  C       -9.258        6.034       13.543     0.146    4.00        0.150
 OA       -8.027        5.582       12.989    -0.393    3.20        0.200
 HD       -8.102        5.981       12.119     0.210    2.00        0.000
  C       -9.182        5.809       15.106     0.042    4.00        0.150
  C      -11.615        6.178       13.305     0.243    4.00        0.150
 OA      -12.166        5.925       14.389    -0.271    3.20        0.200
  N      -12.085        7.112       12.420    -0.346    3.50        0.160
 HD      -11.729        7.174       11.491     0.163    2.00        0.000
  C      -13.261        7.963       12.642     0.180    4.00        0.150
  C      -13.166        9.284       11.880     0.013    4.00        0.150
  C      -14.545        9.959       11.919     0.012    4.00        0.150
  C      -12.169       10.175       12.711     0.002    4.00        0.150
  C      -11.883       11.574       12.092     0.005    4.00        0.150
  C      -14.552        7.155       12.411     0.241    4.00        0.150
 OA      -15.457        7.169       13.217    -0.271    3.20        0.200
  N      -14.612        6.316       11.364    -0.346    3.50        0.160
 HD      -13.817        6.309       10.762     0.163    2.00        0.000
  C      -15.795        5.500       11.061     0.177    4.00        0.150
  C      -15.660        4.671        9.744     0.038    4.00        0.150
  C      -15.638        5.498        8.372    -0.020    4.00        0.150
  C      -15.432        4.513        7.226     0.009    4.00        0.150
  C      -16.918        6.408        8.192     0.009    4.00        0.150
  C      -16.076        4.464       12.211     0.241    4.00        0.150
 OA      -17.251        4.261       12.607    -0.271    3.20        0.200
  N      -15.006        3.817       12.697    -0.346    3.50        0.160
 HD      -14.101        3.901       12.288     0.163    2.00        0.000
  C      -14.979        3.024       13.932     0.177    4.00        0.150
  C      -13.727        2.152       14.248     0.038    4.00        0.150
  C      -13.725        1.236       15.494    -0.020    4.00        0.150
  C      -15.002        0.440       15.702     0.009    4.00        0.150
  C      -12.498        0.260       15.545     0.009    4.00        0.150
  C      -15.445        3.856       15.126     0.241    4.00        0.150
 OA      -16.162        3.381       15.966    -0.271    3.20        0.200
  N      -14.985        5.069       15.232    -0.346    3.50        0.160
 HD      -14.389        5.527       14.577     0.163    2.00        0.000
  C      -15.385        5.912       16.292     0.172    4.00        0.150
  C      -14.412        7.093       16.579     0.042    4.00        0.150
  C      -16.899        6.223       16.292     0.240    4.00        0.150
 OA      -17.590        6.082       17.313    -0.271    3.20        0.200
  N      -17.476        6.596       15.110    -0.346    3.50        0.160
 HD      -16.866        6.788       14.345     0.163    2.00        0.000
  C      -18.915        6.725       14.781     0.177    4.00        0.150
  C      -18.993        7.239       13.326     0.045    4.00        0.150
  C      -18.465        8.705       13.300     0.076    4.00        0.150
 SA      -18.454        9.448       11.704    -0.173    4.00        0.200
  C      -19.739        8.771       10.742     0.089    4.00        0.150
  C      -19.656        5.475       15.120     0.241    4.00        0.150
 OA      -20.682        5.582       15.800    -0.271    3.20        0.200
  N      -19.126        4.240       14.773    -0.346    3.50        0.160
 HD      -18.373        4.125       14.130     0.163    2.00        0.000
  C      -19.679        2.957       15.221     0.172    4.00        0.150
  C      -18.965        1.785       14.474     0.042    4.00        0.150
  C      -19.744        2.763       16.722     0.240    4.00        0.150
 OA      -20.743        2.183       17.244    -0.271    3.20        0.200
  N      -18.735        3.238       17.534    -0.346    3.50        0.160
 HD      -17.848        3.474       17.146     0.163    2.00        0.000
  C      -18.792        3.303       19.010     0.180    4.00        0.150
  C      -17.380        3.668       19.535     0.073    4.00        0.150
  A      -17.297        3.895       21.066    -0.056    4.00        0.150
  A      -17.838        2.959       21.983     0.007    4.00        0.150
  A      -17.763        3.195       23.399     0.001    4.00        0.150
  A      -17.339        4.467       23.882     0.000    4.00        0.150
  A      -16.730        5.060       21.593     0.007    4.00        0.150
  A      -16.758        5.369       22.975     0.001    4.00        0.150
  C      -19.933        4.181       19.536     0.241    4.00        0.150
 OA      -20.619        3.782       20.424    -0.271    3.20        0.200
  N      -20.068        5.493       19.041    -0.345    3.50        0.160
 HD      -19.447        5.845       18.346     0.163    2.00        0.000
  C      -21.299        6.348       19.330     0.186    4.00        0.150
  C      -20.989        7.666       18.550     0.147    4.00        0.150
  C      -22.244        8.550       18.347     0.175    4.00        0.150
 OA      -22.617        9.339       19.290    -0.648    3.20        0.200
 OA      -22.846        8.339       17.251    -0.648    3.20        0.200
  C      -22.642        5.764       19.035     0.241    4.00        0.150
 OA      -23.542        5.855       19.885    -0.271    3.20        0.200
  N      -22.758        5.035       17.919    -0.346    3.50        0.160
 HD      -22.064        5.075       17.205     0.163    2.00        0.000
  C      -23.930        4.328       17.718     0.176    4.00        0.150
  C      -24.092        3.737       16.254     0.036    4.00        0.150
  C      -24.562        4.703       15.176     0.022    4.00        0.150
  C      -23.517        5.376       14.237     0.122    4.00        0.150
  N      -23.348        6.810       14.677    -0.367    3.50        0.160
 HD      -23.494        6.915       15.659     0.162    2.00        0.000
  C      -22.821        7.765       13.908     0.143    4.00        0.150
 NA      -22.680        7.669       12.583    -0.274    3.50        0.160
 HD      -23.139        6.889       12.155     0.127    2.00        0.000
 HD      -22.845        8.534       12.109     0.127    2.00        0.000
  N      -22.547        8.881       14.514    -0.376    3.50        0.160
 HD      -22.731        8.909       15.497     0.158    2.00        0.000
 HD      -22.080        9.646       14.070     0.158    2.00        0.000
  C      -24.135        3.192       18.674     0.241    4.00        0.150
 OA      -25.204        3.126       19.242    -0.271    3.20        0.200
  N      -23.111        2.402       19.029    -0.346    3.50        0.160
 HD      -22.229        2.495       18.573     0.163    2.00        0.000
  C      -23.092        1.292       19.957     0.180    4.00        0.150
  C      -21.673        0.591       19.944     0.073    4.00        0.150
  A      -21.606       -0.654       20.896    -0.056    4.00        0.150
  A      -22.680       -1.613       20.965     0.010    4.00        0.150
  A      -22.574       -2.758       21.770     0.037    4.00        0.150
  A      -21.351       -3.040       22.358     0.065    4.00        0.150
 OA      -21.171       -4.221       23.186    -0.361    3.20        0.200
 HD      -20.237       -4.275       23.401     0.217    2.00        0.000
  A      -20.424       -0.982       21.543     0.010    4.00        0.150
  A      -20.289       -2.122       22.320     0.037    4.00        0.150
  C      -23.522        1.676       21.363     0.241    4.00        0.150
 OA      -24.348        1.046       22.012    -0.271    3.20        0.200
  N      -22.838        2.715       21.892    -0.346    3.50        0.160
 HD      -22.066        3.089       21.382     0.163    2.00        0.000
  C      -23.098        3.387       23.179     0.180    4.00        0.150
  C      -21.830        4.265       23.660     0.009    4.00        0.150
  C      -22.369        5.247       24.738     0.012    4.00        0.150
  C      -20.755        3.324       24.218     0.012    4.00        0.150
  C      -24.464        4.062       23.314     0.241    4.00        0.150
 OA      -25.198        3.994       24.266    -0.271    3.20        0.200
  N      -24.899        4.878       22.267    -0.346    3.50        0.160
 HD      -24.392        4.914       21.409     0.163    2.00        0.000
  C      -26.273        5.351       22.251     0.172    4.00        0.150
  C      -26.462        6.455       21.217     0.042    4.00        0.150
  C      -27.420        4.338       22.015     0.240    4.00        0.150
 OA      -28.530        4.473       22.559    -0.271    3.20        0.200
  N      -27.154        3.230       21.275    -0.346    3.50        0.160
 HD      -26.300        3.070       20.787     0.163    2.00        0.000
  C      -28.294        2.338       20.936     0.180    4.00        0.150
  C      -28.162        2.010       19.505     0.013    4.00        0.150
  C      -29.280        1.069       19.075     0.012    4.00        0.150
  C      -28.312        3.398       18.713     0.002    4.00        0.150
  C      -28.187        3.321       17.206     0.005    4.00        0.150
  C      -28.284        1.043       21.777     0.241    4.00        0.150
 OA      -29.334        0.629       22.273    -0.271    3.20        0.200
  N      -27.174        0.321       22.024    -0.345    3.50        0.160
 HD      -26.280        0.694       21.785     0.163    2.00        0.000
  C      -27.223       -0.893       22.822     0.185    4.00        0.150
  C      -26.137       -1.959       22.272     0.105    4.00        0.150
 SA      -26.457       -2.393       20.529    -0.180    4.00        0.200
 HD      -27.518       -3.124       20.839     0.101    2.00        0.000
  C      -27.005       -0.550       24.259     0.241    4.00        0.150
 OA      -27.136       -1.419       25.101    -0.271    3.20        0.200
  N      -26.814        0.731       24.650    -0.346    3.50        0.160
 HD      -26.903        1.479       23.997     0.163    2.00        0.000
  C      -26.739        1.033       26.073     0.182    4.00        0.150
  C      -25.278        1.178       26.557     0.093    4.00        0.150
  N      -23.888       -0.209       24.963    -0.353    3.50        0.160
 HD      -24.335        0.173       24.154     0.166    2.00        0.000
  A      -24.481       -0.017       26.235     0.030    4.00        0.150
  A      -23.063       -1.246       24.994     0.207    4.00        0.150
 NA      -22.923       -1.775       26.231    -0.254    3.50        0.160
  A      -23.851       -1.049       27.014     0.143    4.00        0.150
  C      -27.448        2.398       26.404     0.243    4.00        0.150
 OA      -26.853        3.277       27.037    -0.271    3.20        0.200
  N      -28.838        2.504       26.085    -0.337    3.50        0.160
  C      -29.763        1.323       25.974     0.127    4.00        0.150
  C      -29.512        3.738       25.704     0.179    4.00        0.150
  C      -30.765        3.275       25.055     0.037    4.00        0.150
  C      -31.154        1.965       25.765     0.022    4.00        0.150
  C      -29.601        4.652       26.948     0.241    4.00        0.150
 OA      -29.220        5.821       26.785    -0.271    3.20        0.200
  N      -29.959        4.172       28.159    -0.346    3.50        0.160
 HD      -30.102        3.190       28.262     0.163    2.00        0.000
  C      -30.186        5.019       29.388     0.177    4.00        0.150
  C      -30.974        4.287       30.592     0.038    4.00        0.150
  C      -32.354        3.733       30.174    -0.020    4.00        0.150
  C      -33.141        3.040       31.351     0.009    4.00        0.150
  C      -33.277        4.806       29.596     0.009    4.00        0.150
  C      -28.897        5.422       30.060     0.241    4.00        0.150
 OA      -28.859        6.366       30.893    -0.271    3.20        0.200
  N      -27.726        4.746       29.684    -0.346    3.50        0.160
 HD      -27.825        4.027       29.001     0.163    2.00        0.000
  C      -26.369        4.944       30.318     0.176    4.00        0.150
  C      -25.646        3.682       30.752     0.036    4.00        0.150
  C      -26.420        2.889       31.826     0.023    4.00        0.150
  C      -25.543        1.911       32.658     0.138    4.00        0.150
  N      -26.412        1.393       33.721    -0.227    3.50        0.160
 HD      -26.166        1.687       34.645     0.177    2.00        0.000
  C      -27.217        0.320       33.729     0.665    4.00        0.150
  N      -27.640       -0.282       32.609    -0.235    3.50        0.160
 HD      -27.065       -0.102       31.812     0.174    2.00        0.000
 HD      -28.023       -1.193       32.762     0.174    2.00        0.000
  N      -27.780       -0.020       34.871    -0.235    3.50        0.160
 HD      -27.597        0.564       35.662     0.174    2.00        0.000
 HD      -28.493       -0.707       35.010     0.174    2.00        0.000
  C      -25.392        5.723       29.386     0.241    4.00        0.150
 OA      -24.243        5.930       29.787    -0.271    3.20        0.200
  N      -25.741        6.100       28.150    -0.346    3.50        0.160
 HD      -26.666        5.881       27.848     0.163    2.00        0.000
  C      -24.885        6.666       27.116     0.182    4.00        0.150
  C      -25.720        7.104       25.790     0.093    4.00        0.150
  N      -27.921        8.329       26.233    -0.353    3.50        0.160
 HD      -28.384        7.552       26.658     0.166    2.00        0.000
  A      -26.605        8.283       25.841     0.030    4.00        0.150
  A      -28.376        9.601       26.007     0.207    4.00        0.150
 NA      -27.422       10.323       25.438    -0.254    3.50        0.160
  A      -26.314        9.481       25.408     0.143    4.00        0.150
  C      -24.077        7.841       27.663     0.241    4.00        0.150
 OA      -22.911        7.861       27.390    -0.271    3.20        0.200
  N      -24.679        8.806       28.481    -0.346    3.50        0.160
 HD      -25.645        8.698       28.702     0.163    2.00        0.000
  C      -24.128        9.972       29.071     0.172    4.00        0.150
  C      -25.336       10.701       29.800     0.042    4.00        0.150
  C      -23.010        9.720       30.114     0.240    4.00        0.150
 OA      -22.042       10.522       30.216    -0.271    3.20        0.200
  N      -23.046        8.670       30.933    -0.346    3.50        0.160
 HD      -23.823        8.047       30.893     0.163    2.00        0.000
  C      -22.028        8.294       31.927     0.172    4.00        0.150
  C      -22.649        7.340       33.022     0.042    4.00        0.150
  C      -20.764        7.692       31.225     0.240    4.00        0.150
 OA      -19.616        7.698       31.822    -0.271    3.20        0.200
  N      -20.911        7.267       29.973    -0.346    3.50        0.160
 HD      -21.846        7.342       29.637     0.163    2.00        0.000
  C      -19.937        6.632       29.182     0.180    4.00        0.150
  C      -20.514        5.414       28.423     0.009    4.00        0.150
  C      -19.412        4.775       27.595     0.012    4.00        0.150
  C      -21.004        4.362       29.422     0.012    4.00        0.150
  C      -19.164        7.659       28.305     0.241    4.00        0.150
 OA      -17.999        7.911       28.548    -0.271    3.20        0.200
  N      -19.888        8.308       27.371    -0.346    3.50        0.160
 HD      -20.882        8.218       27.369     0.163    2.00        0.000
  C      -19.356        9.216       26.368     0.177    4.00        0.150
  C      -19.705        8.596       24.926     0.038    4.00        0.150
  C      -19.339        9.437       23.725    -0.020    4.00        0.150
  C      -17.810        9.664       23.636     0.009    4.00        0.150
  C      -19.875        8.752       22.399     0.009    4.00        0.150
  C      -19.745       10.702       26.591     0.241    4.00        0.150
 OA      -20.826       10.981       27.143    -0.271    3.20        0.200
  N      -18.819       11.621       26.265    -0.346    3.50        0.160
 HD      -17.904       11.473       25.899     0.163    2.00        0.000
  C      -19.073       13.052       26.493     0.185    4.00        0.150
  C      -18.792       13.458       27.971     0.137    4.00        0.150
  C      -17.354       13.202       28.407     0.217    4.00        0.150
 OA      -16.397       13.151       27.669    -0.274    3.20        0.200
  N      -17.170       12.888       29.711    -0.370    3.50        0.160
 HD      -16.256       12.851       30.114     0.159    2.00        0.000
 HD      -17.903       12.394       30.178     0.159    2.00        0.000
  C      -18.205       13.903       25.541     0.241    4.00        0.150
 OA      -17.354       13.392       24.860    -0.271    3.20        0.200
  N      -18.363       15.222       25.509    -0.346    3.50        0.160
 HD      -19.163       15.663       25.908     0.163    2.00        0.000
  C      -17.513       16.105       24.745     0.185    4.00        0.150
  C      -18.036       17.611       24.824     0.137    4.00        0.150
  C      -19.433       17.914       24.276     0.217    4.00        0.150
 OA      -19.931       19.018       24.495    -0.274    3.20        0.200
  N      -20.124       16.968       23.626    -0.370    3.50        0.160
 HD      -20.976       17.247       23.184     0.159    2.00        0.000
 HD      -19.850       16.007       23.674     0.159    2.00        0.000
  C      -15.987       16.074       25.144     0.241    4.00        0.150
 OA      -15.143       16.345       24.283    -0.271    3.20        0.200
  N      -15.624       15.817       26.407    -0.344    3.50        0.160
 HD      -16.369       15.689       27.056     0.163    2.00        0.000
  C      -14.221       15.608       26.858     0.205    4.00        0.150
  C      -13.972       15.467       28.344     0.146    4.00        0.150
 OA      -14.344       16.728       28.906    -0.393    3.20        0.200
 HD      -15.298       16.675       28.827     0.210    2.00        0.000
  C      -12.590       15.171       28.833     0.042    4.00        0.150
  C      -13.352       14.456       26.138     0.243    4.00        0.150
 OA      -12.247       14.625       25.639    -0.271    3.20        0.200
  N      -13.983       13.227       26.168    -0.346    3.50        0.160
 HD      -14.905       13.168       26.542     0.163    2.00        0.000
  C      -13.373       12.064       25.519     0.180    4.00        0.150
  C      -13.908       10.667       26.065     0.009    4.00        0.150
  C      -15.385       10.478       25.818     0.012    4.00        0.150
  C      -13.164        9.402       25.444     0.012    4.00        0.150
  C      -13.511       12.140       23.978     0.241    4.00        0.150
 OA      -12.654       11.676       23.278    -0.271    3.20        0.200
  N      -14.591       12.850       23.519    -0.344    3.50        0.160
 HD      -15.358       13.188       24.056     0.163    2.00        0.000
  C      -14.819       12.997       22.056     0.205    4.00        0.150
  C      -16.092       13.750       21.739     0.146    4.00        0.150
 OA      -17.267       13.015       22.111    -0.393    3.20        0.200
 HD      -17.321       13.075       23.068     0.210    2.00        0.000
  C      -16.246       13.935       20.214     0.042    4.00        0.150
  C      -13.654       13.664       21.411     0.243    4.00        0.150
 OA      -13.158       13.291       20.405    -0.271    3.20        0.200
  N      -13.203       14.784       22.009    -0.346    3.50        0.160
 HD      -13.624       15.137       22.840     0.163    2.00        0.000
  C      -12.066       15.566       21.571     0.172    4.00        0.150
  C      -11.955       16.684       22.573     0.042    4.00        0.150
  C      -10.791       14.758       21.528     0.240    4.00        0.150
 OA       -9.930       14.893       20.624    -0.271    3.20        0.200
  N      -10.570       13.909       22.567    -0.346    3.50        0.160
 HD      -11.299       13.671       23.205     0.163    2.00        0.000
  C       -9.323       13.156       22.793     0.177    4.00        0.150
  C       -9.216       12.508       24.222     0.044    4.00        0.150
  C       -9.175       13.447       25.428     0.105    4.00        0.150
  C       -8.534       14.886       25.152     0.215    4.00        0.150
 OA       -7.406       15.134       24.649    -0.274    3.20        0.200
  N       -9.283       15.943       25.391    -0.370    3.50        0.160
 HD       -8.796       16.781       25.145     0.159    2.00        0.000
 HD      -10.213       15.782       25.721     0.159    2.00        0.000
  C       -9.163       12.059       21.736     0.241    4.00        0.150
 OA       -8.154       11.797       21.138    -0.271    3.20        0.200
  N      -10.328       11.383       21.405    -0.346    3.50        0.160
 HD      -11.057       11.468       22.080     0.163    2.00        0.000
  C      -10.509       10.459       20.303     0.180    4.00        0.150
  C      -11.914        9.807       20.265     0.013    4.00        0.150
  C      -11.964        8.815       19.093     0.012    4.00        0.150
  C      -12.334        8.991       21.559     0.002    4.00        0.150
  C      -13.860        8.830       21.666     0.005    4.00        0.150
  C      -10.188       11.157       18.943     0.241    4.00        0.150
 OA       -9.581       10.594       18.069    -0.271    3.20        0.200
  N      -10.593       12.446       18.732    -0.351    3.50        0.160
 HD      -11.123       12.920       19.431     0.163    2.00        0.000
  C      -10.266       13.234       17.488     0.225    4.00        0.150
  C       -8.770       13.406       17.239     0.236    4.00        0.150
 OA       -8.368       13.606       16.074    -0.272    3.20        0.200
  N       -7.909       13.380       18.308    -0.346    3.50        0.160
 HD       -8.368       13.322       19.191     0.163    2.00        0.000
  C       -6.460       13.490       18.205     0.180    4.00        0.150
  C       -5.802       14.503       19.093     0.013    4.00        0.150
  C       -6.218       14.366       20.592     0.012    4.00        0.150
  C       -4.295       14.640       18.843     0.002    4.00        0.150
  C       -3.385       13.737       19.662     0.005    4.00        0.150
  C       -5.821       12.120       18.144     0.241    4.00        0.150
 OA       -4.906       11.824       17.392    -0.271    3.20        0.200
  N       -6.293       11.120       19.025    -0.346    3.50        0.160
 HD       -6.962       11.360       19.724     0.163    2.00        0.000
  C       -5.745        9.760       18.991     0.180    4.00        0.150
  C       -6.505        8.988       20.057     0.009    4.00        0.150
  C       -6.408        7.490       19.830     0.012    4.00        0.150
  C       -5.801        9.311       21.392     0.012    4.00        0.150
  C       -5.937        9.148       17.629     0.241    4.00        0.150
 OA       -5.090        8.358       17.236    -0.271    3.20        0.200
  N       -7.012        9.429       16.823    -0.346    3.50        0.160
 HD       -7.685       10.053       17.210     0.163    2.00        0.000
  C       -7.151        8.962       15.425     0.172    4.00        0.150
  C       -8.552        9.384       15.053     0.042    4.00        0.150
  C       -6.138        9.565       14.412     0.240    4.00        0.150
 OA       -5.483        8.780       13.752    -0.271    3.20        0.200
  N       -5.961       10.889       14.436    -0.346    3.50        0.160
 HD       -6.517       11.464       15.031     0.163    2.00        0.000
  C       -4.866       11.548       13.682     0.180    4.00        0.150
  C       -4.949       13.049       13.890     0.009    4.00        0.150
  C       -3.721       13.807       13.323     0.012    4.00        0.150
  C       -6.190       13.750       13.318     0.012    4.00        0.150
  C       -3.409       11.028       13.980     0.241    4.00        0.150
 OA       -2.654       10.731       13.064    -0.271    3.20        0.200
  N       -3.065       10.904       15.303    -0.346    3.50        0.160
 HD       -3.738       11.206       15.974     0.163    2.00        0.000
  C       -1.737       10.442       15.662     0.180    4.00        0.150
  C       -1.172       10.882       17.011     0.009    4.00        0.150
  C       -1.232       12.409       17.072     0.012    4.00        0.150
  C       -2.050       10.195       18.154     0.012    4.00        0.150
  C       -1.492        9.022       15.466     0.241    4.00        0.150
 OA       -0.395        8.567       15.217    -0.271    3.20        0.200
  N       -2.577        8.149       15.472    -0.346    3.50        0.160
 HD       -3.453        8.538       15.749     0.163    2.00        0.000
  C       -2.554        6.733       15.148     0.176    4.00        0.150
  C       -3.876        6.030       15.720     0.036    4.00        0.150
  C       -4.075        4.573       15.215     0.023    4.00        0.150
  C       -5.403        4.372       14.359     0.138    4.00        0.150
  N       -5.600        2.909       14.283    -0.227    3.50        0.160
 HD       -4.838        2.265       14.237     0.177    2.00        0.000
  C       -6.667        2.280       13.794     0.665    4.00        0.150
  N       -7.696        2.953       13.352    -0.235    3.50        0.160
 HD       -7.583        3.939       13.234     0.174    2.00        0.000
 HD       -8.185        2.422       12.659     0.174    2.00        0.000
  N       -6.824        0.988       13.884    -0.235    3.50        0.160
 HD       -6.048        0.421       14.162     0.174    2.00        0.000
 HD       -7.620        0.628       13.398     0.174    2.00        0.000
  C       -2.420        6.413       13.694     0.240    4.00        0.150
 OA       -1.568        5.637       13.273    -0.271    3.20        0.200
  N       -3.272        6.964       12.785    -0.351    3.50        0.160
 HD       -3.940        7.642       13.082     0.163    2.00        0.000
  C       -3.114        6.724       11.373     0.225    4.00        0.150
  C       -1.796        7.178       10.783     0.236    4.00        0.150
 OA       -1.270        6.537        9.831    -0.272    3.20        0.200
  N       -1.268        8.301       11.244    -0.344    3.50        0.160
 HD       -1.746        8.730       12.007     0.163    2.00        0.000
  C       -0.174        9.047       10.599     0.200    4.00        0.150
  C       -0.051       10.542       11.098     0.199    4.00        0.150
 OA       -1.328       11.217       10.903    -0.398    3.20        0.200
 HD       -1.834       11.054       11.702     0.209    2.00        0.000
  C        1.115        8.254       10.654     0.243    4.00        0.150
 OA        1.684        8.129        9.542    -0.271    3.20        0.200
  N        1.533        7.645       11.810    -0.346    3.50        0.160
 HD        0.993        8.011       12.563     0.163    2.00        0.000
  C        2.757        6.891       12.113     0.177    4.00        0.150
  C        2.827        6.681       13.610     0.038    4.00        0.150
  C        2.859        7.999       14.420    -0.020    4.00        0.150
  C        2.941        7.598       15.935     0.009    4.00        0.150
  C        3.962        9.045       13.998     0.009    4.00        0.150
  C        2.946        5.731       11.255     0.241    4.00        0.150
 OA        4.064        5.402       10.939    -0.271    3.20        0.200
  N        1.795        5.077       10.834    -0.346    3.50        0.160
 HD        0.884        5.364       11.124     0.163    2.00        0.000
  C        1.908        3.948        9.864     0.180    4.00        0.150
  C        0.585        3.221        9.722     0.073    4.00        0.150
  A        0.348        2.479       10.933    -0.056    4.00        0.150
  A        0.798        1.231       11.294     0.007    4.00        0.150
  A        0.513        0.580       12.523     0.001    4.00        0.150
  A       -0.391        1.221       13.374     0.000    4.00        0.150
  A       -0.614        2.985       11.846     0.007    4.00        0.150
  A       -0.986        2.384       13.019     0.001    4.00        0.150
  C        2.239        4.293        8.482     0.241    4.00        0.150
 OA        2.857        3.505        7.789    -0.271    3.20        0.200
  N        1.874        5.470        7.957    -0.346    3.50        0.160
 HD        1.493        6.184        8.538     0.163    2.00        0.000
  C        2.293        5.880        6.600     0.180    4.00        0.150
  C        0.921        6.352        5.981     0.073    4.00        0.150
  A       -0.014        5.232        5.804    -0.056    4.00        0.150
  A        0.240        4.284        4.791     0.007    4.00        0.150
  A       -0.641        3.214        4.594     0.001    4.00        0.150
  A       -1.681        2.982        5.476     0.000    4.00        0.150
  A       -1.095        4.939        6.720     0.007    4.00        0.150
  A       -1.879        3.747        6.653     0.001    4.00        0.150
  C        3.235        7.044        6.589     0.241    4.00        0.150
 OA        3.719        7.440        5.510    -0.271    3.20        0.200
  N        3.624        7.623        7.736    -0.346    3.50        0.160
 HD        3.199        7.321        8.586     0.163    2.00        0.000
  C        4.506        8.717        7.825     0.181    4.00        0.150
  C        4.433        9.416        9.182     0.073    4.00        0.150
  A        5.482       10.525        9.595    -0.056    4.00        0.150
  A        5.595       11.731        8.881     0.007    4.00        0.150
  A        6.517       12.766        9.164     0.001    4.00        0.150
  A        7.344       12.540       10.208     0.000    4.00        0.150
  A        6.335       10.405       10.682     0.007    4.00        0.150
  A        7.199       11.430       11.041     0.001    4.00        0.150
  C        5.942        8.298        7.280     0.243    4.00        0.150
 OA        6.614        9.176        6.673    -0.271    3.20        0.200
  N        6.574        7.098        7.547    -0.337    3.50        0.160
  C        6.264        6.206        8.665     0.127    4.00        0.150
  C        7.822        6.774        6.827     0.179    4.00        0.150
  C        8.367        5.579        7.557     0.037    4.00        0.150
  C        7.607        5.493        8.889     0.022    4.00        0.150
  C        7.707        6.615        5.330     0.241    4.00        0.150
 OA        8.741        6.411        4.720    -0.271    3.20        0.200
  N        6.498        6.430        4.777    -0.346    3.50        0.160
 HD        5.685        6.510        5.350     0.163    2.00        0.000
  C        6.356        5.935        3.442     0.177    4.00        0.150
  C        4.920        5.676        3.196     0.038    4.00        0.150
  C        4.513        5.107        1.742    -0.020    4.00        0.150
  C        5.289        3.775        1.422     0.009    4.00        0.150
  C        3.027        4.966        1.574     0.009    4.00        0.150
  C        7.041        6.724        2.318     0.243    4.00        0.150
 OA        7.631        6.150        1.390    -0.271    3.20        0.200
  N        7.080        8.025        2.259    -0.337    3.50        0.160
  C        6.016        8.899        2.813     0.127    4.00        0.150
  C        8.025        8.831        1.392     0.179    4.00        0.150
  C        7.776       10.268        1.873     0.037    4.00        0.150
  C        6.285       10.324        2.189     0.022    4.00        0.150
  C        9.425        8.417        1.509     0.241    4.00        0.150
 OA       10.041        8.391        0.516    -0.271    3.20        0.200
  N        9.984        8.113        2.698    -0.346    3.50        0.160
 HD        9.388        8.076        3.496     0.163    2.00        0.000
  C       11.447        7.866        2.850     0.177    4.00        0.150
  C       11.897        7.779        4.322     0.038    4.00        0.150
  C       11.448        8.974        5.180    -0.020    4.00        0.150
  C       11.874        8.810        6.719     0.009    4.00        0.150
  C       11.827       10.360        4.670     0.009    4.00        0.150
  C       11.871        6.577        2.189     0.241    4.00        0.150
 OA       12.997        6.407        1.819    -0.271    3.20        0.200
  N       10.917        5.615        2.145    -0.346    3.50        0.160
 HD       10.045        5.766        2.605     0.163    2.00        0.000
  C       11.020        4.411        1.291     0.177    4.00        0.150
  C        9.895        3.410        1.640     0.038    4.00        0.150
  C        9.729        3.113        3.199    -0.020    4.00        0.150
  C        8.594        2.102        3.510     0.009    4.00        0.150
  C       11.053        2.716        3.906     0.009    4.00        0.150
  C       10.924        4.631       -0.222     0.241    4.00        0.150
 OA       11.673        3.999       -1.008    -0.271    3.20        0.200
  N       10.075        5.579       -0.760    -0.346    3.50        0.160
 HD        9.528        6.151       -0.154     0.163    2.00        0.000
  C       10.152        6.017       -2.173     0.180    4.00        0.150
  C        8.754        6.595       -2.506     0.013    4.00        0.150
  C        8.769        7.005       -4.021     0.012    4.00        0.150
  C        7.598        5.675       -2.247     0.002    4.00        0.150
  C        7.776        4.275       -2.903     0.005    4.00        0.150
  C       11.364        6.835       -2.512     0.241    4.00        0.150
 OA       11.936        6.782       -3.629    -0.271    3.20        0.200
  N       11.983        7.556       -1.501    -0.346    3.50        0.160
 HD       11.476        7.861       -0.698     0.163    2.00        0.000
  C       13.300        8.110       -1.526     0.176    4.00        0.150
  C       13.604        9.095       -0.383     0.035    4.00        0.150
  C       12.910       10.532       -0.492     0.004    4.00        0.150
  C       13.625       11.631        0.232     0.027    4.00        0.150
  C       13.102       13.079       -0.116     0.229    4.00        0.150
  N       13.734       14.099        0.645    -0.079    3.50        0.160
 HD       13.346       14.081        1.609     0.274    2.00        0.000
 HD       13.464       15.046        0.309     0.274    2.00        0.000
 HD       14.772       14.159        0.691     0.274    2.00        0.000
  C       14.423        7.055       -1.693     0.241    4.00        0.150
 OA       15.502        7.381       -2.338    -0.271    3.20        0.200
  N       14.365        5.829       -1.054    -0.346    3.50        0.160
 HD       13.545        5.532       -0.572     0.163    2.00        0.000
  C       15.272        4.735       -1.313     0.176    4.00        0.150
  C       15.034        3.567       -0.317     0.036    4.00        0.150
  C       15.309        3.887        1.184     0.023    4.00        0.150
  C       16.833        3.833        1.686     0.138    4.00        0.150
  N       17.219        2.378        1.751    -0.227    3.50        0.160
 HD       16.604        1.656        1.433     0.177    2.00        0.000
  C       18.347        1.939        2.312     0.665    4.00        0.150
  N       19.264        2.688        2.864    -0.235    3.50        0.160
 HD       19.238        3.687        2.904     0.174    2.00        0.000
 HD       20.164        2.307        3.073     0.174    2.00        0.000
  N       18.499        0.597        2.390    -0.235    3.50        0.160
 HD       19.182        0.242        3.028     0.174    2.00        0.000
 HD       17.805       -0.008        2.002     0.174    2.00        0.000
  C       15.211        4.144       -2.728     0.241    4.00        0.150
 OA       16.169        3.732       -3.431    -0.271    3.20        0.200
  N       13.966        3.943       -3.358    -0.346    3.50        0.160
 HD       13.142        4.166       -2.844     0.163    2.00        0.000
  C       13.866        3.427       -4.684     0.177    4.00        0.150
  C       12.411        3.127       -5.124     0.038    4.00        0.150
  C       11.601        2.105       -4.245    -0.020    4.00        0.150
  C       10.086        1.988       -4.647     0.009    4.00        0.150
  C       12.218        0.751       -4.236     0.009    4.00        0.150
  C       14.530        4.176       -5.826     0.241    4.00        0.150
 OA       14.814        5.402       -5.770    -0.271    3.20        0.200
  N       14.906        3.410       -6.874    -0.346    3.50        0.160
 HD       14.810        2.418       -6.861     0.163    2.00        0.000
  C       15.558        4.071       -8.018     0.172    4.00        0.150
  C       16.812        3.309       -8.230     0.042    4.00        0.150
  C       14.620        4.091       -9.274     0.240    4.00        0.150
 OA       14.302        3.025       -9.846    -0.271    3.20        0.200
  N       14.122        5.283       -9.768    -0.346    3.50        0.160
 HD       14.408        6.151       -9.369     0.163    2.00        0.000
  C       13.157        5.360      -10.804     0.180    4.00        0.150
  C       12.053        6.306      -10.438     0.073    4.00        0.150
  A       11.354        5.855       -9.211    -0.056    4.00        0.150
  A       10.422        4.839       -9.273     0.007    4.00        0.150
  A        9.799        4.302       -8.119     0.001    4.00        0.150
  A       10.118        4.874       -6.911     0.000    4.00        0.150
  A       11.652        6.443       -7.976     0.007    4.00        0.150
  A       11.119        5.893       -6.848     0.001    4.00        0.150
  C       13.784        5.755      -12.099     0.241    4.00        0.150
 OA       14.118        6.966      -12.277    -0.271    3.20        0.200
  N       13.768        4.881      -13.093    -0.345    3.50        0.160
 HD       13.261        4.028      -12.992     0.163    2.00        0.000
  C       14.466        5.141      -14.332     0.186    4.00        0.150
  C       16.007        4.893      -14.067     0.120    4.00        0.150
 SA       16.418        3.160      -13.546    -0.095    4.00        0.200
  C       14.113        4.232      -15.592     0.242    4.00        0.150
 OA       14.244        4.683      -16.741    -0.271    3.20        0.200
  N       13.712        2.985      -15.349    -0.346    3.50        0.160
 HD       13.655        2.548      -14.455     0.163    2.00        0.000
  C       13.184        2.096      -16.360     0.182    4.00        0.150
  C       13.338        0.586      -16.060     0.093    4.00        0.150
  N       15.953        0.526      -16.402    -0.353    3.50        0.160
 HD       16.071        1.289      -17.037     0.166    2.00        0.000
  A       14.800        0.137      -15.739     0.030    4.00        0.150
  A       16.988       -0.086      -15.774     0.207    4.00        0.150
 NA       16.594       -0.814      -14.747    -0.254    3.50        0.160
  A       15.195       -0.665      -14.698     0.143    4.00        0.150
  C       11.766        2.427      -16.640     0.241    4.00        0.150
 OA       11.176        2.192      -17.704    -0.271    3.20        0.200
  N       11.123        3.005      -15.684    -0.344    3.50        0.160
 HD       11.533        3.182      -14.793     0.163    2.00        0.000
  C        9.856        3.638      -15.928     0.200    4.00        0.150
  C        8.659        2.648      -16.014     0.199    4.00        0.150
 OA        7.416        3.352      -16.278    -0.398    3.20        0.200
 HD        6.941        2.761      -16.866     0.209    2.00        0.000
  C        9.569        4.570      -14.734     0.243    4.00        0.150
 OA       10.302        4.659      -13.752    -0.271    3.20        0.200
  N        8.436        5.295      -14.829    -0.345    3.50        0.160
 HD        7.843        5.016      -15.581     0.163    2.00        0.000
  C        7.841        6.212      -13.880     0.185    4.00        0.150
  C        8.584        7.586      -13.767     0.137    4.00        0.150
  C        8.842        8.294      -15.070     0.217    4.00        0.150
 OA        8.556        7.857      -16.173    -0.274    3.20        0.200
  N        9.211        9.618      -14.918    -0.370    3.50        0.160
 HD        9.550       10.141      -15.700     0.159    2.00        0.000
 HD        9.345        9.944      -13.982     0.159    2.00        0.000
  C        6.418        6.480      -14.194     0.241    4.00        0.150
 OA        5.807        7.415      -13.654    -0.271    3.20        0.200
  N        5.782        5.641      -15.084    -0.346    3.50        0.160
 HD        6.226        4.896      -15.574     0.163    2.00        0.000
  C        4.354        5.871      -15.485     0.180    4.00        0.150
  C        4.081        5.568      -16.956     0.009    4.00        0.150
  C        4.703        4.251      -17.408     0.012    4.00        0.150
  C        2.552        5.732      -17.225     0.012    4.00        0.150
  C        3.397        5.087      -14.528     0.241    4.00        0.150
 OA        3.413        3.913      -14.350    -0.271    3.20        0.200
  N        2.542        5.884      -13.844    -0.346    3.50        0.160
 HD        2.582        6.865      -14.018     0.163    2.00        0.000
  C        1.456        5.336      -12.977     0.177    4.00        0.150
  C        1.157        6.337      -11.747     0.038    4.00        0.150
  C        2.176        6.413      -10.626    -0.020    4.00        0.150
  C        3.447        7.201      -11.003     0.009    4.00        0.150
  C        1.431        7.106       -9.397     0.009    4.00        0.150
  C        0.227        5.289      -13.914     0.241    4.00        0.150
 OA       -0.028        6.271      -14.674    -0.271    3.20        0.200
  N       -0.471        4.105      -13.923    -0.344    3.50        0.160
 HD       -0.259        3.352      -13.305     0.163    2.00        0.000
  C       -1.656        3.790      -14.741     0.200    4.00        0.150
  C       -1.940        2.265      -14.885     0.199    4.00        0.150
 OA       -0.922        1.732      -15.725    -0.398    3.20        0.200
 HD       -0.093        1.989      -15.313     0.209    2.00        0.000
  C       -2.823        4.456      -14.025     0.243    4.00        0.150
 OA       -3.921        3.931      -14.170    -0.271    3.20        0.200
  N       -2.640        5.595      -13.360    -0.346    3.50        0.160
 HD       -1.788        6.114      -13.362     0.163    2.00        0.000
  C       -3.717        6.261      -12.731     0.182    4.00        0.150
  C       -3.934        5.864      -11.209     0.093    4.00        0.150
  N       -5.261        3.767      -10.489    -0.353    3.50        0.160
 HD       -6.129        4.204      -10.256     0.166    2.00        0.000
  A       -4.111        4.388      -10.953     0.030    4.00        0.150
  A       -4.974        2.489      -10.036     0.207    4.00        0.150
 NA       -3.677        2.275      -10.219    -0.254    3.50        0.160
  A       -3.153        3.438      -10.831     0.143    4.00        0.150
  C       -3.495        7.716      -12.876     0.241    4.00        0.150
 OA       -2.467        8.079      -13.372    -0.271    3.20        0.200
  N       -4.393        8.520      -12.447    -0.344    3.50        0.160
 HD       -5.282        8.146      -12.196     0.163    2.00        0.000
  C       -4.299       10.033      -12.435     0.200    4.00        0.150
  C       -5.822       10.565      -12.562     0.199    4.00        0.150
 OA       -6.449       10.011      -13.714    -0.398    3.20        0.200
 HD       -6.637        9.080      -13.576     0.209    2.00        0.000
  C       -3.852       10.519      -11.116     0.243    4.00        0.150
 OA       -4.063       11.657      -10.750    -0.271    3.20        0.200
  N       -3.283        9.617      -10.277    -0.346    3.50        0.160
 HD       -3.156        8.653      -10.495     0.163    2.00        0.000
  C       -3.009        9.823       -8.850     0.180    4.00        0.150
  C       -4.283        9.746       -7.877     0.073    4.00        0.150
  A       -5.181        8.613       -8.184    -0.056    4.00        0.150
  A       -4.769        7.336       -7.923     0.010    4.00        0.150
  A       -5.609        6.242       -8.246     0.037    4.00        0.150
  A       -6.764        6.438       -9.041     0.065    4.00        0.150
 OA       -7.450        5.271       -9.537    -0.361    3.20        0.200
 HD       -8.278        5.576       -9.914     0.217    2.00        0.000
  A       -6.335        8.795       -8.946     0.010    4.00        0.150
  A       -7.172        7.717       -9.318     0.037    4.00        0.150
  C       -1.815        9.020       -8.392     0.241    4.00        0.150
 OA       -1.526        7.887       -8.883    -0.271    3.20        0.200
  N       -1.208        9.628       -7.369    -0.345    3.50        0.160
 HD       -1.342       10.567       -7.062     0.163    2.00        0.000
  C       -0.105        8.939       -6.797     0.186    4.00        0.150
  C        0.977        9.917       -6.238     0.120    4.00        0.150
 SA        1.884       10.806       -7.478    -0.095    4.00        0.200
  C       -0.571        8.006       -5.662     0.242    4.00        0.150
 OA       -0.441        8.274       -4.423    -0.271    3.20        0.200
  N       -0.984        6.777       -6.037    -0.346    3.50        0.160
 HD       -1.084        6.575       -7.009     0.163    2.00        0.000
  C       -1.152        5.669       -5.107     0.180    4.00        0.150
  C       -2.337        4.827       -5.288     0.009    4.00        0.150
  C       -3.600        5.620       -4.888     0.012    4.00        0.150
  C       -2.474        4.316       -6.780     0.012    4.00        0.150
  C        0.145        4.916       -4.999     0.241    4.00        0.150
 OA        0.945        4.780       -5.927    -0.271    3.20        0.200
  N        0.373        4.458       -3.732    -0.346    3.50        0.160
 HD       -0.284        4.653       -3.007     0.163    2.00        0.000
  C        1.628        3.694       -3.451     0.182    4.00        0.150
  C        1.854        3.372       -1.937     0.093    4.00        0.150
  N        3.189        1.607       -0.519    -0.353    3.50        0.160
 HD        2.429        1.526        0.126     0.166    2.00        0.000
  A        3.098        2.598       -1.510     0.030    4.00        0.150
  A        4.481        1.127       -0.498     0.207    4.00        0.150
 NA        5.216        1.661       -1.485    -0.254    3.50        0.160
  A        4.322        2.535       -2.129     0.143    4.00        0.150
  C        1.849        2.459       -4.261     0.241    4.00        0.150
 OA        2.913        2.105       -4.788    -0.271    3.20        0.200
  N        0.762        1.630       -4.360    -0.346    3.50        0.160
 HD       -0.076        1.829       -3.858     0.163    2.00        0.000
  C        0.609        0.498       -5.105     0.177    4.00        0.150
  C       -0.923        0.148       -5.103     0.044    4.00        0.150
  C       -1.407       -0.790       -3.989     0.105    4.00        0.150
  C       -1.056       -0.346       -2.621     0.215    4.00        0.150
 OA       -1.139        0.852       -2.414    -0.274    3.20        0.200
  N       -0.900       -1.241       -1.603    -0.370    3.50        0.160
 HD       -0.987       -0.953       -0.650     0.159    2.00        0.000
 HD       -0.602       -2.189       -1.703     0.159    2.00        0.000
  C        1.219        0.426       -6.493     0.241    4.00        0.150
 OA        1.934       -0.499       -6.773    -0.271    3.20        0.200
  N        1.047        1.480       -7.301    -0.346    3.50        0.160
 HD        0.414        2.207       -7.045     0.163    2.00        0.000
  C        1.689        1.426       -8.643     0.186    4.00        0.150
  C        0.884        2.435       -9.585     0.147    4.00        0.150
  C        0.777        1.938      -11.028     0.175    4.00        0.150
 OA        0.069        2.559      -11.825    -0.648    3.20        0.200
 OA        1.465        0.926      -11.355    -0.648    3.20        0.200
  C        3.263        1.666       -8.570     0.241    4.00        0.150
 OA        4.078        0.895       -9.035    -0.271    3.20        0.200
  N        3.594        2.627       -7.758    -0.346    3.50        0.160
 HD        2.910        3.150       -7.256     0.163    2.00        0.000
  C        4.979        3.085       -7.505     0.180    4.00        0.150
  C        5.006        4.426       -6.755     0.009    4.00        0.150
  C        6.462        4.882       -6.497     0.012    4.00        0.150
  C        4.259        5.447       -7.583     0.012    4.00        0.150
  C        5.999        2.045       -7.043     0.241    4.00        0.150
 OA        7.152        2.056       -7.458    -0.271    3.20        0.200
  N        5.557        1.110       -6.150    -0.346    3.50        0.160
 HD        4.652        1.183       -5.739     0.163    2.00        0.000
  C        6.494        0.152       -5.623     0.177    4.00        0.150
  C        5.825       -0.513       -4.398     0.045    4.00        0.150
  C        4.836       -1.698       -4.612     0.076    4.00        0.150
 SA        4.156       -2.213       -3.072    -0.173    4.00        0.200
  C        2.502       -3.026       -3.384     0.089    4.00        0.150
  C        6.807       -0.918       -6.672     0.241    4.00        0.150
 OA        7.798       -1.591       -6.366    -0.271    3.20        0.200
  N        5.998       -1.066       -7.749    -0.346    3.50        0.160
 HD        5.254       -0.468       -8.036     0.163    2.00        0.000
  C        6.176       -1.944       -8.789     0.176    4.00        0.150
  C        4.814       -2.685       -9.110     0.035    4.00        0.150
  C        4.283       -3.689       -8.151     0.004    4.00        0.150
  C        4.946       -5.076       -8.053     0.027    4.00        0.150
  C        4.418       -5.926       -6.947     0.229    4.00        0.150
  N        5.060       -7.234       -7.035    -0.079    3.50        0.160
 HD        6.082       -7.116       -7.193     0.274    2.00        0.000
 HD        4.794       -7.705       -7.925     0.274    2.00        0.000
 HD        4.916       -7.924       -6.271     0.274    2.00        0.000
  C        6.800       -1.260       -9.941     0.241    4.00        0.150
 OA        7.067       -1.941      -10.955    -0.271    3.20        0.200
  N        7.078        0.067       -9.862    -0.346    3.50        0.160
 HD        6.913        0.628       -9.056     0.163    2.00        0.000
  C        7.700        0.781      -10.935     0.177    4.00        0.150
  C        7.158        2.264      -11.037     0.038    4.00        0.150
  C        5.704        2.333      -11.675    -0.020    4.00        0.150
  C        5.177        3.805      -11.439     0.009    4.00        0.150
  C        5.754        1.946      -13.130     0.009    4.00        0.150
  C        9.271        0.801      -10.723     0.241    4.00        0.150
 OA        9.989        1.644      -11.240    -0.271    3.20        0.200
  N        9.763       -0.065       -9.764    -0.346    3.50        0.160
 HD        9.290       -0.915       -9.542     0.163    2.00        0.000
  C       11.085       -0.043       -9.401     0.172    4.00        0.150
  C       11.229        0.728       -8.077     0.042    4.00        0.150
  C       11.618       -1.387       -9.288     0.240    4.00        0.150
 OA       10.816       -2.287       -9.010    -0.271    3.20        0.200
  N       12.932       -1.562       -9.530    -0.346    3.50        0.160
 HD       13.430       -0.766       -9.868     0.163    2.00        0.000
  C       13.642       -2.807       -9.493     0.180    4.00        0.150
  C       14.413       -3.131      -10.884     0.073    4.00        0.150
  A       13.446       -3.477      -12.064    -0.056    4.00        0.150
  A       12.754       -2.412      -12.703     0.010    4.00        0.150
  A       11.824       -2.622      -13.760     0.037    4.00        0.150
  A       11.791       -3.909      -14.261     0.065    4.00        0.150
 OA       10.980       -4.229      -15.378    -0.361    3.20        0.200
 HD       10.737       -3.374      -15.740     0.217    2.00        0.000
  A       13.442       -4.691      -12.699     0.010    4.00        0.150
  A       12.606       -4.903      -13.809     0.037    4.00        0.150
  C       14.613       -2.691       -8.378     0.241    4.00        0.150
 OA       15.371       -1.701       -8.383    -0.271    3.20        0.200
  N       14.598       -3.596       -7.342    -0.346    3.50        0.160
 HD       13.910       -4.317       -7.366     0.163    2.00        0.000
  C       15.510       -3.669       -6.167     0.172    4.00        0.150
  C       17.008       -3.769       -6.582     0.042    4.00        0.150
  C       15.257       -2.708       -5.095     0.240    4.00        0.150
 OA       14.663       -1.638       -5.297    -0.271    3.20        0.200
  N       15.431       -3.172       -3.829    -0.346    3.50        0.160
 HD       15.954       -4.013       -3.705     0.163    2.00        0.000
  C       15.018       -2.371       -2.646     0.186    4.00        0.150
  C       15.752       -1.009       -2.470     0.147    4.00        0.150
  C       17.207       -1.152       -2.275     0.175    4.00        0.150
 OA       17.989       -0.219       -2.657    -0.648    3.20        0.200
 OA       17.715       -2.206       -1.745    -0.648    3.20        0.200
  C       13.502       -2.321       -2.501     0.241    4.00        0.150
 OA       12.947       -1.477       -1.734    -0.271    3.20        0.200
  N       12.755       -3.101       -3.233    -0.344    3.50        0.160
 HD       13.179       -3.925       -3.603     0.163    2.00        0.000
  C       11.356       -2.944       -3.212     0.205    4.00        0.150
  C       10.529       -3.311       -4.471     0.146    4.00        0.150
 OA       10.921       -4.556       -5.117    -0.393    3.20        0.200
 HD       10.645       -5.256       -4.520     0.210    2.00        0.000
  C       10.927       -2.309       -5.597     0.042    4.00        0.150
  C       10.661       -3.699       -2.022     0.243    4.00        0.150
 OA        9.499       -3.354       -1.712    -0.271    3.20        0.200
  N       11.344       -4.565       -1.295    -0.346    3.50        0.160
 HD       12.278       -4.768       -1.576     0.163    2.00        0.000
  C       10.763       -5.254       -0.113     0.177    4.00        0.150
  C       11.795       -6.270        0.483     0.038    4.00        0.150
  C       11.244       -7.184        1.575    -0.020    4.00        0.150
  C       10.524       -8.363        0.854     0.009    4.00        0.150
  C       12.417       -7.737        2.305     0.009    4.00        0.150
  C       10.155       -4.403        0.980     0.243    4.00        0.150
 OA        9.059       -4.633        1.401    -0.271    3.20        0.200
  N       10.681       -3.307        1.508    -0.337    3.50        0.160
  C       12.066       -2.876        1.460     0.127    4.00        0.150
  C        9.933       -2.596        2.545     0.179    4.00        0.150
  C       10.895       -1.555        3.122     0.037    4.00        0.150
  C       12.106       -1.461        2.145     0.022    4.00        0.150
  C        8.723       -1.885        1.966     0.241    4.00        0.150
 OA        7.701       -1.843        2.632    -0.271    3.20        0.200
  N        8.798       -1.327        0.737    -0.346    3.50        0.160
 HD        9.687       -1.305        0.288     0.163    2.00        0.000
  C        7.563       -0.903        0.049     0.185    4.00        0.150
  C        7.916       -0.281       -1.377     0.137    4.00        0.150
  C        8.772        0.957       -1.090     0.217    4.00        0.150
 OA        9.968        0.860       -1.275    -0.274    3.20        0.200
  N        8.109        2.056       -0.661    -0.370    3.50        0.160
 HD        8.585        2.841       -0.265     0.159    2.00        0.000
 HD        7.115        2.005       -0.756     0.159    2.00        0.000
  C        6.450       -1.879       -0.123     0.241    4.00        0.150
 OA        5.284       -1.627        0.256    -0.271    3.20        0.200
  N        6.793       -3.157       -0.464    -0.346    3.50        0.160
 HD        7.732       -3.409       -0.682     0.163    2.00        0.000
  C        5.857       -4.336       -0.720     0.180    4.00        0.150
  C        6.595       -5.481       -1.349     0.009    4.00        0.150
  C        5.666       -6.662       -1.413     0.012    4.00        0.150
  C        6.892       -4.993       -2.750     0.012    4.00        0.150
  C        5.256       -4.796        0.625     0.241    4.00        0.150
 OA        4.062       -5.085        0.719    -0.271    3.20        0.200
  N        6.049       -4.842        1.659    -0.346    3.50        0.160
 HD        7.026       -4.639        1.637     0.163    2.00        0.000
  C        5.663       -4.952        3.097     0.180    4.00        0.150
  C        6.895       -5.038        3.976     0.009    4.00        0.150
  C        6.660       -4.891        5.474     0.012    4.00        0.150
  C        7.607       -6.408        3.668     0.012    4.00        0.150
  C        4.773       -3.744        3.542     0.241    4.00        0.150
 OA        3.682       -3.916        4.104    -0.271    3.20        0.200
  N        5.176       -2.487        3.261    -0.346    3.50        0.160
 HD        6.066       -2.159        2.955     0.163    2.00        0.000
  C        4.338       -1.249        3.486     0.180    4.00        0.150
  C        5.003        0.065        3.308     0.073    4.00        0.150
  A        5.548        0.588        4.619    -0.056    4.00        0.150
  A        5.377        1.969        4.915     0.010    4.00        0.150
  A        5.720        2.461        6.226     0.037    4.00        0.150
  A        6.401        1.587        7.123     0.065    4.00        0.150
 OA        6.731        2.106        8.380    -0.361    3.20        0.200
 HD        7.454        1.576        8.725     0.217    2.00        0.000
  A        6.298       -0.199        5.506     0.010    4.00        0.150
  A        6.746        0.312        6.742     0.037    4.00        0.150
  C        2.946       -1.359        2.834     0.241    4.00        0.150
 OA        1.965       -0.978        3.428    -0.271    3.20        0.200
  N        2.982       -1.991        1.659    -0.351    3.50        0.160
 HD        3.888       -2.110        1.261     0.163    2.00        0.000
  C        1.794       -2.240        0.841     0.225    4.00        0.150
  C        0.699       -3.049        1.547     0.236    4.00        0.150
 OA       -0.466       -2.674        1.410    -0.272    3.20        0.200
  N        1.025       -4.114        2.321    -0.346    3.50        0.160
 HD        1.889       -4.605        2.233     0.163    2.00        0.000
  C       -0.135       -4.755        2.972     0.177    4.00        0.150
  C        0.093       -6.281        2.703     0.038    4.00        0.150
  C       -1.245       -7.100        2.804    -0.020    4.00        0.150
  C       -2.430       -6.644        1.971     0.009    4.00        0.150
  C       -1.013       -8.599        2.534     0.009    4.00        0.150
  C       -0.132       -4.531        4.433     0.241    4.00        0.150
 OA       -1.225       -4.341        4.964    -0.271    3.20        0.200
  N        1.059       -4.476        5.083    -0.344    3.50        0.160
 HD        1.913       -4.489        4.569     0.163    2.00        0.000
  C        1.114       -4.364        6.504     0.205    4.00        0.150
  C        2.496       -4.470        7.151     0.146    4.00        0.150
 OA        3.363       -3.376        6.816    -0.393    3.20        0.200
 HD        3.465       -3.272        5.867     0.210    2.00        0.000
  C        3.143       -5.770        6.789     0.042    4.00        0.150
  C        0.406       -3.195        7.095     0.243    4.00        0.150
 OA       -0.395       -3.432        7.969    -0.271    3.20        0.200
  N        0.562       -1.853        6.655    -0.346    3.50        0.160
 HD        1.259       -1.524        6.022     0.163    2.00        0.000
  C       -0.089       -0.698        7.226     0.172    4.00        0.150
  C        0.448        0.594        6.579     0.042    4.00        0.150
  C       -1.596       -0.763        7.051     0.240    4.00        0.150
 OA       -2.440       -0.517        7.918    -0.271    3.20        0.200
  N       -2.052       -1.333        5.901    -0.346    3.50        0.160
 HD       -1.405       -1.678        5.224     0.163    2.00        0.000
  C       -3.406       -1.598        5.571     0.180    4.00        0.150
  C       -3.552       -2.131        4.104     0.013    4.00        0.150
  C       -5.033       -2.371        3.793     0.012    4.00        0.150
  C       -2.850       -1.145        3.124     0.002    4.00        0.150
  C       -3.448        0.251        3.078     0.005    4.00        0.150
  C       -4.144       -2.585        6.460     0.241    4.00        0.150
 OA       -5.250       -2.265        6.945    -0.271    3.20        0.200
  N       -3.541       -3.755        6.760    -0.346    3.50        0.160
 HD       -2.748       -4.006        6.210     0.163    2.00        0.000
  C       -3.953       -4.638        7.799     0.177    4.00        0.150
  C       -3.077       -5.876        7.925     0.038    4.00        0.150
  C       -3.147       -6.774        6.667    -0.020    4.00        0.150
  C       -2.137       -7.929        6.909     0.009    4.00        0.150
  C       -4.521       -7.270        6.303     0.009    4.00        0.150
  C       -4.036       -4.021        9.178     0.241    4.00        0.150
 OA       -4.882       -4.323        9.994    -0.271    3.20        0.200
  N       -3.084       -3.159        9.558    -0.346    3.50        0.160
 HD       -2.459       -2.898        8.826     0.163    2.00        0.000
  C       -2.965       -2.591       10.834     0.177    4.00        0.150
  C       -1.548       -1.995       10.950     0.038    4.00        0.150
  C       -0.553       -3.138       11.189    -0.020    4.00        0.150
  C        0.911       -2.768       10.768     0.009    4.00        0.150
  C       -0.555       -3.636       12.625     0.009    4.00        0.150
  C       -3.800       -1.467       11.178     0.241    4.00        0.150
 OA       -4.302       -1.463       12.299    -0.271    3.20        0.200
  N       -4.037       -0.507       10.194    -0.346    3.50        0.160
 HD       -3.538       -0.497        9.332     0.163    2.00        0.000
  C       -5.178        0.390       10.402     0.180    4.00        0.150
  C       -4.829        1.788        9.899     0.009    4.00        0.150
  C       -6.044        2.729       10.031     0.012    4.00        0.150
  C       -3.626        2.368       10.675     0.012    4.00        0.150
  C       -6.466       -0.299        9.955     0.241    4.00        0.150
 OA       -7.180       -0.988       10.689    -0.271    3.20        0.200
  N       -6.821       -0.248        8.643    -0.346    3.50        0.160
 HD       -6.146        0.055        7.974     0.163    2.00        0.000
  C       -8.113       -0.482        8.076     0.177    4.00        0.150
  C       -8.086       -0.122        6.524     0.045    4.00        0.150
  C       -7.731        1.306        6.093     0.076    4.00        0.150
 SA       -5.955        1.599        6.251    -0.173    4.00        0.200
  C       -5.721        2.913        5.065     0.089    4.00        0.150
  C       -8.619       -1.916        8.321     0.240    4.00        0.150
 OA       -9.822       -2.021        8.579    -0.271    3.20        0.200
  N       -7.792       -2.915        8.269    -0.351    3.50        0.160
 HD       -6.847       -2.641        8.107     0.163    2.00        0.000
  C       -8.085       -4.350        8.290     0.225    4.00        0.150
  C       -8.549       -4.751        9.708     0.236    4.00        0.150
 OA       -9.229       -5.752        9.760    -0.272    3.20        0.200
  N       -8.230       -4.011       10.805    -0.346    3.50        0.160
 HD       -7.791       -3.122       10.701     0.163    2.00        0.000
  C       -8.859       -4.323       12.081     0.180    4.00        0.150
  C       -7.911       -4.187       13.239     0.009    4.00        0.150
  C       -8.516       -4.610       14.623     0.012    4.00        0.150
  C       -6.655       -5.104       13.020     0.012    4.00        0.150
  C      -10.092       -3.441       12.300     0.241    4.00        0.150
 OA      -11.084       -3.890       12.889    -0.271    3.20        0.200
  N      -10.065       -2.173       11.766    -0.345    3.50        0.160
 HD       -9.231       -1.779       11.387     0.163    2.00        0.000
  C      -11.227       -1.322       11.773     0.186    4.00        0.150
  C      -10.826        0.030       11.125     0.147    4.00        0.150
  C       -9.642        0.703       11.865     0.175    4.00        0.150
 OA       -9.362        0.308       12.988    -0.648    3.20        0.200
 OA       -9.097        1.714       11.352    -0.648    3.20        0.200
  C      -12.467       -1.856       11.109     0.241    4.00        0.150
 OA      -13.515       -1.905       11.759    -0.271    3.20        0.200
  N      -12.385       -2.414        9.876    -0.346    3.50        0.160
 HD      -11.434       -2.476        9.584     0.163    2.00        0.000
  C      -13.474       -2.911        9.081     0.180    4.00        0.150
  C      -13.129       -3.455        7.688     0.009    4.00        0.150
  C      -11.996       -4.572        7.800     0.012    4.00        0.150
  C      -14.397       -3.856        6.918     0.012    4.00        0.150
  C      -14.329       -3.863        9.867     0.241    4.00        0.150
 OA      -15.533       -3.836        9.835    -0.271    3.20        0.200
  N      -13.566       -4.742       10.570    -0.346    3.50        0.160
 HD      -12.585       -4.567       10.579     0.163    2.00        0.000
  C      -14.181       -5.859       11.365     0.177    4.00        0.150
  C      -13.092       -6.937       11.916     0.045    4.00        0.150
  C      -12.276       -7.435       10.803     0.076    4.00        0.150
 SA      -13.075       -8.263        9.364    -0.173    4.00        0.200
  C      -13.820       -9.612       10.301     0.089    4.00        0.150
  C      -14.969       -5.257       12.531     0.241    4.00        0.150
 OA      -16.078       -5.641       12.811    -0.271    3.20        0.200
  N      -14.351       -4.307       13.216    -0.346    3.50        0.160
 HD      -13.400       -4.139       12.968     0.163    2.00        0.000
  C      -14.898       -3.779       14.382     0.180    4.00        0.150
  C      -13.889       -3.148       15.401     0.073    4.00        0.150
  A      -12.695       -4.041       15.959    -0.056    4.00        0.150
  A      -11.776       -3.480       16.910     0.007    4.00        0.150
  A      -10.821       -4.226       17.482     0.001    4.00        0.150
  A      -10.733       -5.603       17.194     0.000    4.00        0.150
  A      -12.511       -5.438       15.608     0.007    4.00        0.150
  A      -11.483       -6.189       16.255     0.001    4.00        0.150
  C      -16.098       -2.833       14.199     0.241    4.00        0.150
 OA      -17.048       -2.763       14.989    -0.271    3.20        0.200
  N      -16.162       -2.081       13.079    -0.346    3.50        0.160
 HD      -15.364       -2.004       12.487     0.163    2.00        0.000
  C      -17.366       -1.435       12.564     0.180    4.00        0.150
  C      -17.039       -0.553       11.405     0.013    4.00        0.150
  C      -18.213        0.150       10.833     0.012    4.00        0.150
  C      -15.992        0.489       11.828     0.002    4.00        0.150
  C      -15.176        0.957       10.553     0.005    4.00        0.150
  C      -18.428       -2.431       12.157     0.241    4.00        0.150
 OA      -19.639       -2.250       12.404    -0.271    3.20        0.200
  N      -18.022       -3.524       11.489    -0.344    3.50        0.160
 HD      -17.090       -3.571       11.139     0.163    2.00        0.000
  C      -18.907       -4.679       11.269     0.200    4.00        0.150
  C      -18.293       -5.748       10.353     0.199    4.00        0.150
 OA      -17.892       -5.100        9.151    -0.398    3.20        0.200
 HD      -17.101       -4.599        9.363     0.209    2.00        0.000
  C      -19.555       -5.385       12.477     0.243    4.00        0.150
 OA      -20.757       -5.384       12.590    -0.271    3.20        0.200
  N      -18.725       -5.851       13.445    -0.346    3.50        0.160
 HD      -17.734       -5.805       13.339     0.163    2.00        0.000
  C      -19.199       -6.328       14.770     0.177    4.00        0.150
  C      -17.931       -6.475       15.485     0.038    4.00        0.150
  C      -17.996       -6.793       16.980    -0.020    4.00        0.150
  C      -18.779       -8.103       17.235     0.009    4.00        0.150
  C      -16.604       -6.747       17.693     0.009    4.00        0.150
  C      -20.105       -5.324       15.499     0.241    4.00        0.150
 OA      -21.223       -5.606       16.015    -0.271    3.20        0.200
  N      -19.596       -4.024       15.538    -0.344    3.50        0.160
 HD      -18.762       -3.703       15.095     0.163    2.00        0.000
  C      -20.416       -2.918       16.121     0.200    4.00        0.150
  C      -19.768       -1.570       16.166     0.199    4.00        0.150
 OA      -18.471       -1.637       16.780    -0.398    3.20        0.200
 HD      -18.035       -2.189       16.126     0.209    2.00        0.000
  C      -21.884       -2.794       15.533     0.243    4.00        0.150
 OA      -22.845       -2.935       16.253    -0.271    3.20        0.200
  N      -21.989       -2.699       14.227    -0.346    3.50        0.160
 HD      -21.185       -2.754       13.640     0.163    2.00        0.000
  C      -23.251       -2.714       13.531     0.180    4.00        0.150
  C      -23.059       -2.155       12.115     0.073    4.00        0.150
  A      -22.804       -0.677       12.078    -0.056    4.00        0.150
  A      -23.651        0.219       12.693     0.010    4.00        0.150
  A      -23.458        1.615       12.707     0.037    4.00        0.150
  A      -22.286        2.121       12.097     0.065    4.00        0.150
 OA      -22.126        3.531       12.180    -0.361    3.20        0.200
 HD      -21.543        3.817       11.473     0.217    2.00        0.000
  A      -21.863       -0.077       11.222     0.010    4.00        0.150
  A      -21.599        1.277       11.203     0.037    4.00        0.150
  C      -24.007       -4.085       13.506     0.241    4.00        0.150
 OA      -25.234       -4.090       13.380    -0.271    3.20        0.200
  N      -23.321       -5.233       13.689    -0.346    3.50        0.160
 HD      -22.325       -5.201       13.656     0.163    2.00        0.000
  C      -24.046       -6.513       13.891     0.180    4.00        0.150
  C      -22.960       -7.588       13.543     0.073    4.00        0.150
  A      -23.529       -8.907       13.551    -0.056    4.00        0.150
  A      -24.340       -9.262       12.530     0.007    4.00        0.150
  A      -24.807      -10.573       12.389     0.001    4.00        0.150
  A      -24.591      -11.526       13.441     0.000    4.00        0.150
  A      -23.176       -9.890       14.500     0.007    4.00        0.150
  A      -23.695      -11.225       14.402     0.001    4.00        0.150
  C      -24.716       -6.690       15.249     0.241    4.00        0.150
 OA      -25.846       -7.199       15.375    -0.271    3.20        0.200
  N      -24.063       -6.086       16.233    -0.346    3.50        0.160
 HD      -23.171       -5.729       15.970     0.163    2.00        0.000
  C      -24.657       -5.942       17.555     0.177    4.00        0.150
  C      -23.606       -5.573       18.633     0.038    4.00        0.150
  C      -22.529       -6.722       18.928    -0.020    4.00        0.150
  C      -21.203       -6.159       19.530     0.009    4.00        0.150
  C      -23.156       -7.800       19.845     0.009    4.00        0.150
  C      -25.855       -4.985       17.598     0.241    4.00        0.150
 OA      -26.910       -5.345       18.085    -0.271    3.20        0.200
  N      -25.711       -3.834       16.905    -0.346    3.50        0.160
 HD      -24.799       -3.555       16.612     0.163    2.00        0.000
  C      -26.846       -2.898       16.712     0.180    4.00        0.150
  C      -26.263       -1.577       16.002     0.013    4.00        0.150
  C      -27.276       -0.613       15.468     0.012    4.00        0.150
  C      -25.279       -0.812       16.913     0.002    4.00        0.150
  C      -24.256        0.065       16.220     0.005    4.00        0.150
  C      -27.912       -3.606       15.936     0.241    4.00        0.150
 OA      -29.127       -3.380       16.223    -0.271    3.20        0.200
  N      -27.629       -4.439       14.925    -0.346    3.50        0.160
 HD      -26.662       -4.455       14.682     0.163    2.00        0.000
  C      -28.631       -5.313       14.249     0.180    4.00        0.150
  C      -27.957       -6.241       13.126     0.013    4.00        0.150
  C      -28.560       -7.608       12.810     0.012    4.00        0.150
  C      -27.862       -5.285       11.869     0.002    4.00        0.150
  C      -26.885       -5.842       10.847     0.005    4.00        0.150
  C      -29.304       -6.285       15.129     0.241    4.00        0.150
 OA      -30.546       -6.444       15.029    -0.271    3.20        0.200
  N      -28.447       -6.931       16.013    -0.346    3.50        0.160
 HD      -27.453       -7.012       16.032     0.163    2.00        0.000
  C      -29.094       -7.947       16.835     0.176    4.00        0.150
  C      -28.129       -8.957       17.539     0.036    4.00        0.150
  C      -28.712      -10.050       18.477     0.023    4.00        0.150
  C      -29.632      -11.046       17.827     0.138    4.00        0.150
  N      -28.856      -11.553       16.657    -0.227    3.50        0.160
 HD      -28.874      -10.992       15.829     0.177    2.00        0.000
  C      -27.843      -12.387       16.799     0.665    4.00        0.150
  N      -27.634      -13.082       17.934    -0.235    3.50        0.160
 HD      -28.348      -13.146       18.631     0.174    2.00        0.000
 HD      -26.857      -13.710       17.980     0.174    2.00        0.000
  N      -27.091      -12.722       15.810    -0.235    3.50        0.160
 HD      -27.293      -12.278       14.937     0.174    2.00        0.000
 HD      -26.274      -13.271       15.984     0.174    2.00        0.000
  C      -29.990       -7.358       17.970     0.241    4.00        0.150
 OA      -31.117       -7.835       18.197    -0.271    3.20        0.200
  N      -29.610       -6.282       18.555    -0.344    3.50        0.160
 HD      -28.682       -5.961       18.384     0.163    2.00        0.000
  C      -30.533       -5.405       19.346     0.205    4.00        0.150
  C      -29.791       -4.178       19.813     0.146    4.00        0.150
 OA      -29.208       -4.345       21.040    -0.393    3.20        0.200
 HD      -28.680       -5.146       21.066     0.210    2.00        0.000
  C      -30.712       -2.892       20.043     0.042    4.00        0.150
  C      -31.811       -4.999       18.682     0.243    4.00        0.150
 OA      -32.893       -5.103       19.230    -0.271    3.20        0.200
  N      -31.742       -4.595       17.306    -0.346    3.50        0.160
 HD      -30.888       -4.498       16.801     0.163    2.00        0.000
  C      -32.996       -4.228       16.550     0.180    4.00        0.150
  C      -32.887       -3.195       15.462     0.009    4.00        0.150
  C      -32.484       -1.873       16.094     0.012    4.00        0.150
  C      -32.015       -3.731       14.331     0.012    4.00        0.150
  C      -33.864       -5.426       16.159     0.241    4.00        0.150
 OA      -35.017       -5.291       15.822    -0.271    3.20        0.200
  N      -33.305       -6.614       16.388    -0.346    3.50        0.160
 HD      -32.394       -6.762       16.764     0.163    2.00        0.000
  C      -34.095       -7.824       16.058     0.177    4.00        0.150
  C      -33.233       -8.976       15.515     0.038    4.00        0.150
  C      -32.640       -8.837       14.083    -0.020    4.00        0.150
  C      -31.576       -9.898       13.831     0.009    4.00        0.150
  C      -33.791       -8.742       12.935     0.009    4.00        0.150
  C      -34.942       -8.299       17.248     0.241    4.00        0.150
 OA      -35.842       -9.140       17.170    -0.271    3.20        0.200
  N      -34.816       -7.579       18.402    -0.346    3.50        0.160
 HD      -34.102       -6.886       18.476     0.163    2.00        0.000
  C      -35.593       -7.852       19.624     0.177    4.00        0.150
  C      -34.720       -7.636       20.910     0.044    4.00        0.150
  C      -33.255       -8.293       20.856     0.105    4.00        0.150
  C      -33.377       -9.719       20.288     0.215    4.00        0.150
 OA      -34.216      -10.507       20.719    -0.274    3.20        0.200
  N      -32.673      -10.075       19.165    -0.370    3.50        0.160
 HD      -32.723      -10.969       18.717     0.159    2.00        0.000
 HD      -32.019       -9.374       18.879     0.159    2.00        0.000
  C      -36.835       -6.929       19.594     0.241    4.00        0.150
 OA      -37.619       -7.026       20.500    -0.271    3.20        0.200
  N      -36.933       -6.058       18.648    -0.346    3.50        0.160
 HD      -36.254       -5.929       17.929     0.163    2.00        0.000
  C      -38.060       -5.149       18.525     0.177    4.00        0.150
  C      -37.716       -3.880       17.694     0.038    4.00        0.150
  C      -36.738       -2.949       18.268    -0.020    4.00        0.150
  C      -36.228       -1.877       17.269     0.009    4.00        0.150
  C      -37.216       -2.315       19.556     0.009    4.00        0.150
  C      -39.387       -5.815       18.015     0.243    4.00        0.150
 OA      -39.358       -6.643       17.097    -0.271    3.20        0.200
  N      -40.612       -5.619       18.585    -0.337    3.50        0.160
  C      -40.855       -4.538       19.577     0.127    4.00        0.150
  C      -41.717       -6.468       18.285     0.179    4.00        0.150
  C      -42.626       -6.131       19.487     0.037    4.00        0.150
  C      -42.345       -4.663       19.977     0.022    4.00        0.150
  C      -42.405       -6.365       16.972     0.241    4.00        0.150
 OA      -42.449       -7.397       16.310    -0.271    3.20        0.200
  N      -42.849       -5.148       16.582    -0.344    3.50        0.160
 HD      -42.742       -4.414       17.249     0.163    2.00        0.000
  C      -43.447       -5.019       15.241     0.200    4.00        0.150
  C      -44.046       -3.620       14.881     0.199    4.00        0.150
 OA      -44.582       -3.701       13.594    -0.398    3.20        0.200
 HD      -45.525       -3.536       13.665     0.209    2.00        0.000
  C      -42.435       -5.494       14.179     0.243    4.00        0.150
 OA      -41.308       -5.055       14.153    -0.271    3.20        0.200
  N      -42.856       -6.372       13.313    -0.346    3.50        0.160
 HD      -43.815       -6.649       13.330     0.163    2.00        0.000
  C      -42.090       -6.743       12.147     0.176    4.00        0.150
  C      -42.877       -7.739       11.186     0.035    4.00        0.150
  C      -43.065       -9.152       11.895     0.004    4.00        0.150
  C      -44.049      -10.009       11.158     0.027    4.00        0.150
  C      -45.490       -9.451       11.049     0.229    4.00        0.150
  N      -46.168       -9.485       12.336    -0.079    3.50        0.160
 HD      -45.826      -10.265       12.934     0.274    2.00        0.000
 HD      -47.193       -9.628       12.235     0.274    2.00        0.000
 HD      -45.986       -8.635       12.907     0.274    2.00        0.000
  C      -41.578       -5.508       11.317     0.241    4.00        0.150
 OA      -40.401       -5.421       10.847    -0.271    3.20        0.200
  N      -42.489       -4.544       11.217    -0.344    3.50        0.160
 HD      -43.364       -4.650       11.684     0.163    2.00        0.000
  C      -42.316       -3.304       10.517     0.200    4.00        0.150
  C      -43.640       -2.482       10.603     0.199    4.00        0.150
 OA      -43.588       -1.115       10.072    -0.398    3.20        0.200
 HD      -42.750       -0.735       10.345     0.209    2.00        0.000
  C      -41.081       -2.527       11.037     0.243    4.00        0.150
 OA      -40.244       -1.990       10.290    -0.271    3.20        0.200
  N      -40.988       -2.454       12.377    -0.346    3.50        0.160
 HD      -41.737       -2.816       12.927     0.163    2.00        0.000
  C      -39.988       -1.753       13.074     0.177    4.00        0.150
  C      -40.566       -1.534       14.520     0.045    4.00        0.150
  C      -41.769       -0.531       14.526     0.116    4.00        0.150
  C      -42.010        0.039       15.919     0.172    4.00        0.150
 OA      -42.236        1.273       16.019    -0.648    3.20        0.200
 OA      -42.071       -0.784       16.838    -0.648    3.20        0.200
  C      -38.645       -2.396       13.224     0.241    4.00        0.150
 OA      -37.574       -1.750       13.302    -0.271    3.20        0.200
  N      -38.699       -3.725       13.282    -0.346    3.50        0.160
 HD      -39.593       -4.134       13.438     0.163    2.00        0.000
  C      -37.593       -4.640       13.175     0.176    4.00        0.150
  C      -38.319       -6.065       13.271     0.036    4.00        0.150
  C      -37.282       -7.185       13.299     0.023    4.00        0.150
  C      -37.836       -8.685       13.480     0.138    4.00        0.150
  N      -38.315       -8.761       14.841    -0.227    3.50        0.160
 HD      -38.212       -7.966       15.439     0.177    2.00        0.000
  C      -39.145       -9.627       15.333     0.665    4.00        0.150
  N      -39.574      -10.660       14.592    -0.235    3.50        0.160
 HD      -38.999      -10.960       13.831     0.174    2.00        0.000
 HD      -40.352      -11.218       14.880     0.174    2.00        0.000
  N      -39.578       -9.552       16.558    -0.235    3.50        0.160
 HD      -39.465       -8.638       16.948     0.174    2.00        0.000
 HD      -40.212      -10.180       17.009     0.174    2.00        0.000
  C      -36.946       -4.531       11.726     0.241    4.00        0.150
 OA      -35.790       -4.086       11.657    -0.271    3.20        0.200
  N      -37.755       -4.817       10.657    -0.346    3.50        0.160
 HD      -38.685       -5.089       10.892     0.163    2.00        0.000
  C      -37.240       -4.758        9.257     0.172    4.00        0.150
  C      -38.322       -5.476        8.383     0.042    4.00        0.150
  C      -36.725       -3.429        8.739     0.240    4.00        0.150
 OA      -35.716       -3.423        7.939    -0.271    3.20        0.200
  N      -37.407       -2.270        9.013    -0.346    3.50        0.160
 HD      -38.317       -2.216        9.415     0.163    2.00        0.000
  C      -36.860       -1.010        8.601     0.176    4.00        0.150
  C      -37.801        0.108        9.055     0.035    4.00        0.150
  C      -37.316        1.549        8.850     0.004    4.00        0.150
  C      -37.106        2.034        7.359     0.027    4.00        0.150
  C      -37.425        3.508        7.068     0.229    4.00        0.150
  N      -36.753        4.453        8.025    -0.079    3.50        0.160
 HD      -35.718        4.366        7.969     0.274    2.00        0.000
 HD      -37.161        4.364        8.978     0.274    2.00        0.000
 HD      -36.948        5.380        7.597     0.274    2.00        0.000
  C      -35.498       -0.687        9.286     0.241    4.00        0.150
 OA      -34.485       -0.477        8.626    -0.271    3.20        0.200
  N      -35.344       -0.817       10.612    -0.346    3.50        0.160
 HD      -36.148       -0.992       11.174     0.163    2.00        0.000
  C      -34.148       -0.780       11.324     0.172    4.00        0.150
  C      -34.475       -1.070       12.767     0.042    4.00        0.150
  C      -33.036       -1.773       10.841     0.240    4.00        0.150
 OA      -31.896       -1.377       10.510    -0.271    3.20        0.200
  N      -33.491       -3.021       10.709    -0.346    3.50        0.160
 HD      -34.460       -3.238       10.799     0.163    2.00        0.000
  C      -32.630       -4.122       10.342     0.180    4.00        0.150
  C      -33.367       -5.511       10.395     0.073    4.00        0.150
  A      -32.573       -6.686        9.781    -0.056    4.00        0.150
  A      -31.266       -6.886       10.148     0.007    4.00        0.150
  A      -30.469       -7.909        9.530     0.001    4.00        0.150
  A      -31.105       -8.828        8.696     0.000    4.00        0.150
  A      -33.189       -7.663        8.954     0.007    4.00        0.150
  A      -32.470       -8.642        8.329     0.001    4.00        0.150
  C      -32.019       -3.943        8.940     0.241    4.00        0.150
 OA      -30.794       -4.214        8.826    -0.271    3.20        0.200
  N      -32.892       -3.543        7.941    -0.351    3.50        0.160
 HD      -33.870       -3.465        8.121     0.163    2.00        0.000
  C      -32.525       -3.097        6.612     0.225    4.00        0.150
  C      -31.545       -1.935        6.467     0.236    4.00        0.150
 OA      -30.657       -1.927        5.581    -0.272    3.20        0.200
  N      -31.799       -0.844        7.279    -0.344    3.50        0.160
 HD      -32.640       -0.882        7.813     0.163    2.00        0.000
  C      -31.044        0.382        7.368     0.205    4.00        0.150
  C      -31.678        1.552        8.189     0.146    4.00        0.150
 OA      -32.998        1.787        7.765    -0.393    3.20        0.200
 HD      -33.523        0.984        7.808     0.210    2.00        0.000
  C      -30.973        2.832        7.814     0.042    4.00        0.150
  C      -29.644        0.191        7.876     0.243    4.00        0.150
 OA      -28.700        0.696        7.334    -0.271    3.20        0.200
  N      -29.497       -0.590        8.965    -0.345    3.50        0.160
 HD      -30.263       -0.997        9.455     0.163    2.00        0.000
  C      -28.250       -1.179        9.376     0.185    4.00        0.150
  C      -28.535       -1.998       10.615     0.105    4.00        0.150
 SA      -28.886       -0.836       11.977    -0.180    4.00        0.200
 HD      -29.935       -1.512       12.424     0.101    2.00        0.000
  C      -27.555       -2.022        8.353     0.241    4.00        0.150
 OA      -26.311       -1.837        8.183    -0.271    3.20        0.200
  N      -28.192       -2.973        7.622    -0.346    3.50        0.160
 HD      -29.114       -3.221        7.911     0.163    2.00        0.000
  C      -27.551       -3.770        6.568     0.180    4.00        0.150
  C      -28.542       -4.859        6.116     0.009    4.00        0.150
  C      -28.437       -5.235        4.616     0.012    4.00        0.150
  C      -28.359       -6.044        7.092     0.012    4.00        0.150
  C      -26.975       -2.923        5.431     0.241    4.00        0.150
 OA      -25.880       -3.129        4.898    -0.271    3.20        0.200
  N      -27.787       -1.897        5.139    -0.344    3.50        0.160
 HD      -28.713       -1.885        5.509     0.163    2.00        0.000
  C      -27.320       -0.798        4.235     0.200    4.00        0.150
  C      -28.473        0.143        3.965     0.199    4.00        0.150
 OA      -29.662       -0.546        3.517    -0.398    3.20        0.200
 HD      -29.912       -1.043        4.299     0.209    2.00        0.000
  C      -26.050       -0.038        4.713     0.243    4.00        0.150
 OA      -25.296        0.460        3.873    -0.271    3.20        0.200
  N      -25.916        0.235        6.071    -0.346    3.50        0.160
 HD      -26.723        0.053        6.628     0.163    2.00        0.000
  C      -24.655        0.811        6.727     0.182    4.00        0.150
  C      -24.886        1.097        8.248     0.093    4.00        0.150
  N      -26.676        2.989        8.111    -0.353    3.50        0.160
 HD      -27.205        2.673        7.323     0.166    2.00        0.000
  A      -25.537        2.396        8.573     0.030    4.00        0.150
  A      -26.752        4.211        8.621     0.207    4.00        0.150
 NA      -25.760        4.456        9.411    -0.254    3.50        0.160
  A      -24.998        3.343        9.478     0.143    4.00        0.150
  C      -23.436       -0.053        6.441     0.241    4.00        0.150
 OA      -22.364        0.458        6.069    -0.271    3.20        0.200
  N      -23.496       -1.388        6.587    -0.346    3.50        0.160
 HD      -24.283       -1.773        7.062     0.163    2.00        0.000
  C      -22.408       -2.297        6.276     0.180    4.00        0.150
  C      -22.424       -3.594        7.082     0.013    4.00        0.150
  C      -21.131       -4.399        6.811     0.012    4.00        0.150
  C      -22.625       -3.407        8.625     0.002    4.00        0.150
  C      -22.770       -4.673        9.555     0.005    4.00        0.150
  C      -22.163       -2.324        4.716     0.241    4.00        0.150
 OA      -20.992       -2.315        4.220    -0.271    3.20        0.200
  N      -23.261       -2.183        3.946    -0.351    3.50        0.160
 HD      -24.164       -2.412        4.299     0.163    2.00        0.000
  C      -23.223       -1.866        2.487     0.225    4.00        0.150
  C      -22.385       -0.649        1.984     0.236    4.00        0.150
 OA      -21.587       -0.683        1.091    -0.272    3.20        0.200
  N      -22.557        0.502        2.666    -0.346    3.50        0.160
 HD      -23.314        0.642        3.299     0.163    2.00        0.000
  C      -21.773        1.731        2.502     0.180    4.00        0.150
  C      -22.401        2.991        3.178     0.009    4.00        0.150
  C      -21.433        4.199        3.025     0.012    4.00        0.150
  C      -23.791        3.307        2.547     0.012    4.00        0.150
  C      -20.298        1.501        2.917     0.241    4.00        0.150
 OA      -19.310        1.860        2.235    -0.271    3.20        0.200
  N      -20.083        0.924        4.085    -0.346    3.50        0.160
 HD      -20.902        0.703        4.610     0.163    2.00        0.000
  C      -18.823        0.791        4.782     0.180    4.00        0.150
  C      -19.121        0.476        6.249     0.009    4.00        0.150
  C      -17.842       -0.078        6.935     0.012    4.00        0.150
  C      -19.423        1.766        7.023     0.012    4.00        0.150
  C      -17.870       -0.087        4.024     0.241    4.00        0.150
 OA      -16.657        0.156        3.818    -0.271    3.20        0.200
  N      -18.405       -1.186        3.447    -0.346    3.50        0.160
 HD      -19.360       -1.408        3.631     0.163    2.00        0.000
  C      -17.669       -2.101        2.588     0.177    4.00        0.150
  C      -18.416       -3.401        2.467     0.038    4.00        0.150
  C      -18.429       -4.225        3.830    -0.020    4.00        0.150
  C      -19.208       -5.533        3.718     0.009    4.00        0.150
  C      -17.057       -4.563        4.324     0.009    4.00        0.150
  C      -17.329       -1.458        1.208     0.241    4.00        0.150
 OA      -16.540       -1.940        0.425    -0.271    3.20        0.200
  N      -18.012       -0.340        0.889    -0.346    3.50        0.160
 HD      -18.564        0.030        1.632     0.163    2.00        0.000
  C      -17.825        0.307       -0.379     0.172    4.00        0.150
  C      -19.102        1.151       -0.704     0.042    4.00        0.150
  C      -16.591        1.226       -0.446     0.240    4.00        0.150
 OA      -16.095        1.672       -1.475    -0.271    3.20        0.200
  N      -16.073        1.393        0.735    -0.346    3.50        0.160
 HD      -16.688        1.155        1.483     0.163    2.00        0.000
  C      -14.708        1.846        0.864     0.180    4.00        0.150
  C      -14.811        3.013        1.910     0.073    4.00        0.150
  A      -13.625        3.338        2.739    -0.056    4.00        0.150
  A      -12.535        4.093        2.296     0.007    4.00        0.150
  A      -11.537        4.527        3.151     0.001    4.00        0.150
  A      -11.703        4.254        4.533     0.000    4.00        0.150
  A      -13.656        2.878        4.073     0.007    4.00        0.150
  A      -12.670        3.334        4.991     0.001    4.00        0.150
  C      -13.632        0.785        1.218     0.241    4.00        0.150
 OA      -12.592        0.728        0.535    -0.271    3.20        0.200
  N      -13.829       -0.104        2.225    -0.346    3.50        0.160
 HD      -14.617       -0.190        2.828     0.163    2.00        0.000
  C      -12.815       -1.068        2.616     0.180    4.00        0.150
  C      -13.198       -1.706        3.947     0.073    4.00        0.150
  A      -13.254       -0.719        5.132    -0.056    4.00        0.150
  A      -14.386       -0.566        5.947     0.010    4.00        0.150
  A      -14.260        0.199        7.098     0.037    4.00        0.150
  A      -13.069        0.884        7.348     0.065    4.00        0.150
 OA      -12.973        1.595        8.528    -0.361    3.20        0.200
 HD      -12.067        1.889        8.650     0.217    2.00        0.000
  A      -12.081        0.048        5.381     0.010    4.00        0.150
  A      -11.978        0.842        6.515     0.037    4.00        0.150
  C      -12.562       -2.187        1.605     0.241    4.00        0.150
 OA      -11.451       -2.729        1.523    -0.271    3.20        0.200
  N      -13.535       -2.637        0.833    -0.346    3.50        0.160
 HD      -14.433       -2.211        0.757     0.163    2.00        0.000
  C      -13.313       -3.785       -0.047     0.180    4.00        0.150
  C      -14.574       -4.570       -0.357     0.009    4.00        0.150
  C      -14.417       -5.693       -1.357     0.012    4.00        0.150
  C      -15.136       -5.163        0.966     0.012    4.00        0.150
  C      -12.433       -3.407       -1.351     0.243    4.00        0.150
 OA      -11.502       -4.109       -1.752    -0.271    3.20        0.200
  N      -12.694       -2.213       -1.965    -0.337    3.50        0.160
  C      -13.910       -1.470       -1.951     0.127    4.00        0.150
  C      -11.791       -1.719       -3.016     0.179    4.00        0.150
  C      -12.498       -0.456       -3.598     0.037    4.00        0.150
  C      -13.941       -0.796       -3.302     0.022    4.00        0.150
  C      -10.370       -1.330       -2.563     0.241    4.00        0.150
 OA       -9.442       -1.543       -3.308    -0.271    3.20        0.200
  N      -10.226       -0.774       -1.407    -0.346    3.50        0.160
 HD      -11.033       -0.487       -0.898     0.163    2.00        0.000
  C       -8.934       -0.403       -0.746     0.177    4.00        0.150
  C       -9.117        0.289        0.639     0.038    4.00        0.150
  C       -8.069        1.306        1.089    -0.020    4.00        0.150
  C       -8.660        2.173        2.209     0.009    4.00        0.150
  C       -6.638        0.759        1.432     0.009    4.00        0.150
  C       -8.021       -1.626       -0.621     0.241    4.00        0.150
 OA       -6.856       -1.692       -1.081    -0.271    3.20        0.200
  N       -8.598       -2.689       -0.012    -0.346    3.50        0.160
 HD       -9.478       -2.533        0.429     0.163    2.00        0.000
  C       -7.944       -3.965        0.339     0.180    4.00        0.150
  C       -8.661       -4.734        1.539     0.013    4.00        0.150
  C       -8.255       -6.262        1.494     0.012    4.00        0.150
  C       -8.318       -4.087        2.901     0.002    4.00        0.150
  C       -9.127       -4.489        4.137     0.005    4.00        0.150
  C       -7.774       -4.721       -0.896     0.241    4.00        0.150
 OA       -6.691       -5.146       -1.259    -0.271    3.20        0.200
  N       -8.887       -4.767       -1.735    -0.351    3.50        0.160
 HD       -9.709       -4.395       -1.312     0.163    2.00        0.000
  C       -8.798       -5.243       -3.171     0.225    4.00        0.150
  C       -7.568       -4.749       -3.966     0.236    4.00        0.150
 OA       -6.725       -5.499       -4.434    -0.272    3.20        0.200
  N       -7.391       -3.371       -4.068    -0.346    3.50        0.160
 HD       -8.089       -2.754       -3.710     0.163    2.00        0.000
  C       -6.228       -2.732       -4.720     0.177    4.00        0.150
  C       -6.581       -1.226       -4.616     0.038    4.00        0.150
  C       -5.614       -0.273       -5.364    -0.020    4.00        0.150
  C       -5.880       -0.402       -6.861     0.009    4.00        0.150
  C       -5.477        1.201       -4.883     0.009    4.00        0.150
  C       -4.831       -3.104       -4.275     0.241    4.00        0.150
 OA       -3.847       -3.285       -5.036    -0.271    3.20        0.200
  N       -4.731       -3.350       -2.948    -0.344    3.50        0.160
 HD       -5.422       -3.182       -2.250     0.163    2.00        0.000
  C       -3.450       -3.819       -2.293     0.200    4.00        0.150
  C       -3.525       -3.632       -0.732     0.199    4.00        0.150
 OA       -2.256       -3.945       -0.002    -0.398    3.20        0.200
 HD       -1.959       -3.208        0.536     0.209    2.00        0.000
  C       -3.050       -5.261       -2.807     0.243    4.00        0.150
 OA       -1.970       -5.449       -3.423    -0.271    3.20        0.200
  N       -3.943       -6.270       -2.592    -0.346    3.50        0.160
 HD       -4.841       -5.971       -2.278     0.163    2.00        0.000
  C       -3.661       -7.697       -2.667     0.180    4.00        0.150
  C       -4.678       -8.564       -1.997     0.009    4.00        0.150
  C       -4.672       -8.281       -0.489     0.012    4.00        0.150
  C       -6.046       -8.224       -2.554     0.012    4.00        0.150
  C       -3.456       -8.018       -4.064     0.241    4.00        0.150
 OA       -2.695       -8.950       -4.359    -0.271    3.20        0.200
  N       -3.934       -7.253       -5.050    -0.346    3.50        0.160
 HD       -4.576       -6.514       -4.870     0.163    2.00        0.000
  C       -3.656       -7.633       -6.408     0.180    4.00        0.150
  C       -4.609       -7.102       -7.437     0.009    4.00        0.150
  C       -6.062       -7.593       -7.071     0.012    4.00        0.150
  C       -4.710       -5.541       -7.493     0.012    4.00        0.150
  C       -2.263       -7.148       -6.850     0.241    4.00        0.150
 OA       -1.736       -7.673       -7.837    -0.271    3.20        0.200
  N       -1.654       -6.198       -6.093    -0.346    3.50        0.160
 HD       -1.928       -5.854       -5.198     0.163    2.00        0.000
  C       -0.213       -5.782       -6.330     0.182    4.00        0.150
  C        0.033       -4.327       -5.996     0.093    4.00        0.150
  N       -1.866       -3.081       -7.027    -0.353    3.50        0.160
 HD       -2.523       -3.365       -6.327     0.166    2.00        0.000
  A       -0.523       -3.466       -7.104     0.030    4.00        0.150
  A       -2.051       -2.142       -7.972     0.207    4.00        0.150
 NA       -0.928       -1.817       -8.659    -0.254    3.50        0.160
  A        0.006       -2.727       -8.150     0.143    4.00        0.150
  C        0.697       -6.698       -5.399     0.241    4.00        0.150
 OA        1.895       -6.557       -5.432    -0.271    3.20        0.200
  N        0.147       -7.639       -4.637    -0.346    3.50        0.160
 HD       -0.835       -7.770       -4.527     0.163    2.00        0.000
  C        0.901       -8.579       -3.852     0.176    4.00        0.150
  C        0.238       -8.830       -2.487     0.036    4.00        0.150
  C        0.340       -7.614       -1.536     0.022    4.00        0.150
  C        1.693       -6.945       -1.353     0.122    4.00        0.150
  N        2.613       -8.011       -0.756    -0.367    3.50        0.160
 HD        2.731       -8.826       -1.322     0.162    2.00        0.000
  C        2.812       -8.282        0.518     0.143    4.00        0.150
 NA        2.909       -7.255        1.349    -0.274    3.50        0.160
 HD        3.391       -6.502        0.902     0.127    2.00        0.000
 HD        3.237       -7.452        2.274     0.127    2.00        0.000
  N        2.980       -9.473        0.989    -0.376    3.50        0.160
 HD        3.035      -10.314        0.451     0.158    2.00        0.000
 HD        3.120       -9.625        1.968     0.158    2.00        0.000
  C        0.979       -9.823       -4.679     0.241    4.00        0.150
 OA        2.079      -10.322       -4.886    -0.271    3.20        0.200
  N       -0.208      -10.367       -5.069    -0.346    3.50        0.160
 HD       -1.082       -9.945       -4.847     0.163    2.00        0.000
  C       -0.213      -11.787       -5.366     0.180    4.00        0.150
  C       -0.008      -12.701       -4.111     0.073    4.00        0.150
  A       -0.761      -12.449       -2.832    -0.056    4.00        0.150
  A       -0.136      -12.415       -1.587     0.007    4.00        0.150
  A       -0.795      -12.200       -0.416     0.001    4.00        0.150
  A       -2.175      -11.880       -0.496     0.000    4.00        0.150
  A       -2.145      -12.094       -2.874     0.007    4.00        0.150
  A       -2.869      -11.764       -1.741     0.001    4.00        0.150
  C       -1.377      -12.299       -6.177     0.241    4.00        0.150
 OA       -1.490      -13.481       -6.501    -0.271    3.20        0.200
  N       -2.356      -11.398       -6.460    -0.351    3.50        0.160
 HD       -2.362      -10.438       -6.192     0.163    2.00        0.000
  C       -3.481      -11.774       -7.214     0.225    4.00        0.150
  C       -3.197      -11.425       -8.668     0.236    4.00        0.150
 OA       -3.789      -10.500       -9.264    -0.272    3.20        0.200
  N       -2.122      -12.113       -9.189    -0.346    3.50        0.160
 HD       -1.957      -12.995       -8.756     0.163    2.00        0.000
  C       -1.572      -11.961      -10.553     0.185    4.00        0.150
  C       -0.193      -12.687      -10.871     0.137    4.00        0.150
  C        0.879      -12.264       -9.868     0.217    4.00        0.150
 OA        0.710      -11.258       -9.247    -0.274    3.20        0.200
  N        1.983      -13.048       -9.716    -0.370    3.50        0.160
 HD        2.197      -13.702      -10.442     0.159    2.00        0.000
 HD        2.565      -12.829       -8.932     0.159    2.00        0.000
  C       -2.628      -12.307      -11.607     0.241    4.00        0.150
 OA       -2.705      -11.674      -12.702    -0.271    3.20        0.200
  N       -3.392      -13.323      -11.367    -0.344    3.50        0.160
 HD       -3.275      -13.914      -10.572     0.163    2.00        0.000
  C       -4.445      -13.836      -12.271     0.200    4.00        0.150
  C       -5.225      -14.987      -11.533     0.199    4.00        0.150
 OA       -4.362      -16.065      -11.055    -0.398    3.20        0.200
 HD       -4.179      -16.611      -11.823     0.209    2.00        0.000
  C       -5.493      -12.793      -12.653     0.243    4.00        0.150
 OA       -5.895      -12.722      -13.817    -0.271    3.20        0.200
  N       -5.881      -11.882      -11.724    -0.346    3.50        0.160
 HD       -5.407      -11.892      -10.846     0.163    2.00        0.000
  C       -6.810      -10.842      -12.175     0.177    4.00        0.150
  C       -7.131       -9.987      -10.855     0.038    4.00        0.150
  C       -8.221      -10.613       -9.941    -0.020    4.00        0.150
  C       -7.640      -11.284       -8.769     0.009    4.00        0.150
  C       -9.213       -9.478       -9.530     0.009    4.00        0.150
  C       -6.353       -9.969      -13.381     0.241    4.00        0.150
 OA       -5.158       -9.618      -13.367    -0.271    3.20        0.200
  N       -7.313       -9.601      -14.284    -0.346    3.50        0.160
 HD       -8.269       -9.832      -14.122     0.163    2.00        0.000
  C       -7.086       -8.740      -15.389     0.182    4.00        0.150
  C       -8.445       -8.546      -16.228     0.093    4.00        0.150
  N      -10.369       -9.689      -17.188    -0.353    3.50        0.160
 HD      -10.718       -8.867      -17.637     0.166    2.00        0.000
  A       -9.166       -9.777      -16.554     0.030    4.00        0.150
  A      -10.825      -10.947      -17.481     0.207    4.00        0.150
 NA      -10.009      -11.861      -16.974    -0.254    3.50        0.160
  A       -8.953      -11.181      -16.401     0.143    4.00        0.150
  C       -6.461       -7.401      -15.118     0.243    4.00        0.150
 OA       -6.824       -6.696      -14.169    -0.271    3.20        0.200
  N       -5.515       -6.881      -15.897    -0.337    3.50        0.160
  C       -5.032       -7.673      -17.038     0.127    4.00        0.150
  C       -4.812       -5.643      -15.816     0.179    4.00        0.150
  C       -4.196       -5.364      -17.172     0.037    4.00        0.150
  C       -4.005       -6.785      -17.724     0.022    4.00        0.150
  C       -5.648       -4.504      -15.379     0.241    4.00        0.150
 OA       -5.280       -3.726      -14.465    -0.271    3.20        0.200
  N       -6.817       -4.260      -16.115    -0.346    3.50        0.160
 HD       -6.978       -4.771      -16.955     0.163    2.00        0.000
  C       -7.660       -3.181      -15.907     0.180    4.00        0.150
  C       -8.761       -3.303      -16.967     0.013    4.00        0.150
  C       -9.732       -4.528      -16.839     0.012    4.00        0.150
  C       -9.671       -2.021      -17.059     0.002    4.00        0.150
  C       -8.962       -0.702      -17.298     0.005    4.00        0.150
  C       -8.362       -3.083      -14.506     0.241    4.00        0.150
 OA       -8.772       -1.932      -14.117    -0.271    3.20        0.200
  N       -8.508       -4.194      -13.785    -0.346    3.50        0.160
 HD       -8.058       -5.006      -14.150     0.163    2.00        0.000
  C       -9.191       -4.249      -12.479     0.180    4.00        0.150
  C       -9.401       -5.682      -12.073     0.009    4.00        0.150
  C      -10.142       -5.718      -10.711     0.012    4.00        0.150
  C      -10.185       -6.613      -13.061     0.012    4.00        0.150
  C       -8.564       -3.344      -11.438     0.241    4.00        0.150
 OA       -9.213       -2.515      -10.790    -0.271    3.20        0.200
  N       -7.309       -3.267      -11.282    -0.346    3.50        0.160
 HD       -6.722       -4.030      -11.541     0.163    2.00        0.000
  C       -6.663       -2.335      -10.350     0.176    4.00        0.150
  C       -5.104       -2.629      -10.316     0.036    4.00        0.150
  C       -4.394       -2.856      -11.680     0.023    4.00        0.150
  C       -2.815       -3.223      -11.499     0.138    4.00        0.150
  N       -2.270       -3.778      -12.782    -0.227    3.50        0.160
 HD       -2.218       -4.762      -12.955     0.177    2.00        0.000
  C       -1.857       -3.056      -13.851     0.665    4.00        0.150
  N       -1.827       -1.784      -13.929    -0.235    3.50        0.160
 HD       -1.680       -1.210      -13.123     0.174    2.00        0.000
 HD       -1.272       -1.482      -14.705     0.174    2.00        0.000
  N       -1.572       -3.757      -14.906    -0.235    3.50        0.160
 HD       -1.483       -4.748      -14.804     0.174    2.00        0.000
 HD       -1.627       -3.236      -15.758     0.174    2.00        0.000
  C       -6.887       -0.906      -10.563     0.241    4.00        0.150
 OA       -7.178       -0.122       -9.676    -0.271    3.20        0.200
  N       -6.781       -0.479      -11.845    -0.346    3.50        0.160
 HD       -6.483       -0.995      -12.644     0.163    2.00        0.000
  C       -7.106        0.913      -12.179     0.180    4.00        0.150
  C       -6.912        1.067      -13.690     0.009    4.00        0.150
  C       -7.401        2.342      -14.269     0.012    4.00        0.150
  C       -5.399        0.886      -13.969     0.012    4.00        0.150
  C       -8.497        1.428      -11.778     0.241    4.00        0.150
 OA       -8.678        2.547      -11.304    -0.271    3.20        0.200
  N       -9.518        0.518      -12.049    -0.346    3.50        0.160
 HD       -9.314       -0.353      -12.489     0.163    2.00        0.000
  C      -10.888        0.842      -11.920     0.180    4.00        0.150
  C      -11.767        0.082      -12.974     0.009    4.00        0.150
  C      -11.193        0.445      -14.382     0.012    4.00        0.150
  C      -11.839       -1.405      -12.823     0.012    4.00        0.150
  C      -11.321        0.676      -10.413     0.241    4.00        0.150
 OA      -12.252        1.259       -9.981    -0.271    3.20        0.200
  N      -10.605       -0.081       -9.586    -0.346    3.50        0.160
 HD       -9.876       -0.618      -10.005     0.163    2.00        0.000
  C      -10.763       -0.079       -8.149     0.177    4.00        0.150
  C      -10.279       -1.320       -7.480     0.045    4.00        0.150
  C      -11.092       -2.619       -7.663     0.076    4.00        0.150
 SA      -10.450       -4.026       -6.800    -0.173    4.00        0.200
  C       -8.732       -4.115       -7.458     0.089    4.00        0.150
  C      -10.304        1.185       -7.431     0.240    4.00        0.150
 OA      -10.918        1.632       -6.478    -0.271    3.20        0.200
  N       -9.123        1.707       -7.889    -0.351    3.50        0.160
 HD       -8.690        1.258       -8.667     0.163    2.00        0.000
  C       -8.508        2.799       -7.279     0.225    4.00        0.150
  C       -9.423        4.086       -7.217     0.236    4.00        0.150
 OA       -9.581        4.812       -6.188    -0.272    3.20        0.200
  N      -10.095        4.367       -8.359    -0.346    3.50        0.160
 HD       -9.956        3.785       -9.157     0.163    2.00        0.000
  C      -11.028        5.480       -8.475     0.186    4.00        0.150
  C      -11.744        5.544       -9.761     0.147    4.00        0.150
  C      -10.878        5.616      -10.973     0.175    4.00        0.150
 OA       -9.758        6.213      -10.916    -0.648    3.20        0.200
 OA      -11.405        5.201      -12.050    -0.648    3.20        0.200
  C      -12.152        5.417       -7.493     0.241    4.00        0.150
 OA      -12.542        6.412       -6.946    -0.271    3.20        0.200
  N      -12.719        4.229       -7.166    -0.346    3.50        0.160
 HD      -12.501        3.360       -7.604     0.163    2.00        0.000
  C      -13.984        4.120       -6.462     0.180    4.00        0.150
  C      -14.859        3.130       -7.097     0.013    4.00        0.150
  C      -15.147        3.672       -8.571     0.012    4.00        0.150
  C      -14.368        1.646       -6.937     0.002    4.00        0.150
  C      -14.864        0.621       -7.893     0.005    4.00        0.150
  C      -13.721        3.832       -4.972     0.241    4.00        0.150
 OA      -14.580        3.968       -4.112    -0.271    3.20        0.200
  N      -12.444        3.550       -4.624    -0.346    3.50        0.160
 HD      -11.879        3.184       -5.359     0.163    2.00        0.000
  C      -11.740        3.916       -3.348     0.180    4.00        0.150
  C      -10.408        3.117       -3.259     0.073    4.00        0.150
  A       -9.409        3.613       -2.241    -0.056    4.00        0.150
  A       -9.770        3.993       -0.885     0.010    4.00        0.150
  A       -8.861        4.561       -0.046     0.037    4.00        0.150
  A       -7.519        4.592       -0.414     0.065    4.00        0.150
 OA       -6.456        5.122        0.418    -0.361    3.20        0.200
 HD       -6.969        5.656        1.029     0.217    2.00        0.000
  A       -8.099        3.754       -2.673     0.010    4.00        0.150
  A       -7.135        4.294       -1.780     0.037    4.00        0.150
  C      -11.712        5.430       -3.144     0.241    4.00        0.150
 OA      -12.501        5.951       -2.371    -0.271    3.20        0.200
  N      -10.822        6.184       -3.790    -0.346    3.50        0.160
 HD      -10.210        5.855       -4.503     0.163    2.00        0.000
  C      -10.463        7.543       -3.360     0.177    4.00        0.150
  C       -9.272        8.019       -4.201     0.038    4.00        0.150
  C       -7.897        7.216       -4.089    -0.020    4.00        0.150
  C       -7.077        7.257       -5.388     0.009    4.00        0.150
  C       -7.038        7.652       -2.897     0.009    4.00        0.150
  C      -11.533        8.552       -3.581     0.241    4.00        0.150
 OA      -11.655        9.549       -2.883    -0.271    3.20        0.200
  N      -12.257        8.455       -4.732    -0.346    3.50        0.160
 HD      -12.231        7.687       -5.366     0.163    2.00        0.000
  C      -12.947        9.678       -5.142     0.177    4.00        0.150
  C      -12.929        9.729       -6.668     0.038    4.00        0.150
  C      -11.513        9.550       -7.229    -0.020    4.00        0.150
  C      -11.409        9.659       -8.748     0.009    4.00        0.150
  C      -10.450       10.485       -6.671     0.009    4.00        0.150
  C      -14.398        9.776       -4.742     0.241    4.00        0.150
 OA      -14.971       10.855       -4.992    -0.271    3.20        0.200
  N      -15.039        8.736       -4.250    -0.346    3.50        0.160
 HD      -14.460        7.939       -4.099     0.163    2.00        0.000
  C      -16.413        8.556       -3.987     0.177    4.00        0.150
  C      -16.951        7.306       -4.688     0.038    4.00        0.150
  C      -18.359        6.904       -4.335    -0.020    4.00        0.150
  C      -19.308        8.009       -4.914     0.009    4.00        0.150
  C      -18.614        5.510       -5.071     0.009    4.00        0.150
  C      -16.616        8.698       -2.515     0.243    4.00        0.150
 OA      -17.515        9.515       -2.238    -0.271    3.20        0.200
  N      -16.046        8.056       -1.463    -0.337    3.50        0.160
  C      -14.984        7.026       -1.577     0.127    4.00        0.150
  C      -16.235        8.459       -0.022     0.179    4.00        0.150
  C      -15.082        7.625        0.757     0.037    4.00        0.150
  C      -14.884        6.400       -0.157     0.022    4.00        0.150
  C      -16.441        9.921        0.322     0.243    4.00        0.150
 OA      -17.443       10.122        1.012    -0.271    3.20        0.200
  N      -15.648       10.928       -0.059    -0.337    3.50        0.160
  C      -14.276       10.733       -0.530     0.127    4.00        0.150
  C      -15.836       12.403        0.220     0.179    4.00        0.150
  C      -14.434       13.014       -0.256     0.037    4.00        0.150
  C      -13.918       12.041       -1.281     0.022    4.00        0.150
  C      -17.114       12.956       -0.426     0.241    4.00        0.150
 OA      -17.529       14.059        0.026    -0.271    3.20        0.200
  N      -17.687       12.291       -1.422    -0.346    3.50        0.160
 HD      -17.292       11.454       -1.793     0.163    2.00        0.000
  C      -18.963       12.784       -2.090     0.180    4.00        0.150
  C      -19.069       12.254       -3.541     0.009    4.00        0.150
  C      -20.174       12.788       -4.394     0.012    4.00        0.150
  C      -17.695       12.435       -4.337     0.012    4.00        0.150
  C      -20.222       12.203       -1.370     0.241    4.00        0.150
 OA      -21.223       12.861       -1.260    -0.271    3.20        0.200
  N      -20.150       11.039       -0.745    -0.346    3.50        0.160
 HD      -19.265       10.580       -0.759     0.163    2.00        0.000
  C      -21.291       10.412       -0.055     0.180    4.00        0.150
  C      -21.316        8.893       -0.300     0.013    4.00        0.150
  C      -21.605        8.765       -1.772     0.012    4.00        0.150
  C      -19.994        8.134        0.049     0.002    4.00        0.150
  C      -20.134        6.596       -0.199     0.005    4.00        0.150
  C      -21.289       10.700        1.493     0.241    4.00        0.150
 OA      -22.410       10.853        2.021    -0.271    3.20        0.200
  N      -20.071       10.810        2.091    -0.346    3.50        0.160
 HD      -19.307       10.705        1.459     0.163    2.00        0.000
  C      -19.942       11.095        3.522     0.185    4.00        0.150
  C      -18.414       11.037        3.991     0.137    4.00        0.150
  C      -17.838        9.639        4.004     0.217    4.00        0.150
 OA      -18.617        8.703        4.017    -0.274    3.20        0.200
  N      -16.536        9.542        4.263    -0.370    3.50        0.160
 HD      -16.149        8.630        4.125     0.159    2.00        0.000
 HD      -15.895       10.310        4.265     0.159    2.00        0.000
  C      -20.638       12.299        4.074     0.243    4.00        0.150
 OA      -21.217       12.105        5.111    -0.271    3.20        0.200
  N      -20.705       13.516        3.506    -0.337    3.50        0.160
  C      -20.109       13.918        2.200     0.127    4.00        0.150
  C      -21.351       14.620        4.091     0.179    4.00        0.150
  C      -20.644       15.836        3.586     0.037    4.00        0.150
  C      -20.317       15.429        2.100     0.022    4.00        0.150
  C      -22.798       14.522        3.826     0.241    4.00        0.150
 OA      -23.581       15.275        4.428    -0.271    3.20        0.200
  N      -23.229       13.632        2.915    -0.346    3.50        0.160
 HD      -22.689       12.896        2.514     0.163    2.00        0.000
  C      -24.641       13.526        2.474     0.180    4.00        0.150
  C      -24.693       13.340        0.918     0.013    4.00        0.150
  C      -26.072       13.275        0.309     0.012    4.00        0.150
  C      -23.802       14.458        0.280     0.002    4.00        0.150
  C      -24.387       15.809        0.516     0.005    4.00        0.150
  C      -25.225       12.463        3.298     0.241    4.00        0.150
 OA      -26.042       12.753        4.201    -0.271    3.20        0.200
  N      -24.821       11.206        3.111    -0.346    3.50        0.160
 HD      -24.176       11.006        2.378     0.163    2.00        0.000
  C      -25.345       10.098        3.944     0.180    4.00        0.150
  C      -24.988        8.699        3.367     0.013    4.00        0.150
  C      -25.209        8.664        1.879     0.012    4.00        0.150
  C      -23.585        8.172        3.768     0.002    4.00        0.150
  C      -23.628        6.988        4.813     0.005    4.00        0.150
  C      -25.066       10.074        5.412     0.241    4.00        0.150
 OA      -25.961        9.798        6.218    -0.271    3.20        0.200
  N      -23.900       10.484        5.864    -0.346    3.50        0.160
 HD      -23.121       10.501        5.242     0.163    2.00        0.000
  C      -23.611       10.669        7.271     0.180    4.00        0.150
  C      -22.175       10.417        7.655     0.073    4.00        0.150
  A      -21.662        8.948        7.568    -0.056    4.00        0.150
  A      -22.285        7.881        8.299     0.010    4.00        0.150
  A      -21.759        6.575        8.224     0.037    4.00        0.150
  A      -20.767        6.303        7.281     0.065    4.00        0.150
 OA      -20.296        5.004        7.175    -0.361    3.20        0.200
 HD      -19.590        4.989        6.525     0.217    2.00        0.000
  A      -20.534        8.689        6.830     0.010    4.00        0.150
  A      -20.042        7.364        6.671     0.037    4.00        0.150
  C      -24.068       11.969        7.816     0.241    4.00        0.150
 OA      -24.341       12.044        9.031    -0.271    3.20        0.200
  N      -24.187       13.015        6.977    -0.351    3.50        0.160
 HD      -24.336       12.990        5.991     0.163    2.00        0.000
  C      -24.274       14.448        7.479     0.225    4.00        0.150
  C      -25.611       14.999        7.288     0.236    4.00        0.150
 OA      -26.482       14.909        8.126    -0.272    3.20        0.200
  N      -25.873       15.505        6.090    -0.347    3.50        0.160
 HD      -25.130       15.499        5.425     0.163    2.00        0.000
  C      -27.077       16.228        5.661     0.172    4.00        0.150
  C      -26.573       16.949        4.370     0.042    4.00        0.150
  C      -28.296       15.381        5.509     0.240    4.00        0.150
 OA      -29.391       15.982        5.370    -0.271    3.20        0.200
  N      -28.124       14.034        5.545    -0.346    3.50        0.160
 HD      -27.230       13.632        5.368     0.163    2.00        0.000
  C      -29.280       13.174        5.713     0.176    4.00        0.150
  C      -28.682       11.724        5.554     0.035    4.00        0.150
  C      -29.698       10.586        5.767     0.004    4.00        0.150
  C      -30.956       10.612        4.942     0.027    4.00        0.150
  C      -31.538        9.238        4.877     0.229    4.00        0.150
  N      -32.882        9.239        4.263    -0.079    3.50        0.160
 HD      -33.635        9.571        4.898     0.274    2.00        0.000
 HD      -33.339        8.346        3.989     0.274    2.00        0.000
 HD      -32.820        9.798        3.388     0.274    2.00        0.000
  C      -29.999       13.367        7.058     0.241    4.00        0.150
 OA      -31.185       13.174        7.057    -0.271    3.20        0.200
  N      -29.248       13.728        8.065    -0.344    3.50        0.160
 HD      -28.270       13.573        7.950     0.163    2.00        0.000
  C      -29.696       13.972        9.438     0.205    4.00        0.150
  C      -28.654       13.772       10.614     0.146    4.00        0.150
 OA      -27.821       14.923       10.735    -0.393    3.20        0.200
 HD      -27.617       15.155        9.825     0.210    2.00        0.000
  C      -27.789       12.554       10.365     0.042    4.00        0.150
  C      -30.396       15.306        9.618     0.243    4.00        0.150
 OA      -30.050       16.319        9.030    -0.271    3.20        0.200
  N      -31.495       15.283       10.432    -0.346    3.50        0.160
 HD      -31.803       14.451       10.887     0.163    2.00        0.000
  C      -32.430       16.402       10.469     0.176    4.00        0.150
  C      -33.839       15.998       11.038     0.035    4.00        0.150
  C      -34.614       15.045       10.065     0.004    4.00        0.150
  C      -35.535       14.131       10.831     0.027    4.00        0.150
  C      -36.525       13.371       10.026     0.229    4.00        0.150
  N      -35.865       12.553        9.036    -0.079    3.50        0.160
 HD      -35.477       13.032        8.198     0.274    2.00        0.000
 HD      -36.437       11.801        8.602     0.274    2.00        0.000
 HD      -35.038       12.141        9.513     0.274    2.00        0.000
  C      -31.960       17.623       11.209     0.241    4.00        0.150
 OA      -32.325       18.703       10.889    -0.271    3.20        0.200
  N      -31.096       17.569       12.149    -0.346    3.50        0.160
 HD      -30.748       16.753       12.606     0.163    2.00        0.000
  C      -30.335       18.713       12.626     0.177    4.00        0.150
  C      -29.483       18.428       13.891     0.044    4.00        0.150
  C      -30.379       18.148       15.127     0.105    4.00        0.150
  C      -31.103       19.384       15.674     0.215    4.00        0.150
 OA      -31.226       20.481       15.134    -0.274    3.20        0.200
  N      -31.646       19.167       16.877    -0.370    3.50        0.160
 HD      -32.025       19.952       17.367     0.159    2.00        0.000
 HD      -31.476       18.311       17.365     0.159    2.00        0.000
  C      -29.429       19.336       11.584     0.241    4.00        0.150
 OA      -29.283       20.573       11.638    -0.271    3.20        0.200
  N      -28.788       18.552       10.693    -0.346    3.50        0.160
 HD      -28.826       17.556       10.700     0.163    2.00        0.000
  C      -27.924       19.189        9.679     0.180    4.00        0.150
  C      -26.792       18.235        9.172     0.013    4.00        0.150
  C      -25.995       18.804        7.998     0.012    4.00        0.150
  C      -25.813       17.741       10.273     0.002    4.00        0.150
  C      -25.418       18.804       11.310     0.005    4.00        0.150
  C      -28.780       19.652        8.559     0.241    4.00        0.150
 OA      -28.493       20.751        7.990    -0.271    3.20        0.200
  N      -29.797       18.928        8.197    -0.346    3.50        0.160
 HD      -29.891       18.072        8.698     0.163    2.00        0.000
  C      -30.599       19.157        6.980     0.176    4.00        0.150
  C      -31.660       18.003        6.853     0.036    4.00        0.150
  C      -32.394       17.897        5.466     0.023    4.00        0.150
  C      -33.221       16.572        5.348     0.138    4.00        0.150
  N      -32.383       15.617        4.579    -0.227    3.50        0.160
 HD      -31.423       15.421        4.779     0.177    2.00        0.000
  C      -32.889       14.563        3.936     0.665    4.00        0.150
  N      -34.152       14.284        3.915    -0.235    3.50        0.160
 HD      -34.735       15.020        4.261     0.174    2.00        0.000
 HD      -34.566       13.506        3.442     0.174    2.00        0.000
  N      -32.057       13.766        3.298    -0.235    3.50        0.160
 HD      -31.119       14.092        3.184     0.174    2.00        0.000
 HD      -32.481       13.312        2.514     0.174    2.00        0.000
  C      -31.364       20.437        6.926     0.241    4.00        0.150
 OA      -31.504       20.971        5.818    -0.271    3.20        0.200
  N      -31.842       21.007        8.024    -0.344    3.50        0.160
 HD      -31.496       20.707        8.909     0.163    2.00        0.000
  C      -32.462       22.377        8.145     0.205    4.00        0.150
  C      -33.170       22.607        9.479     0.146    4.00        0.150
 OA      -32.461       22.109       10.626    -0.393    3.20        0.200
 HD      -32.945       22.387       11.408     0.210    2.00        0.000
  C      -34.581       21.971        9.380     0.042    4.00        0.150
  C      -31.545       23.574        7.994     0.243    4.00        0.150
 OA      -31.939       24.575        7.396    -0.271    3.20        0.200
  N      -30.274       23.354        8.258    -0.346    3.50        0.160
 HD      -29.895       22.476        8.541     0.163    2.00        0.000
  C      -29.318       24.349        7.923     0.176    4.00        0.150
  C      -28.168       24.331        8.917     0.036    4.00        0.150
  C      -28.558       24.924       10.244     0.023    4.00        0.150
  C      -29.523       24.119       11.069     0.138    4.00        0.150
  N      -29.441       24.540       12.514    -0.227    3.50        0.160
 HD      -29.084       25.422       12.822     0.177    2.00        0.000
  C      -29.846       23.829       13.556     0.665    4.00        0.150
  N      -30.429       22.662       13.421    -0.235    3.50        0.160
 HD      -30.604       22.084       14.219     0.174    2.00        0.000
 HD      -30.585       22.315       12.496     0.174    2.00        0.000
  N      -29.593       24.293       14.800    -0.235    3.50        0.160
 HD      -30.129       23.941       15.568     0.174    2.00        0.000
 HD      -29.098       25.161       14.762     0.174    2.00        0.000
  C      -28.784       24.243        6.448     0.241    4.00        0.150
 OA      -28.561       25.255        5.757    -0.271    3.20        0.200
  N      -28.551       23.008        5.923    -0.346    3.50        0.160
 HD      -28.596       22.115        6.363     0.163    2.00        0.000
  C      -28.192       22.692        4.570     0.180    4.00        0.150
  C      -27.916       21.249        4.333     0.009    4.00        0.150
  C      -27.779       20.950        2.816     0.012    4.00        0.150
  C      -26.541       20.967        5.055     0.012    4.00        0.150
  C      -29.241       23.194        3.526     0.241    4.00        0.150
 OA      -28.894       23.911        2.600    -0.271    3.20        0.200
  N      -30.465       22.937        3.746    -0.346    3.50        0.160
 HD      -30.768       22.459        4.567     0.163    2.00        0.000
  C      -31.525       23.408        2.943     0.177    4.00        0.150
  C      -32.895       22.762        3.313     0.038    4.00        0.150
  C      -33.134       21.359        2.687    -0.020    4.00        0.150
  C      -34.232       20.743        3.506     0.009    4.00        0.150
  C      -33.591       21.383        1.255     0.009    4.00        0.150
  C      -31.670       24.931        2.855     0.241    4.00        0.150
 OA      -31.788       25.512        1.776    -0.271    3.20        0.200
  N      -31.503       25.657        3.981    -0.346    3.50        0.160
 HD      -31.453       25.204        4.868     0.163    2.00        0.000
  C      -31.682       27.106        4.032     0.172    4.00        0.150
  C      -32.088       27.434        5.485     0.042    4.00        0.150
  C      -30.404       27.825        3.668     0.240    4.00        0.150
 OA      -30.425       29.014        3.766    -0.271    3.20        0.200
  N      -29.287       27.106        3.338    -0.345    3.50        0.160
 HD      -29.455       26.123        3.340     0.163    2.00        0.000
  C      -28.033       27.755        3.022     0.186    4.00        0.150
  C      -26.720       26.977        3.165     0.046    4.00        0.150
  C      -25.423       27.814        2.973     0.076    4.00        0.150
 SA      -23.942       26.971        3.637    -0.173    4.00        0.200
  C      -24.161       27.340        5.396     0.089    4.00        0.150
  C      -28.043       28.268        1.549     0.196    4.00        0.150
 OA      -27.900       27.431        0.643    -0.646    3.20        0.200
 OA      -28.143       29.471        1.284    -0.646    3.20        0.200
  N      -70.239       37.389       28.866    -0.066    3.50        0.160
 HD      -70.234       38.293       29.381     0.275    2.00        0.000
 HD      -71.211       37.230       28.530     0.275    2.00        0.000
 HD      -69.756       37.505       27.953     0.275    2.00        0.000
  C      -69.710       36.369       29.811     0.275    4.00        0.150
  C      -70.554       36.505       31.053     0.052    4.00        0.150
  C      -70.060       35.670       32.241     0.105    4.00        0.150
  C      -70.411       36.407       33.561     0.215    4.00        0.150
 OA      -71.314       37.300       33.579    -0.274    3.20        0.200
  N      -69.694       36.111       34.650    -0.370    3.50        0.160
 HD      -69.030       35.364       34.620     0.159    2.00        0.000
 HD      -69.750       36.698       35.458     0.159    2.00        0.000
  C      -69.977       35.054       29.149     0.249    4.00        0.150
 OA      -70.915       34.897       28.362    -0.271    3.20        0.200
  N      -69.128       34.021       29.394    -0.346    3.50        0.160
 HD      -68.346       34.186       29.989     0.163    2.00        0.000
  C      -69.350       32.791       28.754     0.180    4.00        0.150
  C      -68.125       31.890       28.802     0.009    4.00        0.150
  C      -68.359       30.587       28.159     0.012    4.00        0.150
  C      -67.030       32.587       27.983     0.012    4.00        0.150
  C      -70.479       32.058       29.481     0.241    4.00        0.150
 OA      -70.395       31.864       30.688    -0.271    3.20        0.200
  N      -71.606       31.728       28.821    -0.346    3.50        0.160
 HD      -71.699       32.085       27.895     0.163    2.00        0.000
  C      -72.795       31.126       29.404     0.177    4.00        0.150
  C      -73.869       32.166       29.791     0.044    4.00        0.150
  C      -74.020       33.289       28.804     0.105    4.00        0.150
  C      -75.273       34.186       28.826     0.215    4.00        0.150
 OA      -75.171       35.346       29.162    -0.274    3.20        0.200
  N      -76.475       33.667       28.607    -0.370    3.50        0.160
 HD      -77.287       34.132       28.959     0.159    2.00        0.000
 HD      -76.504       32.694       28.379     0.159    2.00        0.000
  C      -73.328       29.903       28.579     0.241    4.00        0.150
 OA      -73.392       29.772       27.352    -0.271    3.20        0.200
  N      -73.858       28.917       29.322    -0.346    3.50        0.160
 HD      -73.843       29.048       30.310     0.163    2.00        0.000
  C      -74.521       27.676       28.796     0.177    4.00        0.150
  C      -73.530       26.392       28.729     0.038    4.00        0.150
  C      -72.317       26.567       27.808    -0.020    4.00        0.150
  C      -71.135       26.945       28.673     0.009    4.00        0.150
  C      -72.003       25.227       27.014     0.009    4.00        0.150
  C      -75.826       27.394       29.441     0.241    4.00        0.150
 OA      -75.905       27.220       30.644    -0.271    3.20        0.200
  N      -76.938       27.302       28.711    -0.346    3.50        0.160
 HD      -76.835       27.532       27.746     0.163    2.00        0.000
  C      -78.279       27.058       29.226     0.177    4.00        0.150
  C      -79.286       28.185       28.814     0.044    4.00        0.150
  C      -79.419       29.420       29.806     0.105    4.00        0.150
  C      -78.099       30.152       29.986     0.215    4.00        0.150
 OA      -77.643       30.827       29.077    -0.274    3.20        0.200
  N      -77.436       30.003       31.062    -0.370    3.50        0.160
 HD      -76.494       30.340       31.065     0.159    2.00        0.000
 HD      -77.805       29.358       31.731     0.159    2.00        0.000
  C      -78.884       25.722       28.887     0.241    4.00        0.150
 OA      -79.604       25.468       27.937    -0.271    3.20        0.200
  N      -78.773       24.775       29.786    -0.346    3.50        0.160
 HD      -78.313       24.872       30.665     0.163    2.00        0.000
  C      -79.468       23.546       29.569     0.177    4.00        0.150
  C      -78.794       22.493       30.400     0.045    4.00        0.150
  C      -77.220       22.331       30.371     0.116    4.00        0.150
  C      -76.503       23.152       31.448     0.172    4.00        0.150
 OA      -77.065       24.146       31.937    -0.648    3.20        0.200
 OA      -75.348       22.827       31.708    -0.648    3.20        0.200
  C      -80.929       23.542       29.922     0.241    4.00        0.150
 OA      -81.293       24.003       31.038    -0.271    3.20        0.200
  N      -81.809       23.004       29.055    -0.344    3.50        0.160
 HD      -81.492       22.528       28.238     0.163    2.00        0.000
  C      -83.214       22.856       29.408     0.200    4.00        0.150
  C      -84.102       24.090       29.057     0.199    4.00        0.150
 OA      -84.112       24.322       27.603    -0.398    3.20        0.200
 HD      -83.296       24.798       27.434     0.209    2.00        0.000
  C      -83.887       21.663       28.655     0.242    4.00        0.150
 OA      -83.299       21.022       27.805    -0.271    3.20        0.200
  N      -85.105       21.380       29.091    -0.350    3.50        0.160
 HD      -85.520       22.049       29.703     0.163    2.00        0.000
  C      -85.993       20.424       28.469     0.225    4.00        0.150
  C      -86.136       19.242       29.388     0.235    4.00        0.150
 OA      -86.594       18.179       29.047    -0.272    3.20        0.200
  N      -85.732       19.522       30.622    -0.351    3.50        0.160
 HD      -85.185       20.335       30.804     0.163    2.00        0.000
  C      -85.786       18.504       31.686     0.225    4.00        0.150
  C      -87.144       18.078       32.192     0.235    4.00        0.150
 OA      -88.159       18.589       31.792    -0.272    3.20        0.200
  N      -87.214       17.153       33.197    -0.351    3.50        0.160
 HD      -86.379       16.803       33.612     0.163    2.00        0.000
  C      -88.466       16.679       33.740     0.225    4.00        0.150
  C      -88.521       15.280       34.204     0.236    4.00        0.150
 OA      -87.462       14.660       34.336    -0.272    3.20        0.200
  N      -89.751       14.905       34.606    -0.346    3.50        0.160
 HD      -90.455       15.611       34.578     0.163    2.00        0.000
  C      -90.330       13.552       34.719     0.177    4.00        0.150
  C      -91.621       13.540       35.557     0.038    4.00        0.150
  C      -92.315       12.148       35.834    -0.020    4.00        0.150
  C      -91.456       11.301       36.794     0.009    4.00        0.150
  C      -93.741       12.263       36.313     0.009    4.00        0.150
  C      -90.506       12.889       33.348     0.241    4.00        0.150
 OA      -90.801       13.589       32.412    -0.271    3.20        0.200
  N      -90.183       11.545       33.302    -0.346    3.50        0.160
 HD      -89.986       11.002       34.115     0.163    2.00        0.000
  C      -90.315       10.736       32.101     0.180    4.00        0.150
  C      -89.164       10.895       31.131     0.009    4.00        0.150
  C      -87.803       10.357       31.802     0.012    4.00        0.150
  C      -89.529       10.208       29.778     0.012    4.00        0.150
  C      -90.610        9.345       32.499     0.241    4.00        0.150
 OA      -90.203        8.968       33.590    -0.271    3.20        0.200
  N      -91.375        8.606       31.672    -0.346    3.50        0.160
 HD      -91.908        8.972       30.913     0.163    2.00        0.000
  C      -91.513        7.175       31.768     0.177    4.00        0.150
  C      -92.660        6.454       30.983     0.044    4.00        0.150
  C      -94.170        6.779       31.447     0.105    4.00        0.150
  C      -94.442        6.811       32.986     0.215    4.00        0.150
 OA      -95.117        7.603       33.606    -0.274    3.20        0.200
  N      -93.977        5.666       33.554    -0.370    3.50        0.160
 HD      -94.240        5.536       34.510     0.159    2.00        0.000
 HD      -93.350        5.041       33.087     0.159    2.00        0.000
  C      -90.224        6.378       31.530     0.243    4.00        0.150
 OA      -89.615        6.563       30.484    -0.271    3.20        0.200
  N      -89.703        5.415       32.425    -0.337    3.50        0.160
  C      -90.083        5.322       33.869     0.127    4.00        0.150
  C      -88.976        4.221       32.044     0.179    4.00        0.150
  C      -89.075        3.321       33.238     0.037    4.00        0.150
  C      -89.169        4.294       34.448     0.022    4.00        0.150
  C      -89.346        3.558       30.727     0.241    4.00        0.150
 OA      -90.546        3.228       30.494    -0.271    3.20        0.200
  N      -88.441        3.245       29.824    -0.351    3.50        0.160
 HD      -87.501        3.286       30.154     0.163    2.00        0.000
  C      -88.601        2.690       28.507     0.225    4.00        0.150
  C      -88.903        3.674       27.472     0.235    4.00        0.150
 OA      -88.584        3.544       26.294    -0.272    3.20        0.200
  N      -89.545        4.772       27.901    -0.351    3.50        0.160
 HD      -89.627        4.916       28.883     0.163    2.00        0.000
  C      -89.841        5.977       27.100     0.225    4.00        0.150
  C      -88.669        6.760       26.525     0.236    4.00        0.150
 OA      -87.528        6.294       26.315    -0.272    3.20        0.200
  N      -88.811        8.076       26.275    -0.344    3.50        0.160
 HD      -89.682        8.521       26.475     0.163    2.00        0.000
  C      -87.853        8.767       25.448     0.200    4.00        0.150
  C      -88.268        8.754       23.961     0.199    4.00        0.150
 OA      -87.292        9.320       23.070    -0.398    3.20        0.200
 HD      -86.517        8.758       23.006     0.209    2.00        0.000
  C      -87.870       10.168       25.837     0.243    4.00        0.150
 OA      -88.958       10.627       26.241    -0.271    3.20        0.200
  N      -86.819       10.985       25.767    -0.346    3.50        0.160
 HD      -86.084       10.509       25.290     0.163    2.00        0.000
  C      -86.655       12.372       26.290     0.177    4.00        0.150
  C      -86.257       12.409       27.835     0.038    4.00        0.150
  C      -86.395       13.807       28.540    -0.020    4.00        0.150
  C      -87.865       14.283       28.695     0.009    4.00        0.150
  C      -85.677       13.849       29.899     0.009    4.00        0.150
  C      -85.555       13.130       25.554     0.241    4.00        0.150
 OA      -84.490       12.587       25.383    -0.271    3.20        0.200
  N      -85.822       14.335       24.909    -0.346    3.50        0.160
 HD      -86.722       14.753       25.003     0.163    2.00        0.000
  C      -84.874       15.025       24.128     0.176    4.00        0.150
  C      -85.535       15.545       22.856     0.036    4.00        0.150
  C      -84.605       16.282       21.845     0.023    4.00        0.150
  C      -85.426       16.459       20.602     0.138    4.00        0.150
  N      -84.771       17.162       19.476    -0.227    3.50        0.160
 HD      -84.800       18.161       19.452     0.177    2.00        0.000
  C      -83.902       16.587       18.631     0.665    4.00        0.150
  N      -83.690       15.292       18.690    -0.235    3.50        0.160
 HD      -84.203       14.677       19.288     0.174    2.00        0.000
 HD      -83.029       14.855       18.079     0.174    2.00        0.000
  N      -83.428       17.363       17.658    -0.235    3.50        0.160
 HD      -83.952       18.199       17.494     0.174    2.00        0.000
 HD      -82.788       16.929       17.026     0.174    2.00        0.000
  C      -84.358       16.158       25.031     0.241    4.00        0.150
 OA      -85.012       17.205       25.306    -0.271    3.20        0.200
  N      -83.118       16.145       25.430    -0.346    3.50        0.160
 HD      -82.557       15.370       25.151     0.163    2.00        0.000
  C      -82.396       17.278       26.090     0.177    4.00        0.150
  C      -81.350       16.705       27.121     0.038    4.00        0.150
  C      -81.946       15.756       28.168    -0.020    4.00        0.150
  C      -80.779       14.833       28.763     0.009    4.00        0.150
  C      -82.556       16.511       29.286     0.009    4.00        0.150
  C      -81.796       18.235       25.113     0.241    4.00        0.150
 OA      -81.682       17.968       23.926    -0.271    3.20        0.200
  N      -81.512       19.419       25.637    -0.344    3.50        0.160
 HD      -81.532       19.546       26.625     0.163    2.00        0.000
  C      -81.107       20.560       24.823     0.200    4.00        0.150
  C      -82.360       21.306       24.214     0.199    4.00        0.150
 OA      -83.085       22.167       25.102    -0.398    3.20        0.200
 HD      -83.539       21.583       25.712     0.209    2.00        0.000
  C      -80.246       21.547       25.531     0.243    4.00        0.150
 OA      -80.219       21.743       26.740    -0.271    3.20        0.200
  N      -79.422       22.300       24.817    -0.345    3.50        0.160
 HD      -79.219       22.065       23.869     0.163    2.00        0.000
  C      -78.695       23.295       25.483     0.185    4.00        0.150
  C      -77.351       22.770       26.168     0.105    4.00        0.150
 SA      -76.257       24.047       26.776    -0.180    4.00        0.200
 HD      -75.815       24.510       25.616     0.101    2.00        0.000
  C      -78.513       24.427       24.498     0.241    4.00        0.150
 OA      -78.121       24.252       23.349    -0.271    3.20        0.200
  N      -78.878       25.650       24.984    -0.346    3.50        0.160
 HD      -79.144       25.837       25.927     0.163    2.00        0.000
  C      -78.563       26.814       24.189     0.172    4.00        0.150
  C      -79.826       27.612       23.967     0.042    4.00        0.150
  C      -77.531       27.663       24.875     0.240    4.00        0.150
 OA      -77.436       27.695       26.088    -0.271    3.20        0.200
  N      -76.734       28.376       24.079    -0.346    3.50        0.160
 HD      -76.876       28.621       23.124     0.163    2.00        0.000
  C      -75.428       28.917       24.638     0.172    4.00        0.150
  C      -74.324       27.851       24.422     0.042    4.00        0.150
  C      -75.064       30.267       23.970     0.240    4.00        0.150
 OA      -75.419       30.507       22.826    -0.271    3.20        0.200
  N      -74.409       31.202       24.659    -0.344    3.50        0.160
 HD      -74.159       30.943       25.588     0.163    2.00        0.000
  C      -74.130       32.532       24.143     0.200    4.00        0.150
  C      -75.268       33.503       24.313     0.199    4.00        0.150
 OA      -75.589       33.532       25.748    -0.398    3.20        0.200
 HD      -76.145       32.762       25.879     0.209    2.00        0.000
  C      -72.835       33.061       24.878     0.242    4.00        0.150
 OA      -72.416       32.548       25.902    -0.271    3.20        0.200
  N      -72.230       34.110       24.331    -0.350    3.50        0.160
 HD      -72.552       34.406       23.435     0.163    2.00        0.000
  C      -71.030       34.667       24.870     0.225    4.00        0.150
  C      -69.757       34.053       24.335     0.236    4.00        0.150
 OA      -68.598       34.315       24.746    -0.272    3.20        0.200
  N      -69.919       33.242       23.298    -0.346    3.50        0.160
 HD      -70.823       33.139       22.889     0.163    2.00        0.000
  C      -68.784       32.743       22.501     0.180    4.00        0.150
  C      -68.141       31.498       23.225     0.073    4.00        0.150
  A      -69.039       30.364       23.535    -0.056    4.00        0.150
  A      -70.011       30.376       24.517     0.007    4.00        0.150
  A      -70.776       29.256       24.780     0.001    4.00        0.150
  A      -70.700       28.078       23.968     0.000    4.00        0.150
  A      -68.937       29.211       22.740     0.007    4.00        0.150
  A      -69.773       28.064       22.910     0.001    4.00        0.150
  C      -69.139       32.365       21.062     0.241    4.00        0.150
 OA      -70.282       31.973       20.765    -0.271    3.20        0.200
  N      -68.212       32.502       20.114    -0.344    3.50        0.160
 HD      -67.312       32.853       20.359     0.163    2.00        0.000
  C      -68.335       31.969       18.809     0.205    4.00        0.150
  C      -67.049       32.329       17.963     0.146    4.00        0.150
 OA      -66.896       33.730       18.006    -0.393    3.20        0.200
 HD      -66.627       33.885       18.914     0.210    2.00        0.000
  C      -67.207       31.866       16.508     0.042    4.00        0.150
  C      -68.469       30.453       18.716     0.243    4.00        0.150
 OA      -67.463       29.747       18.836    -0.271    3.20        0.200
  N      -69.756       29.977       18.538    -0.346    3.50        0.160
 HD      -70.562       30.554       18.430     0.163    2.00        0.000
  C      -70.032       28.586       18.799     0.180    4.00        0.150
  C      -71.511       28.334       18.664     0.073    4.00        0.150
  A      -72.111       27.126       19.247    -0.056    4.00        0.150
  A      -72.308       27.156       20.648     0.007    4.00        0.150
  A      -72.811       26.037       21.320     0.001    4.00        0.150
  A      -73.087       24.880       20.598     0.000    4.00        0.150
  A      -72.496       26.009       18.535     0.007    4.00        0.150
  A      -72.911       24.868       19.199     0.001    4.00        0.150
  C      -69.277       27.451       18.095     0.241    4.00        0.150
 OA      -68.950       26.357       18.597    -0.271    3.20        0.200
  N      -69.086       27.704       16.793    -0.344    3.50        0.160
 HD      -69.419       28.508       16.309     0.163    2.00        0.000
  C      -68.397       26.692       16.000     0.200    4.00        0.150
  C      -68.176       27.320       14.641     0.199    4.00        0.150
 OA      -69.380       27.859       14.099    -0.398    3.20        0.200
 HD      -69.228       28.105       13.184     0.209    2.00        0.000
  C      -67.036       26.268       16.342     0.243    4.00        0.150
 OA      -66.658       25.188       15.919    -0.271    3.20        0.200
  N      -66.252       27.077       17.063    -0.345    3.50        0.160
 HD      -66.677       27.888       17.457     0.163    2.00        0.000
  C      -64.852       26.827       17.345     0.185    4.00        0.150
  C      -64.199       28.174       17.939     0.137    4.00        0.150
  C      -64.245       29.372       17.010     0.217    4.00        0.150
 OA      -64.776       29.464       15.903    -0.274    3.20        0.200
  N      -63.534       30.431       17.496    -0.370    3.50        0.160
 HD      -63.478       31.278       16.967     0.159    2.00        0.000
 HD      -63.017       30.445       18.352     0.159    2.00        0.000
  C      -64.606       25.718       18.337     0.241    4.00        0.150
 OA      -63.527       25.148       18.610    -0.271    3.20        0.200
  N      -65.684       25.263       18.974    -0.346    3.50        0.160
 HD      -66.627       25.382       18.675     0.163    2.00        0.000
  C      -65.592       24.466       20.203     0.180    4.00        0.150
  C      -66.244       25.074       21.475     0.073    4.00        0.150
  A      -65.625       26.434       21.796    -0.056    4.00        0.150
  A      -64.574       26.569       22.770     0.010    4.00        0.150
  A      -64.009       27.850       22.982     0.037    4.00        0.150
  A      -64.486       28.979       22.353     0.065    4.00        0.150
 OA      -64.031       30.318       22.703    -0.361    3.20        0.200
 HD      -64.529       30.902       22.126     0.217    2.00        0.000
  A      -66.048       27.570       21.110     0.010    4.00        0.150
  A      -65.474       28.817       21.404     0.037    4.00        0.150
  C      -66.215       23.112       20.030     0.241    4.00        0.150
 OA      -67.078       22.819       19.154    -0.271    3.20        0.200
  N      -65.769       22.164       20.793    -0.346    3.50        0.160
 HD      -65.068       22.335       21.482     0.163    2.00        0.000
  C      -66.448       20.853       20.959     0.176    4.00        0.150
  C      -65.398       19.690       21.204     0.035    4.00        0.150
  C      -64.158       19.671       20.325     0.004    4.00        0.150
  C      -63.759       18.218       19.962     0.027    4.00        0.150
  C      -63.307       17.320       21.113     0.229    4.00        0.150
  N      -63.176       15.837       20.860    -0.079    3.50        0.160
 HD      -62.313       15.761       20.286     0.274    2.00        0.000
 HD      -64.015       15.389       20.437     0.274    2.00        0.000
 HD      -62.989       15.430       21.798     0.274    2.00        0.000
  C      -67.384       20.933       22.163     0.241    4.00        0.150
 OA      -67.237       21.740       23.062    -0.271    3.20        0.200
  N      -68.398       20.083       22.234    -0.346    3.50        0.160
 HD      -68.639       19.505       21.459     0.163    2.00        0.000
  C      -69.480       20.250       23.165     0.177    4.00        0.150
  C      -70.778       20.738       22.515     0.045    4.00        0.150
  C      -70.709       21.876       21.371     0.076    4.00        0.150
 SA      -70.072       23.498       21.973    -0.173    4.00        0.200
  C      -71.119       23.800       23.347     0.089    4.00        0.150
  C      -69.741       18.998       23.896     0.241    4.00        0.150
 OA      -69.858       17.951       23.304    -0.271    3.20        0.200
  N      -69.836       19.040       25.270    -0.346    3.50        0.160
 HD      -69.767       19.917       25.738     0.163    2.00        0.000
  C      -69.847       17.885       26.037     0.185    4.00        0.150
  C      -68.581       17.801       26.970     0.137    4.00        0.150
  C      -67.216       17.758       26.302     0.217    4.00        0.150
 OA      -66.484       16.755       26.152    -0.274    3.20        0.200
  N      -66.761       18.942       25.902    -0.370    3.50        0.160
 HD      -66.019       18.909       25.233     0.159    2.00        0.000
 HD      -67.393       19.713       25.976     0.159    2.00        0.000
  C      -71.047       17.868       26.888     0.241    4.00        0.150
 OA      -71.411       18.894       27.418    -0.271    3.20        0.200
  N      -71.731       16.746       27.030    -0.346    3.50        0.160
 HD      -71.450       15.990       26.445     0.163    2.00        0.000
  C      -72.714       16.500       28.073     0.181    4.00        0.150
  C      -73.951       15.685       27.622     0.075    4.00        0.150
  A      -74.906       16.496       26.856    -0.028    4.00        0.150
  A      -75.044       16.554       25.512     0.096    4.00        0.150
  N      -76.044       17.410       25.162    -0.365    3.50        0.160
 HD      -76.350       17.538       24.244     0.165    2.00        0.000
  A      -76.674       17.912       26.295     0.042    4.00        0.150
  A      -75.946       17.360       27.319    -0.002    4.00        0.150
  A      -76.361       17.757       28.614     0.014    4.00        0.150
  A      -77.388       18.598       28.790     0.001    4.00        0.150
  A      -77.803       18.745       26.424     0.030    4.00        0.150
  A      -78.171       19.062       27.736     0.002    4.00        0.150
  C      -72.033       15.736       29.253     0.241    4.00        0.150
 OA      -71.394       14.707       29.083    -0.271    3.20        0.200
  N      -72.132       16.270       30.454    -0.346    3.50        0.160
 HD      -72.694       17.082       30.596     0.163    2.00        0.000
  C      -71.555       15.790       31.744     0.180    4.00        0.150
  C      -70.341       16.670       32.181     0.009    4.00        0.150
  C      -69.254       16.618       31.141     0.012    4.00        0.150
  C      -70.716       18.164       32.540     0.012    4.00        0.150
  C      -72.600       15.802       32.825     0.241    4.00        0.150
 OA      -73.370       16.805       33.034    -0.271    3.20        0.200
  N      -72.861       14.642       33.632    -0.346    3.50        0.160
 HD      -72.301       13.822       33.546     0.163    2.00        0.000
  C      -74.085       14.546       34.481     0.176    4.00        0.150
  C      -75.156       13.532       33.947     0.036    4.00        0.150
  C      -74.651       12.094       33.968     0.023    4.00        0.150
  C      -75.644       11.139       33.288     0.138    4.00        0.150
  N      -75.059        9.766       33.334    -0.227    3.50        0.160
 HD      -74.307        9.408       33.887     0.177    2.00        0.000
  C      -75.564        8.724       32.681     0.665    4.00        0.150
  N      -76.673        8.829       31.962    -0.235    3.50        0.160
 HD      -77.265        9.631       32.038     0.174    2.00        0.000
 HD      -77.195        7.998       31.767     0.174    2.00        0.000
  N      -74.919        7.583       32.769    -0.235    3.50        0.160
 HD      -75.546        6.810       32.673     0.174    2.00        0.000
 HD      -74.129        7.514       33.379     0.174    2.00        0.000
  C      -73.640       14.115       35.874     0.241    4.00        0.150
 OA      -72.511       13.594       36.074    -0.271    3.20        0.200
  N      -74.442       14.274       36.878    -0.346    3.50        0.160
 HD      -75.315       14.756       36.857     0.163    2.00        0.000
  C      -74.141       13.805       38.240     0.177    4.00        0.150
  C      -73.572       14.963       39.072     0.044    4.00        0.150
  C      -73.276       14.623       40.620     0.105    4.00        0.150
  C      -72.342       15.687       41.253     0.215    4.00        0.150
 OA      -72.020       16.694       40.582    -0.274    3.20        0.200
  N      -71.660       15.435       42.396    -0.370    3.50        0.160
 HD      -71.120       16.155       42.833     0.159    2.00        0.000
 HD      -71.636       14.469       42.651     0.159    2.00        0.000
  C      -75.378       13.102       38.861     0.241    4.00        0.150
 OA      -76.495       13.666       38.916    -0.271    3.20        0.200
  N      -75.240       11.810       39.214    -0.346    3.50        0.160
 HD      -74.376       11.311       39.195     0.163    2.00        0.000
  C      -76.367       11.054       39.654     0.172    4.00        0.150
  C      -76.123        9.746       38.852     0.042    4.00        0.150
  C      -76.432       10.912       41.195     0.243    4.00        0.150
 OA      -75.429       11.087       41.883    -0.271    3.20        0.200
  N      -77.585       10.534       41.847    -0.337    3.50        0.160
  C      -78.881       10.333       41.174     0.127    4.00        0.150
  C      -77.609       10.190       43.324     0.179    4.00        0.150
  C      -78.997        9.510       43.394     0.037    4.00        0.150
  C      -79.872       10.223       42.346     0.022    4.00        0.150
  C      -76.413        9.361       43.900     0.241    4.00        0.150
 OA      -76.273        8.184       43.598    -0.271    3.20        0.200
  N      -75.654        9.998       44.826    -0.351    3.50        0.160
 HD      -75.907       10.875       45.227     0.163    2.00        0.000
  C      -74.476        9.494       45.424     0.225    4.00        0.150
  C      -73.239        9.432       44.668     0.236    4.00        0.150
 OA      -72.228        8.978       45.168    -0.272    3.20        0.200
  N      -73.224       10.011       43.419    -0.346    3.50        0.160
 HD      -73.997       10.387       42.916     0.163    2.00        0.000
  C      -72.071        9.879       42.530     0.176    4.00        0.150
  C      -72.414        9.130       41.232     0.035    4.00        0.150
  C      -72.729        7.645       41.544     0.004    4.00        0.150
  C      -72.690        6.702       40.397     0.027    4.00        0.150
  C      -73.637        7.051       39.273     0.229    4.00        0.150
  N      -73.739        5.948       38.290    -0.079    3.50        0.160
 HD      -74.642        5.960       37.774     0.274    2.00        0.000
 HD      -73.658        5.022       38.757     0.274    2.00        0.000
 HD      -72.968        5.893       37.593     0.274    2.00        0.000
  C      -71.543       11.277       42.156     0.240    4.00        0.150
 OA      -72.137       12.273       42.593    -0.271    3.20        0.200
  N      -70.439       11.424       41.463    -0.351    3.50        0.160
 HD      -69.999       10.586       41.153     0.163    2.00        0.000
  C      -69.867       12.667       40.952     0.225    4.00        0.150
  C      -70.123       12.890       39.501     0.236    4.00        0.150
 OA      -70.764       12.092       38.847    -0.272    3.20        0.200
  N      -69.419       13.928       38.978    -0.346    3.50        0.160
 HD      -68.890       14.589       39.506     0.163    2.00        0.000
  C      -69.580       14.353       37.528     0.177    4.00        0.150
  C      -68.983       15.781       37.427     0.038    4.00        0.150
  C      -69.693       16.660       36.409    -0.020    4.00        0.150
  C      -71.215       16.783       36.435     0.009    4.00        0.150
  C      -69.083       18.050       36.436     0.009    4.00        0.150
  C      -68.952       13.447       36.482     0.241    4.00        0.150
 OA      -67.724       13.369       36.347    -0.271    3.20        0.200
  N      -69.778       12.832       35.643    -0.346    3.50        0.160
 HD      -70.758       12.995       35.729     0.163    2.00        0.000
  C      -69.381       11.759       34.761     0.177    4.00        0.150
  C      -70.001       10.428       35.132     0.045    4.00        0.150
  C      -71.497       10.202       34.831     0.116    4.00        0.150
  C      -72.123        8.803       35.149     0.172    4.00        0.150
 OA      -71.943        8.410       36.388    -0.648    3.20        0.200
 OA      -72.671        8.183       34.215    -0.648    3.20        0.200
  C      -69.684       12.156       33.353     0.241    4.00        0.150
 OA      -70.714       12.772       33.051    -0.271    3.20        0.200
  N      -68.682       11.970       32.448    -0.346    3.50        0.160
 HD      -67.830       11.515       32.694     0.163    2.00        0.000
  C      -68.825       12.316       31.052     0.181    4.00        0.150
  C      -67.502       12.326       30.309     0.075    4.00        0.150
  A      -67.588       12.710       28.861    -0.028    4.00        0.150
  A      -67.456       13.958       28.238     0.096    4.00        0.150
  N      -67.475       13.708       26.895    -0.365    3.50        0.160
 HD      -67.178       14.334       26.207     0.165    2.00        0.000
  A      -67.656       12.452       26.618     0.042    4.00        0.150
  A      -67.693       11.783       27.852    -0.002    4.00        0.150
  A      -67.760       10.374       27.788     0.014    4.00        0.150
  A      -67.742        9.660       26.599     0.001    4.00        0.150
  A      -67.722       11.748       25.403     0.030    4.00        0.150
  A      -67.790       10.355       25.418     0.002    4.00        0.150
  C      -69.907       11.378       30.332     0.241    4.00        0.150
 OA      -69.943       10.185       30.537    -0.271    3.20        0.200
  N      -70.810       11.948       29.535    -0.346    3.50        0.160
 HD      -71.002       12.927       29.537     0.163    2.00        0.000
  C      -71.700       11.163       28.726     0.180    4.00        0.150
  C      -73.077       11.819       28.808     0.009    4.00        0.150
  C      -74.167       10.972       28.071     0.012    4.00        0.150
  C      -73.580       12.034       30.244     0.012    4.00        0.150
  C      -71.266       10.980       27.263     0.241    4.00        0.150
 OA      -71.226        9.837       26.743    -0.271    3.20        0.200
  N      -71.119       12.203       26.612    -0.344    3.50        0.160
 HD      -71.125       13.046       27.144     0.163    2.00        0.000
  C      -71.177       12.237       25.095     0.200    4.00        0.150
  C      -72.612       12.194       24.379     0.199    4.00        0.150
 OA      -73.552       13.163       24.941    -0.398    3.20        0.200
 HD      -73.720       12.891       25.847     0.209    2.00        0.000
  C      -70.554       13.590       24.685     0.243    4.00        0.150
 OA      -70.733       14.595       25.377    -0.271    3.20        0.200
  N      -69.914       13.662       23.513    -0.345    3.50        0.160
 HD      -69.759       12.900       22.889     0.163    2.00        0.000
  C      -69.380       14.942       23.046     0.186    4.00        0.150
  C      -67.890       15.288       23.553     0.147    4.00        0.150
  C      -66.720       15.007       22.631     0.175    4.00        0.150
 OA      -66.717       14.140       21.735    -0.648    3.20        0.200
 OA      -65.698       15.752       22.845    -0.648    3.20        0.200
  C      -69.509       14.992       21.574     0.241    4.00        0.150
 OA      -69.590       13.918       20.895    -0.271    3.20        0.200
  N      -69.522       16.183       20.974    -0.346    3.50        0.160
 HD      -69.531       16.946       21.615     0.163    2.00        0.000
  C      -69.522       16.441       19.474     0.180    4.00        0.150
  C      -70.804       16.863       19.123     0.013    4.00        0.150
  C      -71.175       18.268       19.749     0.012    4.00        0.150
  C      -71.065       16.927       17.582     0.002    4.00        0.150
  C      -72.576       17.035       17.286     0.005    4.00        0.150
  C      -68.416       17.477       19.101     0.241    4.00        0.150
 OA      -68.138       18.455       19.845    -0.271    3.20        0.200
  N      -67.705       17.189       18.019    -0.344    3.50        0.160
 HD      -67.760       16.251       17.684     0.163    2.00        0.000
  C      -66.749       18.121       17.477     0.200    4.00        0.150
  C      -65.512       17.433       16.775     0.199    4.00        0.150
 OA      -65.855       16.840       15.540    -0.398    3.20        0.200
 HD      -65.336       17.365       14.927     0.209    2.00        0.000
  C      -67.390       19.211       16.658     0.243    4.00        0.150
 OA      -68.573       19.271       16.378    -0.271    3.20        0.200
  N      -66.635       20.289       16.290    -0.346    3.50        0.160
 HD      -65.663       20.262       16.507     0.163    2.00        0.000
  C      -67.029       21.499       15.622     0.177    4.00        0.150
  C      -65.788       22.244       15.069     0.044    4.00        0.150
  C      -64.752       22.759       16.104     0.105    4.00        0.150
  C      -64.059       21.753       16.979     0.215    4.00        0.150
 OA      -63.966       20.578       16.756    -0.274    3.20        0.200
  N      -63.468       22.173       18.110    -0.370    3.50        0.160
 HD      -62.777       21.514       18.406     0.159    2.00        0.000
 HD      -63.479       23.154       18.300     0.159    2.00        0.000
  C      -67.924       21.188       14.409     0.241    4.00        0.150
 OA      -69.059       21.670       14.325    -0.271    3.20        0.200
  N      -67.511       20.283       13.533    -0.344    3.50        0.160
 HD      -66.602       19.878       13.595     0.163    2.00        0.000
  C      -68.226       19.940       12.298     0.200    4.00        0.150
  C      -67.478       19.870       10.963     0.199    4.00        0.150
 OA      -66.246       19.241       11.224    -0.398    3.20        0.200
 HD      -65.811       19.139       10.374     0.209    2.00        0.000
  C      -69.052       18.636       12.441     0.242    4.00        0.150
 OA      -69.537       18.086       11.499    -0.271    3.20        0.200
  N      -69.109       18.142       13.695    -0.350    3.50        0.160
 HD      -68.822       18.707       14.465     0.163    2.00        0.000
  C      -69.691       16.820       14.032     0.225    4.00        0.150
  C      -68.862       15.644       13.582     0.236    4.00        0.150
 OA      -69.389       14.540       13.708    -0.272    3.20        0.200
  N      -67.610       15.722       13.155    -0.347    3.50        0.160
 HD      -67.288       16.636       12.926     0.163    2.00        0.000
  C      -66.786       14.682       12.643     0.172    4.00        0.150
  C      -65.479       15.316       11.989     0.042    4.00        0.150
  C      -66.323       13.687       13.664     0.240    4.00        0.150
 OA      -66.247       12.503       13.387    -0.271    3.20        0.200
  N      -66.113       14.100       14.973    -0.344    3.50        0.160
 HD      -66.277       15.008       15.354     0.163    2.00        0.000
  C      -65.923       13.204       16.062     0.200    4.00        0.150
  C      -64.593       13.442       16.882     0.199    4.00        0.150
 OA      -64.390       12.524       18.000    -0.398    3.20        0.200
 HD      -63.898       11.738       17.750     0.209    2.00        0.000
  C      -67.014       13.358       17.055     0.243    4.00        0.150
 OA      -67.402       14.440       17.540    -0.271    3.20        0.200
  N      -67.648       12.211       17.383    -0.346    3.50        0.160
 HD      -67.276       11.338       17.077     0.163    2.00        0.000
  C      -68.646       12.051       18.355     0.180    4.00        0.150
  C      -70.021       11.894       17.736     0.013    4.00        0.150
  C      -71.019       11.123       18.641     0.012    4.00        0.150
  C      -70.562       13.252       17.161     0.002    4.00        0.150
  C      -71.560       12.977       16.035     0.005    4.00        0.150
  C      -68.187       10.824       19.137     0.241    4.00        0.150
 OA      -67.524        9.926       18.616    -0.271    3.20        0.200
  N      -68.470       10.760       20.445    -0.344    3.50        0.160
 HD      -69.014       11.468       20.888     0.163    2.00        0.000
  C      -68.311        9.526       21.187     0.200    4.00        0.150
  C      -66.910        9.085       21.789     0.199    4.00        0.150
 OA      -66.369       10.158       22.535    -0.398    3.20        0.200
 HD      -66.288       10.863       21.889     0.209    2.00        0.000
  C      -69.376        9.400       22.279     0.243    4.00        0.150
 OA      -69.872       10.340       22.777    -0.271    3.20        0.200
  N      -69.767        8.178       22.710    -0.346    3.50        0.160
 HD      -69.273        7.377       22.381     0.163    2.00        0.000
  C      -70.760        7.841       23.678     0.180    4.00        0.150
  C      -71.981        7.105       22.944     0.073    4.00        0.150
  A      -72.612        7.878       21.843    -0.056    4.00        0.150
  A      -73.222        9.122       22.146     0.010    4.00        0.150
  A      -73.855        9.915       21.184     0.037    4.00        0.150
  A      -73.961        9.480       19.886     0.065    4.00        0.150
 OA      -74.685       10.060       18.928    -0.361    3.20        0.200
 HD      -74.451        9.574       18.134     0.217    2.00        0.000
  A      -72.631        7.452       20.493     0.010    4.00        0.150
  A      -73.408        8.192       19.588     0.037    4.00        0.150
  C      -70.116        6.857       24.656     0.241    4.00        0.150
 OA      -69.668        5.791       24.229    -0.271    3.20        0.200
  N      -70.045        7.246       26.001    -0.344    3.50        0.160
 HD      -70.545        8.051       26.307     0.163    2.00        0.000
  C      -69.626        6.314       27.073     0.205    4.00        0.150
  C      -69.895        6.928       28.449     0.146    4.00        0.150
 OA      -69.327        6.187       29.542    -0.393    3.20        0.200
 HD      -69.518        6.718       30.318     0.210    2.00        0.000
  C      -71.348        7.097       28.690     0.042    4.00        0.150
  C      -70.208        4.953       26.960     0.243    4.00        0.150
 OA      -71.359        4.676       26.612    -0.271    3.20        0.200
  N      -69.445        3.921       27.379    -0.350    3.50        0.160
 HD      -68.529        4.042       27.753     0.163    2.00        0.000
  C      -69.773        2.514       27.048     0.225    4.00        0.150
  C      -71.145        2.053       27.665     0.236    4.00        0.150
 OA      -71.664        1.140       27.070    -0.272    3.20        0.200
  N      -71.643        2.581       28.763    -0.344    3.50        0.160
 HD      -71.044        3.207       29.255     0.163    2.00        0.000
  C      -72.906        2.219       29.388     0.200    4.00        0.150
  C      -72.808        2.576       30.873     0.199    4.00        0.150
 OA      -72.746        4.037       30.920    -0.398    3.20        0.200
 HD      -72.659        4.269       31.847     0.209    2.00        0.000
  C      -74.130        2.658       28.696     0.243    4.00        0.150
 OA      -75.208        2.078       28.913    -0.271    3.20        0.200
  N      -74.074        3.736       27.791    -0.346    3.50        0.160
 HD      -73.190        4.196       27.776     0.163    2.00        0.000
  C      -75.148        4.385       27.110     0.180    4.00        0.150
  C      -75.181        5.877       27.359     0.009    4.00        0.150
  C      -74.973        6.376       28.865     0.012    4.00        0.150
  C      -74.185        6.669       26.457     0.012    4.00        0.150
  C      -75.060        4.213       25.572     0.241    4.00        0.150
 OA      -75.971        4.664       24.848    -0.271    3.20        0.200
  N      -74.015        3.500       25.055    -0.346    3.50        0.160
 HD      -73.279        3.260       25.684     0.163    2.00        0.000
  C      -73.972        2.943       23.709     0.176    4.00        0.150
  C      -72.707        2.114       23.483     0.035    4.00        0.150
  C      -71.460        2.970       23.469     0.004    4.00        0.150
  C      -70.159        2.240       23.102     0.027    4.00        0.150
  C      -68.978        3.229       23.228     0.229    4.00        0.150
  N      -67.796        2.556       22.632    -0.079    3.50        0.160
 HD      -67.994        1.545       22.490     0.274    2.00        0.000
 HD      -66.927        2.543       23.202     0.274    2.00        0.000
 HD      -67.574        2.985       21.711     0.274    2.00        0.000
  C      -75.255        2.284       23.178     0.240    4.00        0.150
 OA      -75.758        1.319       23.842    -0.271    3.20        0.200
  N      -75.865        2.844       22.095    -0.351    3.50        0.160
 HD      -75.519        3.718       21.762     0.163    2.00        0.000
  C      -77.140        2.409       21.525     0.225    4.00        0.150
  C      -78.378        2.894       22.230     0.236    4.00        0.150
 OA      -79.453        2.279       22.048    -0.272    3.20        0.200
  N      -78.319        3.967       23.003    -0.346    3.50        0.160
 HD      -77.396        4.338       23.064     0.163    2.00        0.000
  C      -79.486        4.537       23.692     0.176    4.00        0.150
  C      -79.695        4.136       25.102     0.036    4.00        0.150
  C      -79.962        2.645       25.362     0.023    4.00        0.150
  C      -80.737        2.288       26.637     0.138    4.00        0.150
  N      -79.943        2.711       27.872    -0.227    3.50        0.160
 HD      -79.020        2.351       28.013     0.177    2.00        0.000
  C      -80.232        3.733       28.697     0.665    4.00        0.150
  N      -81.318        4.437       28.616    -0.235    3.50        0.160
 HD      -81.612        5.095       29.311     0.174    2.00        0.000
 HD      -81.972        4.307       27.871     0.174    2.00        0.000
  N      -79.530        3.979       29.772    -0.235    3.50        0.160
 HD      -78.873        3.350       30.189     0.174    2.00        0.000
 HD      -79.806        4.751       30.343     0.174    2.00        0.000
  C      -79.577        6.052       23.545     0.241    4.00        0.150
 OA      -80.647        6.604       23.457    -0.271    3.20        0.200
  N      -78.414        6.731       23.533    -0.346    3.50        0.160
 HD      -77.529        6.384       23.834     0.163    2.00        0.000
  C      -78.372        8.219       23.386     0.180    4.00        0.150
  C      -77.548        8.922       24.535     0.073    4.00        0.150
  A      -77.966        8.562       25.895    -0.056    4.00        0.150
  A      -79.235        8.081       26.301     0.007    4.00        0.150
  A      -79.502        7.840       27.661     0.001    4.00        0.150
  A      -78.578        8.118       28.644     0.000    4.00        0.150
  A      -77.071        8.888       26.908     0.007    4.00        0.150
  A      -77.328        8.672       28.245     0.001    4.00        0.150
  C      -77.877        8.696       21.911     0.241    4.00        0.150
 OA      -77.136        7.916       21.287    -0.271    3.20        0.200
  N      -78.202        9.895       21.473    -0.344    3.50        0.160
 HD      -78.942       10.329       21.978     0.163    2.00        0.000
  C      -77.800       10.335       20.175     0.205    4.00        0.150
  C      -78.896       10.146       19.127     0.146    4.00        0.150
 OA      -79.492        8.856       19.235    -0.393    3.20        0.200
 HD      -78.785        8.263       18.973     0.210    2.00        0.000
  C      -78.397       10.264       17.711     0.042    4.00        0.150
  C      -77.512       11.819       20.269     0.243    4.00        0.150
 OA      -78.222       12.516       20.946    -0.271    3.20        0.200
  N      -76.406       12.383       19.642    -0.346    3.50        0.160
 HD      -75.841       11.855       19.013     0.163    2.00        0.000
  C      -76.045       13.766       19.785     0.180    4.00        0.150
  C      -74.624       13.938       20.423     0.013    4.00        0.150
  C      -73.450       13.372       19.519     0.012    4.00        0.150
  C      -74.354       15.500       20.694     0.002    4.00        0.150
  C      -73.306       15.714       21.767     0.005    4.00        0.150
  C      -76.178       14.581       18.516     0.241    4.00        0.150
 OA      -75.792       14.133       17.407    -0.271    3.20        0.200
  N      -76.611       15.897       18.647    -0.344    3.50        0.160
 HD      -76.880       16.329       19.504     0.163    2.00        0.000
  C      -76.819       16.674       17.462     0.200    4.00        0.150
  C      -78.245       16.548       16.971     0.199    4.00        0.150
 OA      -78.441       16.861       15.562    -0.398    3.20        0.200
 HD      -78.241       16.095       15.019     0.209    2.00        0.000
  C      -76.477       18.116       17.935     0.243    4.00        0.150
 OA      -76.745       18.488       19.070    -0.271    3.20        0.200
  N      -75.954       18.952       16.999    -0.346    3.50        0.160
 HD      -75.678       18.489       16.161     0.163    2.00        0.000
  C      -75.674       20.401       17.097     0.176    4.00        0.150
  C      -74.220       20.689       17.525     0.036    4.00        0.150
  C      -73.195       20.642       16.391     0.023    4.00        0.150
  C      -71.772       20.652       16.822     0.138    4.00        0.150
  N      -71.383       22.121       17.073    -0.227    3.50        0.160
 HD      -71.933       22.839       16.646     0.177    2.00        0.000
  C      -70.312       22.580       17.705     0.665    4.00        0.150
  N      -69.362       21.756       18.104    -0.235    3.50        0.160
 HD      -69.591       20.803       17.910     0.174    2.00        0.000
 HD      -68.496       22.017       18.531     0.174    2.00        0.000
  N      -70.197       23.885       17.883    -0.235    3.50        0.160
 HD      -70.939       24.529       17.697     0.174    2.00        0.000
 HD      -69.318       24.241       18.199     0.174    2.00        0.000
  C      -76.028       21.202       15.869     0.241    4.00        0.150
 OA      -75.870       20.732       14.724    -0.271    3.20        0.200
  N      -76.512       22.426       16.106    -0.346    3.50        0.160
 HD      -76.807       22.638       17.034     0.163    2.00        0.000
  C      -76.762       23.353       15.003     0.186    4.00        0.150
  C      -78.331       23.482       14.997     0.147    4.00        0.150
  C      -78.749       24.111       13.652     0.175    4.00        0.150
 OA      -79.869       24.669       13.464    -0.648    3.20        0.200
 OA      -77.861       24.059       12.713    -0.648    3.20        0.200
  C      -76.069       24.719       15.217     0.241    4.00        0.150
 OA      -76.383       25.507       16.114    -0.271    3.20        0.200
  N      -75.007       24.982       14.408    -0.346    3.50        0.160
 HD      -74.703       24.411       13.650     0.163    2.00        0.000
  C      -74.052       26.058       14.704     0.185    4.00        0.150
  C      -72.711       25.853       13.965     0.137    4.00        0.150
  C      -71.986       24.695       14.653     0.217    4.00        0.150
 OA      -72.384       24.338       15.767    -0.274    3.20        0.200
  N      -70.902       24.237       14.047    -0.370    3.50        0.160
 HD      -70.348       23.482       14.401     0.159    2.00        0.000
 HD      -70.656       24.726       13.210     0.159    2.00        0.000
  C      -74.571       27.431       14.467     0.241    4.00        0.150
 OA      -74.043       28.393       15.045    -0.271    3.20        0.200
  N      -75.619       27.532       13.678    -0.346    3.50        0.160
 HD      -75.828       26.731       13.122     0.163    2.00        0.000
  C      -76.427       28.706       13.423     0.172    4.00        0.150
  C      -77.372       28.396       12.232     0.042    4.00        0.150
  C      -77.211       29.281       14.650     0.240    4.00        0.150
 OA      -77.546       30.484       14.681    -0.271    3.20        0.200
  N      -77.504       28.407       15.602    -0.346    3.50        0.160
 HD      -77.257       27.459       15.421     0.163    2.00        0.000
  C      -78.280       28.733       16.783     0.176    4.00        0.150
  C      -79.686       28.167       16.741     0.035    4.00        0.150
  C      -79.640       26.609       16.415     0.004    4.00        0.150
  C      -81.059       25.926       16.482     0.027    4.00        0.150
  C      -82.124       26.494       15.528     0.229    4.00        0.150
  N      -81.650       26.645       14.167    -0.079    3.50        0.160
 HD      -82.469       26.689       13.529     0.274    2.00        0.000
 HD      -81.150       25.780       13.880     0.274    2.00        0.000
 HD      -81.133       27.537       14.025     0.274    2.00        0.000
  C      -77.649       28.422       18.064     0.241    4.00        0.150
 OA      -78.316       28.637       19.150    -0.271    3.20        0.200
  N      -76.422       27.896       18.110    -0.346    3.50        0.160
 HD      -75.923       27.666       17.278     0.163    2.00        0.000
  C      -75.746       27.668       19.381     0.185    4.00        0.150
  C      -75.574       28.936       20.281     0.137    4.00        0.150
  C      -74.821       29.991       19.553     0.217    4.00        0.150
 OA      -74.179       29.762       18.545    -0.274    3.20        0.200
  N      -74.863       31.263       20.079    -0.370    3.50        0.160
 HD      -74.258       31.958       19.691     0.159    2.00        0.000
 HD      -75.372       31.315       20.938     0.159    2.00        0.000
  C      -76.234       26.496       20.215     0.241    4.00        0.150
 OA      -75.852       26.338       21.345    -0.271    3.20        0.200
  N      -77.147       25.683       19.617    -0.344    3.50        0.160
 HD      -77.365       25.772       18.649     0.163    2.00        0.000
  C      -78.051       24.792       20.300     0.205    4.00        0.150
  C      -79.534       24.899       19.961     0.146    4.00        0.150
 OA      -79.978       26.251       20.031    -0.393    3.20        0.200
 HD      -79.264       26.855       19.815     0.210    2.00        0.000
  C      -80.536       24.050       20.794     0.042    4.00        0.150
  C      -77.552       23.325       20.056     0.243    4.00        0.150
 OA      -77.397       22.958       18.890    -0.271    3.20        0.200
  N      -77.498       22.493       21.098    -0.346    3.50        0.160
 HD      -77.740       22.758       22.029     0.163    2.00        0.000
  C      -76.968       21.156       21.264     0.177    4.00        0.150
  C      -75.869       21.214       22.344     0.038    4.00        0.150
  C      -75.050       19.887       22.426    -0.020    4.00        0.150
  C      -74.309       19.633       21.102     0.009    4.00        0.150
  C      -74.145       20.010       23.653     0.009    4.00        0.150
  C      -78.125       20.379       21.722     0.241    4.00        0.150
 OA      -78.904       20.859       22.567    -0.271    3.20        0.200
  N      -78.413       19.230       21.148    -0.346    3.50        0.160
 HD      -77.889       19.022       20.325     0.163    2.00        0.000
  C      -79.461       18.304       21.503     0.180    4.00        0.150
  C      -80.315       18.088       20.258     0.073    4.00        0.150
  A      -80.975       19.407       19.732    -0.056    4.00        0.150
  A      -80.778       19.831       18.390     0.010    4.00        0.150
  A      -81.289       21.012       17.850     0.037    4.00        0.150
  A      -82.206       21.742       18.675     0.065    4.00        0.150
 OA      -82.997       22.777       18.181    -0.361    3.20        0.200
 HD      -83.017       22.719       17.223     0.217    2.00        0.000
  A      -81.829       20.175       20.554     0.010    4.00        0.150
  A      -82.425       21.342       19.989     0.037    4.00        0.150
  C      -78.743       16.994       21.968     0.241    4.00        0.150
 OA      -77.849       16.474       21.385    -0.271    3.20        0.200
  N      -79.359       16.359       22.999    -0.346    3.50        0.160
 HD      -80.094       16.897       23.405     0.163    2.00        0.000
  C      -79.228       14.893       23.403     0.177    4.00        0.150
  C      -78.590       14.759       24.777     0.038    4.00        0.150
  C      -78.134       13.379       25.199    -0.020    4.00        0.150
  C      -76.927       12.953       24.289     0.009    4.00        0.150
  C      -77.677       13.349       26.621     0.009    4.00        0.150
  C      -80.498       14.112       23.401     0.241    4.00        0.150
 OA      -81.306       14.284       24.315    -0.271    3.20        0.200
  N      -80.748       13.252       22.385    -0.346    3.50        0.160
 HD      -80.013       13.016       21.755     0.163    2.00        0.000
  C      -81.973       12.496       22.314     0.177    4.00        0.150
  C      -82.257       12.212       20.835     0.044    4.00        0.150
  C      -83.500       11.399       20.368     0.105    4.00        0.150
  C      -84.748       12.141       20.754     0.215    4.00        0.150
 OA      -85.098       13.274       20.313    -0.274    3.20        0.200
  N      -85.562       11.439       21.568    -0.370    3.50        0.160
 HD      -86.433       11.763       21.936     0.159    2.00        0.000
 HD      -85.264       10.505       21.769     0.159    2.00        0.000
  C      -81.731       11.206       22.973     0.241    4.00        0.150
 OA      -80.689       10.626       22.738    -0.271    3.20        0.200
  N      -82.541       10.853       23.973    -0.346    3.50        0.160
 HD      -83.293       11.456       24.225     0.163    2.00        0.000
  C      -82.353        9.708       24.765     0.177    4.00        0.150
  C      -82.241       10.062       26.321     0.045    4.00        0.150
  C      -81.126       11.113       26.631     0.076    4.00        0.150
 SA      -80.607       11.173       28.405    -0.173    4.00        0.200
  C      -82.205       11.367       29.233     0.089    4.00        0.150
  C      -83.534        8.734       24.455     0.241    4.00        0.150
 OA      -84.559        9.290       24.046    -0.271    3.20        0.200
  N      -83.333        7.393       24.571    -0.346    3.50        0.160
 HD      -82.414        7.070       24.778     0.163    2.00        0.000
  C      -84.194        6.335       24.085     0.185    4.00        0.150
  C      -83.938        5.826       22.658     0.137    4.00        0.150
  C      -84.566        6.705       21.519     0.217    4.00        0.150
 OA      -85.170        7.703       21.872    -0.274    3.20        0.200
  N      -84.305        6.406       20.247    -0.370    3.50        0.160
 HD      -83.653        5.659       20.118     0.159    2.00        0.000
 HD      -84.956        6.695       19.546     0.159    2.00        0.000
  C      -84.129        5.186       25.025     0.241    4.00        0.150
 OA      -83.187        5.132       25.822    -0.271    3.20        0.200
  N      -85.095        4.270       24.958    -0.344    3.50        0.160
 HD      -85.663        4.375       24.146     0.163    2.00        0.000
  C      -85.312        3.089       25.928     0.200    4.00        0.150
  C      -84.475        1.900       25.445     0.199    4.00        0.150
 OA      -85.138        1.309       24.368    -0.398    3.20        0.200
 HD      -84.568        1.074       23.633     0.209    2.00        0.000
  C      -84.904        3.408       27.426     0.243    4.00        0.150
 OA      -84.106        2.687       28.051    -0.271    3.20        0.200
  N      -85.444        4.499       27.969    -0.346    3.50        0.160
 HD      -86.037        5.087       27.423     0.163    2.00        0.000
  C      -84.980        4.901       29.285     0.177    4.00        0.150
  C      -85.569        6.297       29.766     0.038    4.00        0.150
  C      -85.456        7.434       28.781    -0.020    4.00        0.150
  C      -85.869        8.767       29.358     0.009    4.00        0.150
  C      -84.005        7.551       28.219     0.009    4.00        0.150
  C      -85.024        3.897       30.466     0.241    4.00        0.150
 OA      -85.884        3.076       30.538    -0.271    3.20        0.200
  N      -84.014        3.960       31.343    -0.346    3.50        0.160
 HD      -83.243        4.587       31.274     0.163    2.00        0.000
  C      -83.704        2.913       32.355     0.176    4.00        0.150
  C      -82.334        2.242       32.194     0.035    4.00        0.150
  C      -82.151        1.534       30.837     0.004    4.00        0.150
  C      -80.761        0.766       30.904     0.027    4.00        0.150
  C      -80.369       -0.046       29.652     0.229    4.00        0.150
  N      -81.049       -1.314       29.661    -0.079    3.50        0.160
 HD      -80.572       -1.988       29.029     0.274    2.00        0.000
 HD      -82.048       -1.169       29.411     0.274    2.00        0.000
 HD      -81.119       -1.756       30.600     0.274    2.00        0.000
  C      -83.745        3.603       33.714     0.243    4.00        0.150
 OA      -83.626        4.879       33.756    -0.271    3.20        0.200
  N      -83.973        2.990       34.831    -0.337    3.50        0.160
  C      -84.790        1.810       34.939     0.127    4.00        0.150
  C      -84.106        3.767       36.106     0.179    4.00        0.150
  C      -84.927        2.933       37.049     0.037    4.00        0.150
  C      -85.794        2.130       36.069     0.022    4.00        0.150
  C      -82.656        4.217       36.609     0.241    4.00        0.150
 OA      -82.526        4.750       37.762    -0.271    3.20        0.200
  N      -81.553        4.150       35.811    -0.346    3.50        0.160
 HD      -81.588        3.798       34.879     0.163    2.00        0.000
  C      -80.225        4.613       36.171     0.177    4.00        0.150
  C      -79.140        3.629       35.776     0.045    4.00        0.150
  C      -79.016        3.410       34.234     0.116    4.00        0.150
  C      -78.211        2.210       34.030     0.172    4.00        0.150
 OA      -77.074        2.285       33.486    -0.648    3.20        0.200
 OA      -78.712        1.063       34.317    -0.648    3.20        0.200
  C      -79.997        5.930       35.422     0.241    4.00        0.150
 OA      -78.961        6.619       35.602    -0.271    3.20        0.200
  N      -80.923        6.329       34.572    -0.346    3.50        0.160
 HD      -81.635        5.633       34.552     0.163    2.00        0.000
  C      -80.744        7.477       33.696     0.186    4.00        0.150
  C      -81.781        7.327       32.481     0.147    4.00        0.150
  C      -81.308        6.249       31.574     0.175    4.00        0.150
 OA      -80.078        6.010       31.484    -0.648    3.20        0.200
 OA      -82.121        5.705       30.828    -0.648    3.20        0.200
  C      -81.151        8.780       34.383     0.241    4.00        0.150
 OA      -80.918        9.885       33.902    -0.271    3.20        0.200
  N      -81.866        8.756       35.604    -0.344    3.50        0.160
 HD      -82.163        7.902       36.026     0.163    2.00        0.000
  C      -82.065        9.914       36.510     0.205    4.00        0.150
  C      -83.087        9.431       37.565     0.146    4.00        0.150
 OA      -83.671       10.527       38.279    -0.393    3.20        0.200
 HD      -84.076       11.098       37.623     0.210    2.00        0.000
  C      -82.564        8.321       38.492     0.042    4.00        0.150
  C      -80.901       10.550       37.156     0.243    4.00        0.150
 OA      -79.906        9.902       37.522    -0.271    3.20        0.200
  N      -80.882       11.887       37.239    -0.346    3.50        0.160
 HD      -81.727       12.323       36.940     0.163    2.00        0.000
  C      -79.621       12.679       37.385     0.172    4.00        0.150
  C      -78.396       12.026       36.760     0.042    4.00        0.150
  C      -79.761       14.035       36.784     0.240    4.00        0.150
 OA      -80.640       14.330       36.011    -0.271    3.20        0.200
  N      -78.937       15.018       37.292    -0.346    3.50        0.160
 HD      -78.343       14.876       38.080     0.163    2.00        0.000
  C      -78.800       16.383       36.729     0.180    4.00        0.150
  C      -78.381       17.492       37.707     0.009    4.00        0.150
  C      -77.147       17.281       38.544     0.012    4.00        0.150
  C      -78.335       18.941       37.105     0.012    4.00        0.150
  C      -77.817       16.356       35.640     0.241    4.00        0.150
 OA      -76.684       15.867       35.729    -0.271    3.20        0.200
  N      -78.138       16.996       34.480    -0.346    3.50        0.160
 HD      -79.057       17.377       34.421     0.163    2.00        0.000
  C      -77.344       16.971       33.244     0.180    4.00        0.150
  C      -78.262       16.475       32.036     0.073    4.00        0.150
  A      -78.440       14.955       32.120    -0.056    4.00        0.150
  A      -79.195       14.326       33.062     0.010    4.00        0.150
  A      -79.306       12.959       33.207     0.037    4.00        0.150
  A      -78.691       12.196       32.274     0.065    4.00        0.150
 OA      -78.806       10.812       32.536    -0.361    3.20        0.200
 HD      -79.641       10.582       32.949     0.217    2.00        0.000
  A      -77.855       14.171       31.115     0.010    4.00        0.150
  A      -77.941       12.772       31.295     0.037    4.00        0.150
  C      -76.885       18.356       32.866     0.241    4.00        0.150
 OA      -77.613       19.288       32.548    -0.271    3.20        0.200
  N      -75.561       18.617       32.824    -0.346    3.50        0.160
 HD      -74.935       17.855       32.979     0.163    2.00        0.000
  C      -74.807       19.839       32.522     0.180    4.00        0.150
  C      -73.734       20.264       33.504     0.073    4.00        0.150
  A      -74.113       20.427       34.965    -0.056    4.00        0.150
  A      -74.311       21.712       35.494     0.010    4.00        0.150
  A      -74.384       21.888       36.892     0.037    4.00        0.150
  A      -74.314       20.825       37.792     0.065    4.00        0.150
 OA      -74.411       20.979       39.193    -0.361    3.20        0.200
 HD      -74.106       20.178       39.626     0.217    2.00        0.000
  A      -74.130       19.318       35.838     0.010    4.00        0.150
  A      -74.188       19.533       37.212     0.037    4.00        0.150
  C      -74.299       19.760       31.180     0.241    4.00        0.150
 OA      -73.844       18.727       30.776    -0.271    3.20        0.200
  N      -74.232       20.872       30.453    -0.345    3.50        0.160
 HD      -74.569       21.769       30.726     0.163    2.00        0.000
  C      -73.374       20.947       29.288     0.185    4.00        0.150
  C      -74.002       21.577       28.024     0.105    4.00        0.150
 SA      -72.883       21.794       26.611    -0.180    4.00        0.200
 HD      -72.526       20.519       26.565     0.101    2.00        0.000
  C      -72.021       21.672       29.524     0.241    4.00        0.150
 OA      -71.931       22.834       29.983    -0.271    3.20        0.200
  N      -70.950       20.987       29.201    -0.346    3.50        0.160
 HD      -71.032       20.074       28.811     0.163    2.00        0.000
  C      -69.678       21.570       29.413     0.172    4.00        0.150
  C      -68.810       20.643       30.267     0.042    4.00        0.150
  C      -68.966       21.767       28.107     0.240    4.00        0.150
 OA      -69.008       20.899       27.238    -0.271    3.20        0.200
  N      -68.415       22.975       27.917    -0.346    3.50        0.160
 HD      -68.414       23.654       28.646     0.163    2.00        0.000
  C      -67.733       23.279       26.664     0.176    4.00        0.150
  C      -67.713       24.795       26.503     0.036    4.00        0.150
  C      -67.384       25.248       25.111     0.023    4.00        0.150
  C      -67.177       26.778       24.908     0.138    4.00        0.150
  N      -65.995       27.265       25.640    -0.227    3.50        0.160
 HD      -65.401       26.614       26.112     0.177    2.00        0.000
  C      -65.646       28.545       25.808     0.665    4.00        0.150
  N      -66.358       29.536       25.289    -0.235    3.50        0.160
 HD      -67.257       29.362       24.886     0.174    2.00        0.000
 HD      -65.925       30.417       25.476     0.174    2.00        0.000
  N      -64.457       28.882       26.296    -0.235    3.50        0.160
 HD      -63.891       28.143       26.662     0.174    2.00        0.000
 HD      -64.260       29.863       26.317     0.174    2.00        0.000
  C      -66.321       22.734       26.828     0.241    4.00        0.150
 OA      -65.927       22.423       27.940    -0.271    3.20        0.200
  N      -65.501       22.546       25.747    -0.345    3.50        0.160
 HD      -65.775       22.715       24.804     0.163    2.00        0.000
  C      -64.063       22.524       25.890     0.185    4.00        0.150
  C      -63.560       21.965       24.546     0.105    4.00        0.150
 SA      -63.521       23.042       23.076    -0.180    4.00        0.200
 HD      -62.295       22.987       22.578     0.101    2.00        0.000
  C      -63.543       23.962       26.315     0.244    4.00        0.150
 OA      -64.188       24.975       25.975    -0.271    3.20        0.200
  N      -62.412       24.025       26.978    -0.337    3.50        0.160
  C      -61.577       22.919       27.337     0.127    4.00        0.150
  C      -61.925       25.275       27.485     0.179    4.00        0.150
  C      -60.792       24.987       28.405     0.037    4.00        0.150
  C      -60.246       23.593       27.890     0.022    4.00        0.150
  C      -61.592       26.264       26.404     0.241    4.00        0.150
 OA      -61.888       27.441       26.623    -0.271    3.20        0.200
  N      -60.892       25.945       25.291    -0.346    3.50        0.160
 HD      -60.717       24.977       25.130     0.163    2.00        0.000
  C      -60.344       26.941       24.386     0.172    4.00        0.150
  C      -58.826       27.063       24.549     0.042    4.00        0.150
  C      -60.713       26.658       22.968     0.243    4.00        0.150
 OA      -60.968       25.487       22.689    -0.271    3.20        0.200
  N      -60.673       27.612       21.968    -0.337    3.50        0.160
  C      -60.466       29.021       22.274     0.127    4.00        0.150
  C      -60.788       27.352       20.501     0.179    4.00        0.150
  C      -60.177       28.630       19.886     0.037    4.00        0.150
  C      -60.360       29.727       20.933     0.022    4.00        0.150
  C      -60.055       26.122       19.964     0.241    4.00        0.150
 OA      -58.816       26.041       20.146    -0.271    3.20        0.200
  N      -60.821       25.178       19.334    -0.346    3.50        0.160
 HD      -61.815       25.224       19.398     0.163    2.00        0.000
  C      -60.336       24.014       18.541     0.180    4.00        0.150
  C      -59.554       24.597       17.274     0.073    4.00        0.150
  A      -60.410       25.559       16.483    -0.056    4.00        0.150
  A      -61.217       24.985       15.519     0.007    4.00        0.150
  A      -62.002       25.771       14.746     0.001    4.00        0.150
  A      -61.940       27.171       14.813     0.000    4.00        0.150
  A      -60.420       26.986       16.683     0.007    4.00        0.150
  A      -61.135       27.791       15.847     0.001    4.00        0.150
  C      -59.594       22.951       19.274     0.241    4.00        0.150
 OA      -58.791       22.182       18.672    -0.271    3.20        0.200
  N      -59.844       22.644       20.630    -0.344    3.50        0.160
 HD      -60.477       23.243       21.114     0.163    2.00        0.000
  C      -59.152       21.569       21.419     0.205    4.00        0.150
  C      -59.070       21.826       22.935     0.146    4.00        0.150
 OA      -60.409       21.863       23.453    -0.393    3.20        0.200
 HD      -60.747       20.972       23.562     0.210    2.00        0.000
  C      -58.395       23.121       23.286     0.042    4.00        0.150
  C      -59.754       20.259       21.074     0.243    4.00        0.150
 OA      -60.899       19.966       21.280    -0.271    3.20        0.200
  N      -58.908       19.318       20.508    -0.346    3.50        0.160
 HD      -58.045       19.669       20.152     0.163    2.00        0.000
  C      -59.136       17.867       20.400     0.176    4.00        0.150
  C      -58.054       17.182       19.443     0.036    4.00        0.150
  C      -58.011       17.675       18.036     0.023    4.00        0.150
  C      -57.169       16.863       16.978     0.138    4.00        0.150
  N      -55.739       16.727       17.372    -0.227    3.50        0.160
 HD      -55.032       17.416       17.209     0.177    2.00        0.000
  C      -55.264       15.778       18.087     0.665    4.00        0.150
  N      -55.925       14.666       18.397    -0.235    3.50        0.160
 HD      -56.798       14.452       17.958     0.174    2.00        0.000
 HD      -55.306       13.887       18.491     0.174    2.00        0.000
  N      -54.057       15.790       18.673    -0.235    3.50        0.160
 HD      -53.692       16.711       18.816     0.174    2.00        0.000
 HD      -53.675       15.046       19.221     0.174    2.00        0.000
  C      -59.237       17.254       21.811     0.241    4.00        0.150
 OA      -60.186       16.521       22.192    -0.271    3.20        0.200
  N      -58.271       17.536       22.722    -0.346    3.50        0.160
 HD      -57.456       18.024       22.418     0.163    2.00        0.000
  C      -58.344       17.429       24.138     0.186    4.00        0.150
  C      -57.021       17.867       24.932     0.147    4.00        0.150
  C      -56.478       19.228       24.523     0.175    4.00        0.150
 OA      -56.213       20.077       25.400    -0.648    3.20        0.200
 OA      -56.287       19.575       23.312    -0.648    3.20        0.200
  C      -59.534       18.220       24.760     0.241    4.00        0.150
 OA      -59.967       19.242       24.258    -0.271    3.20        0.200
  N      -60.138       17.825       25.850    -0.345    3.50        0.160
 HD      -59.688       16.999       26.177     0.163    2.00        0.000
  C      -61.125       18.413       26.674     0.185    4.00        0.150
  C      -62.542       17.853       26.392     0.105    4.00        0.150
 SA      -63.337       18.472       24.890    -0.180    4.00        0.200
 HD      -62.651       17.659       24.100     0.101    2.00        0.000
  C      -60.866       18.486       28.206     0.241    4.00        0.150
 OA      -61.636       17.985       29.021    -0.271    3.20        0.200
  N      -59.732       19.115       28.660    -0.346    3.50        0.160
 HD      -59.119       19.523       27.987     0.163    2.00        0.000
  C      -59.385       19.424       30.048     0.180    4.00        0.150
  C      -57.941       19.972       30.137     0.073    4.00        0.150
  A      -56.876       18.959       29.948    -0.056    4.00        0.150
  A      -56.534       18.120       31.010     0.007    4.00        0.150
  A      -55.567       17.116       30.745     0.001    4.00        0.150
  A      -54.974       16.955       29.510     0.000    4.00        0.150
  A      -56.218       18.894       28.696     0.007    4.00        0.150
  A      -55.280       17.861       28.452     0.001    4.00        0.150
  C      -60.319       20.200       30.907     0.241    4.00        0.150
 OA      -60.927       21.147       30.489    -0.271    3.20        0.200
  N      -60.433       19.801       32.170    -0.345    3.50        0.160
 HD      -59.854       19.070       32.526     0.163    2.00        0.000
  C      -61.125       20.543       33.232     0.186    4.00        0.150
  C      -60.555       21.932       33.457     0.147    4.00        0.150
  C      -59.006       21.977       33.662     0.175    4.00        0.150
 OA      -58.466       21.026       34.205    -0.648    3.20        0.200
 OA      -58.475       23.105       33.367    -0.648    3.20        0.200
  C      -62.656       20.426       33.117     0.241    4.00        0.150
 OA      -63.333       20.923       33.968    -0.271    3.20        0.200
  N      -63.229       19.704       32.072    -0.346    3.50        0.160
 HD      -62.653       19.306       31.363     0.163    2.00        0.000
  C      -64.739       19.700       31.861     0.180    4.00        0.150
  C      -65.103       19.301       30.462     0.009    4.00        0.150
  C      -64.269       20.189       29.500     0.012    4.00        0.150
  C      -64.975       17.842       30.053     0.012    4.00        0.150
  C      -65.563       19.029       32.989     0.241    4.00        0.150
 OA      -66.648       19.530       33.306    -0.271    3.20        0.200
  N      -65.028       18.025       33.733    -0.344    3.50        0.160
 HD      -64.093       17.727       33.558     0.163    2.00        0.000
  C      -65.678       17.399       34.843     0.205    4.00        0.150
  C      -65.702       15.884       34.794     0.146    4.00        0.150
 OA      -64.442       15.287       34.463    -0.393    3.20        0.200
 HD      -63.964       15.203       35.291     0.210    2.00        0.000
  C      -66.773       15.511       33.811     0.042    4.00        0.150
  C      -65.106       18.047       36.139     0.243    4.00        0.150
 OA      -65.591       17.646       37.230    -0.271    3.20        0.200
  N      -64.239       19.022       36.115    -0.344    3.50        0.160
 HD      -63.745       19.238       35.276     0.163    2.00        0.000
  C      -63.723       19.636       37.330     0.200    4.00        0.150
  C      -62.291       20.301       37.186     0.199    4.00        0.150
 OA      -61.362       19.441       36.600    -0.398    3.20        0.200
 HD      -60.463       19.606       36.892     0.209    2.00        0.000
  C      -64.651       20.569       38.031     0.243    4.00        0.150
 OA      -65.429       21.265       37.361    -0.271    3.20        0.200
  N      -64.611       20.599       39.359    -0.344    3.50        0.160
 HD      -63.810       20.179       39.779     0.163    2.00        0.000
  C      -65.550       21.194       40.319     0.205    4.00        0.150
  C      -65.050       21.243       41.775     0.146    4.00        0.150
 OA      -63.683       21.489       41.992    -0.393    3.20        0.200
 HD      -63.155       20.885       41.464     0.210    2.00        0.000
  C      -65.194       19.916       42.480     0.042    4.00        0.150
  C      -65.896       22.630       40.030     0.243    4.00        0.150
 OA      -66.973       23.148       40.335    -0.271    3.20        0.200
  N      -64.938       23.458       39.492    -0.344    3.50        0.160
 HD      -64.067       23.014       39.295     0.163    2.00        0.000
  C      -65.073       24.943       39.525     0.205    4.00        0.150
  C      -64.117       25.711       40.410     0.146    4.00        0.150
 OA      -62.773       25.259       40.249    -0.393    3.20        0.200
 HD      -62.310       26.095       40.344     0.210    2.00        0.000
  C      -64.526       25.450       41.855     0.042    4.00        0.150
  C      -64.879       25.428       38.112     0.243    4.00        0.150
 OA      -64.756       26.602       37.869    -0.271    3.20        0.200
  N      -64.929       24.511       37.153    -0.346    3.50        0.160
 HD      -64.825       23.526       37.270     0.163    2.00        0.000
  C      -64.810       24.959       35.796     0.180    4.00        0.150
  C      -64.681       23.648       35.027     0.073    4.00        0.150
  A      -64.687       23.875       33.534    -0.056    4.00        0.150
  A      -63.593       24.523       32.949     0.010    4.00        0.150
  A      -63.503       24.536       31.536     0.037    4.00        0.150
  A      -64.558       24.101       30.716     0.065    4.00        0.150
 OA      -64.487       24.114       29.312    -0.361    3.20        0.200
 HD      -65.100       23.432       29.028     0.217    2.00        0.000
  A      -65.642       23.312       32.769     0.010    4.00        0.150
  A      -65.612       23.396       31.364     0.037    4.00        0.150
  C      -65.922       25.791       35.202     0.241    4.00        0.150
 OA      -67.059       25.399       35.204    -0.271    3.20        0.200
  N      -65.572       26.988       34.747    -0.346    3.50        0.160
 HD      -64.624       27.293       34.730     0.163    2.00        0.000
  C      -66.504       28.093       34.428     0.172    4.00        0.150
  C      -65.728       29.380       34.449     0.042    4.00        0.150
  C      -67.298       27.910       33.152     0.240    4.00        0.150
 OA      -68.445       28.368       33.004    -0.271    3.20        0.200
  N      -66.819       27.120       32.140    -0.346    3.50        0.160
 HD      -65.980       26.617       32.329     0.163    2.00        0.000
  C      -67.438       27.071       30.797     0.180    4.00        0.150
  C      -66.385       27.183       29.754     0.073    4.00        0.150
  A      -65.284       28.248       29.999    -0.056    4.00        0.150
  A      -63.990       27.776       29.934     0.010    4.00        0.150
  A      -63.010       28.726       30.213     0.037    4.00        0.150
  A      -63.271       30.000       30.744     0.065    4.00        0.150
 OA      -62.278       30.938       31.038    -0.361    3.20        0.200
 HD      -61.459       30.443       30.954     0.217    2.00        0.000
  A      -65.557       29.581       30.417     0.010    4.00        0.150
  A      -64.567       30.409       30.888     0.037    4.00        0.150
  C      -68.356       25.872       30.625     0.241    4.00        0.150
 OA      -68.509       25.352       29.553    -0.271    3.20        0.200
  N      -68.984       25.540       31.803    -0.346    3.50        0.160
 HD      -68.774       26.051       32.633     0.163    2.00        0.000
  C      -70.036       24.516       31.924     0.176    4.00        0.150
  C      -69.553       23.518       33.028     0.036    4.00        0.150
  C      -70.578       22.359       33.304     0.023    4.00        0.150
  C      -70.092       21.225       34.174     0.138    4.00        0.150
  N      -69.590       21.607       35.528    -0.227    3.50        0.160
 HD      -70.245       21.763       36.267     0.177    2.00        0.000
  C      -68.353       21.625       35.957     0.665    4.00        0.150
  N      -67.319       21.271       35.257    -0.235    3.50        0.160
 HD      -67.391       20.873       34.343     0.174    2.00        0.000
 HD      -66.513       21.202       35.845     0.174    2.00        0.000
  N      -68.276       21.949       37.186    -0.235    3.50        0.160
 HD      -69.146       22.148       37.637     0.174    2.00        0.000
 HD      -67.398       21.834       37.651     0.174    2.00        0.000
  C      -71.257       25.329       32.355     0.240    4.00        0.150
 OA      -71.140       26.366       32.947    -0.271    3.20        0.200
  N      -72.479       24.915       31.964    -0.351    3.50        0.160
 HD      -72.709       24.105       31.430     0.163    2.00        0.000
  C      -73.733       25.609       32.260     0.225    4.00        0.150
  C      -74.216       25.380       33.686     0.236    4.00        0.150
 OA      -73.449       24.973       34.575    -0.272    3.20        0.200
  N      -75.497       25.489       33.989    -0.346    3.50        0.160
 HD      -76.125       25.497       33.215     0.163    2.00        0.000
  C      -76.069       25.273       35.340     0.177    4.00        0.150
  C      -77.100       26.422       35.592     0.044    4.00        0.150
  C      -76.504       27.761       36.170     0.105    4.00        0.150
  C      -75.098       28.185       35.602     0.215    4.00        0.150
 OA      -75.091       28.851       34.575    -0.274    3.20        0.200
  N      -74.038       27.798       36.291    -0.370    3.50        0.160
 HD      -73.164       28.022       35.859     0.159    2.00        0.000
 HD      -74.023       27.379       37.198     0.159    2.00        0.000
  C      -76.897       24.028       35.499     0.240    4.00        0.150
 OA      -77.402       23.641       36.608    -0.271    3.20        0.200
  N      -77.060       23.197       34.422    -0.351    3.50        0.160
 HD      -76.619       23.304       33.534     0.163    2.00        0.000
  C      -77.759       21.941       34.447     0.225    4.00        0.150
  C      -79.297       21.953       34.383     0.236    4.00        0.150
 OA      -80.061       22.857       34.679    -0.272    3.20        0.200
  N      -79.846       20.766       33.955    -0.344    3.50        0.160
 HD      -79.256       20.121       33.474     0.163    2.00        0.000
  C      -81.316       20.432       33.833     0.205    4.00        0.150
  C      -81.879       20.652       32.428     0.146    4.00        0.150
 OA      -83.348       20.699       32.482    -0.393    3.20        0.200
 HD      -83.553       21.576       32.815     0.210    2.00        0.000
  C      -81.525       19.581       31.448     0.042    4.00        0.150
  C      -81.417       18.988       34.267     0.243    4.00        0.150
 OA      -80.387       18.308       34.255    -0.271    3.20        0.200
  N      -82.659       18.411       34.643    -0.346    3.50        0.160
 HD      -83.561       18.806       34.492     0.163    2.00        0.000
  C      -82.742       17.268       35.609     0.177    4.00        0.150
  C      -83.338       17.782       36.896     0.044    4.00        0.150
  C      -83.720       16.682       37.939     0.105    4.00        0.150
  C      -82.551       15.864       38.387     0.215    4.00        0.150
 OA      -81.546       16.318       38.906    -0.274    3.20        0.200
  N      -82.645       14.547       38.296    -0.370    3.50        0.160
 HD      -81.929       14.014       38.746     0.159    2.00        0.000
 HD      -83.433       14.095       37.876     0.159    2.00        0.000
  C      -83.775       16.273       35.011     0.241    4.00        0.150
 OA      -84.851       16.577       34.563    -0.271    3.20        0.200
  N      -83.319       14.996       34.972    -0.346    3.50        0.160
 HD      -82.400       14.738       35.259     0.163    2.00        0.000
  C      -84.044       13.856       34.450     0.180    4.00        0.150
  C      -83.286       13.020       33.455     0.009    4.00        0.150
  C      -83.960       11.753       32.847     0.012    4.00        0.150
  C      -82.782       13.950       32.284     0.012    4.00        0.150
  C      -84.608       13.085       35.661     0.241    4.00        0.150
 OA      -83.915       12.698       36.613    -0.271    3.20        0.200
  N      -85.915       12.876       35.755    -0.344    3.50        0.160
 HD      -86.434       13.385       35.073     0.163    2.00        0.000
  C      -86.626       12.234       36.888     0.205    4.00        0.150
  C      -87.476       13.224       37.590     0.146    4.00        0.150
 OA      -86.554       14.216       38.045    -0.393    3.20        0.200
 HD      -86.449       14.807       37.297     0.210    2.00        0.000
  C      -88.204       12.707       38.821     0.042    4.00        0.150
  C      -87.476       11.101       36.329     0.243    4.00        0.150
 OA      -88.183       11.189       35.314    -0.271    3.20        0.200
  N      -87.520        9.960       37.147    -0.344    3.50        0.160
 HD      -86.970       10.114       37.963     0.163    2.00        0.000
  C      -88.287        8.764       36.835     0.189    4.00        0.150
  C      -87.527        7.543       36.507     0.010    4.00        0.150
  C      -86.956        7.609       35.100     0.012    4.00        0.150
  C      -86.409        7.299       37.596     0.012    4.00        0.150
  C      -89.164        8.536       38.075     0.197    4.00        0.150
 OA      -90.219        7.849       37.891    -0.646    3.20        0.200
 OA      -88.823        8.886       39.218    -0.646    3.20        0.200
  N       -9.037       44.466       37.618    -0.066    3.50        0.160
 HD       -8.653       43.942       36.805     0.275    2.00        0.000
 HD       -9.457       43.739       38.231     0.275    2.00        0.000
 HD       -8.190       44.781       38.133     0.275    2.00        0.000
  C      -10.186       45.438       37.311     0.283    4.00        0.150
  C       -9.631       46.491       36.251     0.145    4.00        0.150
  C       -8.784       47.561       37.001     0.217    4.00        0.150
 OA       -8.862       47.768       38.192    -0.274    3.20        0.200
  N       -7.860       48.194       36.319    -0.370    3.50        0.160
 HD       -7.229       48.881       36.680     0.159    2.00        0.000
 HD       -7.879       48.011       35.336     0.159    2.00        0.000
  C      -11.537       44.772       36.972     0.249    4.00        0.150
 OA      -11.521       43.530       36.735    -0.271    3.20        0.200
  N      -12.661       45.562       36.931    -0.346    3.50        0.160
 HD      -12.690       46.540       37.120     0.163    2.00        0.000
  C      -13.995       44.907       36.977     0.177    4.00        0.150
  C      -15.169       45.845       37.501     0.045    4.00        0.150
  C      -15.398       47.182       36.659     0.116    4.00        0.150
  C      -16.505       48.040       37.313     0.172    4.00        0.150
 OA      -17.729       47.785       37.268    -0.648    3.20        0.200
 OA      -16.063       48.962       37.994    -0.648    3.20        0.200
  C      -14.418       44.293       35.609     0.241    4.00        0.150
 OA      -14.976       43.201       35.491    -0.271    3.20        0.200
  N      -13.958       44.912       34.465    -0.346    3.50        0.160
 HD      -13.618       45.843       34.572     0.163    2.00        0.000
  C      -13.995       44.228       33.194     0.177    4.00        0.150
  C      -13.666       45.307       32.106     0.045    4.00        0.150
  C      -13.451       44.774       30.638     0.116    4.00        0.150
  C      -13.070       45.949       29.834     0.172    4.00        0.150
 OA      -13.912       46.400       29.020    -0.648    3.20        0.200
 OA      -11.935       46.431       29.882    -0.648    3.20        0.200
  C      -13.331       42.844       33.047     0.241    4.00        0.150
 OA      -14.035       41.916       32.525    -0.271    3.20        0.200
  N      -12.079       42.635       33.420    -0.346    3.50        0.160
 HD      -11.546       43.453       33.623     0.163    2.00        0.000
  C      -11.480       41.357       33.601     0.176    4.00        0.150
  C       -9.915       41.529       33.770     0.035    4.00        0.150
  C       -9.238       42.381       32.635     0.004    4.00        0.150
  C       -7.704       42.380       32.588     0.027    4.00        0.150
  C       -7.043       42.817       31.293     0.229    4.00        0.150
  N       -6.960       44.231       31.084    -0.079    3.50        0.160
 HD       -6.245       44.473       30.369     0.274    2.00        0.000
 HD       -6.704       44.621       32.013     0.274    2.00        0.000
 HD       -7.860       44.719       30.899     0.274    2.00        0.000
  C      -12.082       40.299       34.495     0.241    4.00        0.150
 OA      -12.316       39.171       34.079    -0.271    3.20        0.200
  N      -12.459       40.779       35.759    -0.346    3.50        0.160
 HD      -12.397       41.719       36.088     0.163    2.00        0.000
  C      -13.045       39.938       36.696     0.172    4.00        0.150
  C      -13.173       40.765       37.926     0.042    4.00        0.150
  C      -14.412       39.330       36.354     0.240    4.00        0.150
 OA      -14.742       38.212       36.768    -0.271    3.20        0.200
  N      -15.330       40.088       35.681    -0.346    3.50        0.160
 HD      -15.276       41.074       35.542     0.163    2.00        0.000
  C      -16.706       39.644       35.308     0.177    4.00        0.150
  C      -17.643       40.875       35.044     0.044    4.00        0.150
  C      -18.053       41.740       36.260     0.105    4.00        0.150
  C      -18.445       40.865       37.422     0.215    4.00        0.150
 OA      -19.406       40.123       37.348    -0.274    3.20        0.200
  N      -17.746       40.975       38.552    -0.370    3.50        0.160
 HD      -18.260       40.623       39.333     0.159    2.00        0.000
 HD      -16.970       41.595       38.670     0.159    2.00        0.000
  C      -16.720       38.535       34.305     0.241    4.00        0.150
 OA      -17.390       37.543       34.398    -0.271    3.20        0.200
  N      -15.773       38.625       33.332    -0.346    3.50        0.160
 HD      -15.285       39.472       33.133     0.163    2.00        0.000
  C      -15.443       37.498       32.380     0.176    4.00        0.150
  C      -14.264       37.827       31.362     0.036    4.00        0.150
  C      -14.556       38.864       30.235     0.023    4.00        0.150
  C      -13.246       39.479       29.854     0.138    4.00        0.150
  N      -13.615       40.594       28.980    -0.227    3.50        0.160
 HD      -14.567       40.665       28.684     0.177    2.00        0.000
  C      -12.851       41.520       28.597     0.665    4.00        0.150
  N      -11.579       41.565       28.961    -0.235    3.50        0.160
 HD      -11.240       40.829       29.548     0.174    2.00        0.000
 HD      -11.057       42.369       28.676     0.174    2.00        0.000
  N      -13.329       42.483       27.811    -0.235    3.50        0.160
 HD      -14.134       42.352       27.234     0.174    2.00        0.000
 HD      -12.684       43.241       27.709     0.174    2.00        0.000
  C      -14.958       36.220       33.075     0.241    4.00        0.150
 OA      -15.484       35.101       32.814    -0.271    3.20        0.200
  N      -14.015       36.390       34.037    -0.346    3.50        0.160
 HD      -13.529       37.259       33.993     0.163    2.00        0.000
  C      -13.435       35.381       34.915     0.177    4.00        0.150
  C      -12.390       35.941       35.905     0.045    4.00        0.150
  C      -11.042       36.281       35.182     0.116    4.00        0.150
  C      -10.365       35.032       34.644     0.172    4.00        0.150
 OA      -10.090       34.097       35.419    -0.648    3.20        0.200
 OA      -10.125       35.023       33.425    -0.648    3.20        0.200
  C      -14.503       34.619       35.759     0.241    4.00        0.150
 OA      -14.502       33.374       35.786    -0.271    3.20        0.200
  N      -15.467       35.398       36.349    -0.346    3.50        0.160
 HD      -15.284       36.376       36.301     0.163    2.00        0.000
  C      -16.639       34.964       37.062     0.172    4.00        0.150
  C      -17.449       36.076       37.673     0.042    4.00        0.150
  C      -17.654       34.247       36.234     0.240    4.00        0.150
 OA      -18.053       33.154       36.579    -0.271    3.20        0.200
  N      -18.024       34.841       35.039    -0.346    3.50        0.160
 HD      -17.660       35.757       34.884     0.163    2.00        0.000
  C      -19.051       34.349       34.070     0.185    4.00        0.150
  C      -19.273       35.398       32.882     0.137    4.00        0.150
  C      -20.370       34.848       31.958     0.217    4.00        0.150
 OA      -21.473       35.227       32.273    -0.274    3.20        0.200
  N      -19.986       34.151       30.922    -0.370    3.50        0.160
 HD      -20.661       33.905       30.228     0.159    2.00        0.000
 HD      -19.021       33.918       30.801     0.159    2.00        0.000
  C      -18.591       32.978       33.642     0.241    4.00        0.150
 OA      -19.363       32.033       33.476    -0.271    3.20        0.200
  N      -17.278       32.801       33.367    -0.346    3.50        0.160
 HD      -16.654       33.571       33.470     0.163    2.00        0.000
  C      -16.654       31.587       32.928     0.176    4.00        0.150
  C      -15.193       31.860       32.510     0.035    4.00        0.150
  C      -14.490       30.620       31.845     0.004    4.00        0.150
  C      -13.048       30.767       31.215     0.027    4.00        0.150
  C      -13.021       31.860       30.109     0.229    4.00        0.150
  N      -11.692       32.047       29.502    -0.079    3.50        0.160
 HD      -11.682       32.832       28.821     0.274    2.00        0.000
 HD      -11.333       31.156       29.100     0.274    2.00        0.000
 HD      -10.965       32.288       30.205     0.274    2.00        0.000
  C      -16.850       30.333       33.805     0.241    4.00        0.150
 OA      -17.176       29.290       33.275    -0.271    3.20        0.200
  N      -16.782       30.457       35.091    -0.346    3.50        0.160
 HD      -16.466       31.346       35.416     0.163    2.00        0.000
  C      -17.160       29.544       36.180     0.176    4.00        0.150
  C      -16.830       30.090       37.612     0.035    4.00        0.150
  C      -15.378       30.559       37.747     0.004    4.00        0.150
  C      -15.028       30.829       39.248     0.027    4.00        0.150
  C      -14.774       29.537       40.007     0.229    4.00        0.150
  N      -14.679       29.763       41.389    -0.079    3.50        0.160
 HD      -15.581       30.070       41.805     0.274    2.00        0.000
 HD      -14.035       30.526       41.679     0.274    2.00        0.000
 HD      -14.513       28.901       41.947     0.274    2.00        0.000
  C      -18.618       29.117       36.218     0.241    4.00        0.150
 OA      -19.091       28.026       36.482    -0.271    3.20        0.200
  N      -19.530       30.097       36.060    -0.346    3.50        0.160
 HD      -19.258       31.036       35.867     0.163    2.00        0.000
  C      -21.002       29.814       35.914     0.180    4.00        0.150
  C      -21.929       31.037       35.882     0.013    4.00        0.150
  C      -23.379       30.568       35.566     0.012    4.00        0.150
  C      -21.794       31.793       37.267     0.002    4.00        0.150
  C      -22.283       33.222       37.128     0.005    4.00        0.150
  C      -21.293       28.953       34.769     0.241    4.00        0.150
 OA      -22.048       27.957       34.813    -0.271    3.20        0.200
  N      -20.658       29.178       33.624    -0.346    3.50        0.160
 HD      -20.003       29.929       33.582     0.163    2.00        0.000
  C      -20.777       28.318       32.458     0.177    4.00        0.150
  C      -20.352       29.046       31.124     0.045    4.00        0.150
  C      -21.141       30.297       30.884     0.116    4.00        0.150
  C      -20.729       31.090       29.699     0.172    4.00        0.150
 OA      -19.896       30.688       28.859    -0.648    3.20        0.200
 OA      -21.367       32.177       29.491    -0.648    3.20        0.200
  C      -20.280       26.883       32.599     0.241    4.00        0.150
 OA      -20.946       25.898       32.275    -0.271    3.20        0.200
  N      -19.113       26.741       33.351    -0.346    3.50        0.160
 HD      -18.542       27.548       33.476     0.163    2.00        0.000
  C      -18.751       25.474       33.849     0.176    4.00        0.150
  C      -17.416       25.519       34.582     0.035    4.00        0.150
  C      -16.162       25.756       33.790     0.004    4.00        0.150
  C      -14.938       25.620       34.717     0.027    4.00        0.150
  C      -13.755       24.942       34.206     0.229    4.00        0.150
  N      -12.674       24.780       35.088    -0.079    3.50        0.160
 HD      -12.920       24.446       36.042     0.274    2.00        0.000
 HD      -12.170       25.685       35.172     0.274    2.00        0.000
 HD      -12.028       24.087       34.660     0.274    2.00        0.000
  C      -19.780       24.847       34.731     0.241    4.00        0.150
 OA      -20.078       23.658       34.512    -0.271    3.20        0.200
  N      -20.367       25.492       35.716    -0.346    3.50        0.160
 HD      -19.992       26.382       35.961     0.163    2.00        0.000
  C      -21.444       24.882       36.559     0.177    4.00        0.150
  C      -21.608       25.754       37.879     0.044    4.00        0.150
  C      -22.626       25.326       38.926     0.105    4.00        0.150
  C      -22.619       23.825       39.028     0.215    4.00        0.150
 OA      -21.635       23.029       38.918    -0.274    3.20        0.200
  N      -23.797       23.186       39.270    -0.370    3.50        0.160
 HD      -23.822       22.210       39.057     0.159    2.00        0.000
 HD      -24.614       23.738       39.100     0.159    2.00        0.000
  C      -22.761       24.474       35.858     0.241    4.00        0.150
 OA      -23.255       23.347       36.043    -0.271    3.20        0.200
  N      -23.213       25.360       34.962    -0.346    3.50        0.160
 HD      -22.744       26.230       34.834     0.163    2.00        0.000
  C      -24.247       25.005       34.021     0.177    4.00        0.150
  C      -24.794       26.319       33.367     0.038    4.00        0.150
  C      -25.450       27.370       34.288    -0.020    4.00        0.150
  C      -25.841       28.609       33.400     0.009    4.00        0.150
  C      -26.707       26.831       34.972     0.009    4.00        0.150
  C      -23.885       23.812       33.089     0.241    4.00        0.150
 OA      -24.789       23.016       32.754    -0.271    3.20        0.200
  N      -22.597       23.671       32.730    -0.346    3.50        0.160
 HD      -21.901       24.277       33.108     0.163    2.00        0.000
  C      -22.188       22.455       32.103     0.177    4.00        0.150
  C      -20.765       22.582       31.427     0.044    4.00        0.150
  C      -20.121       21.275       30.918     0.105    4.00        0.150
  C      -21.058       20.449       29.993     0.215    4.00        0.150
 OA      -22.085       20.905       29.517    -0.274    3.20        0.200
  N      -20.516       19.267       29.622    -0.370    3.50        0.160
 HD      -20.988       18.574       29.077     0.159    2.00        0.000
 HD      -19.650       19.063       30.078     0.159    2.00        0.000
  C      -22.303       21.167       32.964     0.241    4.00        0.150
 OA      -22.836       20.112       32.568    -0.271    3.20        0.200
  N      -21.857       21.157       34.211    -0.346    3.50        0.160
 HD      -21.484       22.025       34.529     0.163    2.00        0.000
  C      -21.856       20.015       35.076     0.176    4.00        0.150
  C      -20.972       20.242       36.381     0.035    4.00        0.150
  C      -19.454       20.320       36.069     0.004    4.00        0.150
  C      -18.571       20.658       37.341     0.027    4.00        0.150
  C      -17.016       20.766       37.042     0.229    4.00        0.150
  N      -16.380       20.765       38.356    -0.079    3.50        0.160
 HD      -16.433       21.740       38.714     0.274    2.00        0.000
 HD      -15.375       20.555       38.188     0.274    2.00        0.000
 HD      -16.821       20.043       38.959     0.274    2.00        0.000
  C      -23.272       19.629       35.387     0.241    4.00        0.150
 OA      -23.721       18.505       35.392    -0.271    3.20        0.200
  N      -24.117       20.655       35.583    -0.346    3.50        0.160
 HD      -23.713       21.546       35.778     0.163    2.00        0.000
  C      -25.599       20.539       35.613     0.186    4.00        0.150
  C      -26.212       21.975       35.950     0.147    4.00        0.150
  C      -27.619       21.908       36.581     0.175    4.00        0.150
 OA      -28.014       20.873       37.229    -0.648    3.20        0.200
 OA      -28.199       23.022       36.544    -0.648    3.20        0.200
  C      -26.207       19.977       34.332     0.241    4.00        0.150
 OA      -27.178       19.171       34.376    -0.271    3.20        0.200
  N      -25.786       20.408       33.128    -0.346    3.50        0.160
 HD      -25.195       21.204       33.022     0.163    2.00        0.000
  C      -26.123       19.783       31.895     0.176    4.00        0.150
  C      -25.587       20.615       30.731     0.035    4.00        0.150
  C      -26.296       20.348       29.381     0.004    4.00        0.150
  C      -25.646       20.903       28.083     0.027    4.00        0.150
  C      -25.017       22.295       28.288     0.229    4.00        0.150
  N      -24.683       22.903       26.999    -0.079    3.50        0.160
 HD      -25.573       23.149       26.521     0.274    2.00        0.000
 HD      -24.074       22.250       26.464     0.274    2.00        0.000
 HD      -24.258       23.837       27.167     0.274    2.00        0.000
  C      -25.786       18.296       31.811     0.241    4.00        0.150
 OA      -26.583       17.448       31.386    -0.271    3.20        0.200
  N      -24.620       17.840       32.204    -0.346    3.50        0.160
 HD      -23.819       18.395       32.416     0.163    2.00        0.000
  C      -24.250       16.436       32.253     0.177    4.00        0.150
  C      -22.740       16.335       32.715     0.044    4.00        0.150
  C      -21.673       16.932       31.717     0.105    4.00        0.150
  C      -21.831       16.322       30.364     0.215    4.00        0.150
 OA      -22.115       16.990       29.350    -0.274    3.20        0.200
  N      -21.595       14.932       30.391    -0.370    3.50        0.160
 HD      -21.056       14.513       31.122     0.159    2.00        0.000
 HD      -21.803       14.391       29.577     0.159    2.00        0.000
  C      -25.088       15.598       33.160     0.241    4.00        0.150
 OA      -25.459       14.462       32.780    -0.271    3.20        0.200
  N      -25.440       16.158       34.358    -0.346    3.50        0.160
 HD      -25.064       17.027       34.669     0.163    2.00        0.000
  C      -26.459       15.597       35.227     0.180    4.00        0.150
  C      -26.452       16.322       36.623     0.009    4.00        0.150
  C      -27.639       15.915       37.546     0.012    4.00        0.150
  C      -25.132       15.820       37.245     0.012    4.00        0.150
  C      -27.797       15.790       34.564     0.241    4.00        0.150
 OA      -28.590       14.872       34.654    -0.271    3.20        0.200
  N      -28.237       16.900       33.947    -0.346    3.50        0.160
 HD      -27.661       17.713       33.974     0.163    2.00        0.000
  C      -29.583       17.047       33.431     0.180    4.00        0.150
  C      -29.869       18.431       32.711     0.073    4.00        0.150
  A      -31.272       18.726       32.288    -0.056    4.00        0.150
  A      -32.447       18.651       33.092     0.010    4.00        0.150
  A      -33.675       18.976       32.542     0.037    4.00        0.150
  A      -33.743       19.349       31.177     0.065    4.00        0.150
 OA      -34.958       19.753       30.634    -0.361    3.20        0.200
 HD      -34.765       19.854       29.699     0.217    2.00        0.000
  A      -31.403       19.101       30.966     0.010    4.00        0.150
  A      -32.615       19.334       30.401     0.037    4.00        0.150
  C      -29.870       15.995       32.363     0.241    4.00        0.150
 OA      -30.980       15.426       32.351    -0.271    3.20        0.200
  N      -28.891       15.622       31.503    -0.346    3.50        0.160
 HD      -28.052       16.157       31.450     0.163    2.00        0.000
  C      -28.949       14.616       30.468     0.176    4.00        0.150
  C      -27.874       14.825       29.404     0.036    4.00        0.150
  C      -28.183       16.051       28.463     0.023    4.00        0.150
  C      -27.596       16.055       27.037     0.138    4.00        0.150
  N      -26.261       15.416       27.111    -0.227    3.50        0.160
 HD      -26.257       14.417       27.157     0.177    2.00        0.000
  C      -25.177       16.097       27.381     0.665    4.00        0.150
  N      -24.996       17.417       27.196    -0.235    3.50        0.160
 HD      -25.598       17.923       26.578     0.174    2.00        0.000
 HD      -24.063       17.779       27.175     0.174    2.00        0.000
  N      -24.199       15.407       27.929    -0.235    3.50        0.160
 HD      -24.373       14.423       27.928     0.174    2.00        0.000
 HD      -23.305       15.716       28.257     0.174    2.00        0.000
  C      -28.772       13.232       31.087     0.241    4.00        0.150
 OA      -29.552       12.363       30.697    -0.271    3.20        0.200
  N      -27.923       13.008       32.099    -0.346    3.50        0.160
 HD      -27.299       13.714       32.422     0.163    2.00        0.000
  C      -27.897       11.661       32.695     0.172    4.00        0.150
  C      -26.681       11.835       33.641     0.042    4.00        0.150
  C      -29.114       11.194       33.416     0.240    4.00        0.150
 OA      -29.600       10.107       33.252    -0.271    3.20        0.200
  N      -29.724       12.179       34.184    -0.344    3.50        0.160
 HD      -29.339       13.099       34.157     0.163    2.00        0.000
  C      -30.982       12.055       34.837     0.205    4.00        0.150
  C      -31.129       13.037       35.980     0.146    4.00        0.150
 OA      -31.150       14.300       35.559    -0.393    3.20        0.200
 HD      -30.230       14.472       35.351     0.210    2.00        0.000
  C      -30.007       12.870       37.047     0.042    4.00        0.150
  C      -32.186       12.084       33.896     0.243    4.00        0.150
 OA      -32.190       12.544       32.761    -0.271    3.20        0.200
  N      -33.311       11.448       34.430    -0.346    3.50        0.160
 HD      -33.225       11.042       35.338     0.163    2.00        0.000
  C      -34.470       11.235       33.607     0.182    4.00        0.150
  C      -34.614        9.758       33.052     0.093    4.00        0.150
  N      -34.096        9.860       30.559    -0.353    3.50        0.160
 HD      -34.832       10.480       30.286     0.166    2.00        0.000
  A      -33.794        9.473       31.838     0.030    4.00        0.150
  A      -33.217        9.350       29.728     0.207    4.00        0.150
 NA      -32.349        8.563       30.319    -0.254    3.50        0.160
  A      -32.723        8.585       31.713     0.143    4.00        0.150
  C      -35.685       11.549       34.313     0.241    4.00        0.150
 OA      -35.850       11.249       35.519    -0.271    3.20        0.200
  N      -36.640       12.224       33.662    -0.346    3.50        0.160
 HD      -36.608       12.592       32.735     0.163    2.00        0.000
  C      -37.774       12.810       34.356     0.176    4.00        0.150
  C      -37.632       14.331       34.254     0.036    4.00        0.150
  C      -36.555       14.892       35.235     0.023    4.00        0.150
  C      -35.994       16.217       34.832     0.138    4.00        0.150
  N      -35.433       16.071       33.474    -0.227    3.50        0.160
 HD      -35.923       16.456       32.691     0.177    2.00        0.000
  C      -34.271       15.566       33.239     0.665    4.00        0.150
  N      -33.367       15.237       34.207    -0.235    3.50        0.160
 HD      -33.679       15.464       35.129     0.174    2.00        0.000
 HD      -32.458       14.830       34.126     0.174    2.00        0.000
  N      -33.764       15.366       32.026    -0.235    3.50        0.160
 HD      -34.368       15.553       31.252     0.174    2.00        0.000
 HD      -32.772       15.414       31.901     0.174    2.00        0.000
  C      -39.141       12.243       33.842     0.241    4.00        0.150
 OA      -39.243       12.015       32.608    -0.271    3.20        0.200
  N      -40.054       11.889       34.752    -0.346    3.50        0.160
 HD      -39.796       11.994       35.709     0.163    2.00        0.000
  C      -41.290       11.073       34.507     0.177    4.00        0.150
  C      -41.228        9.798       35.227     0.038    4.00        0.150
  C      -40.120        8.833       34.747    -0.020    4.00        0.150
  C      -40.251        7.479       35.509     0.009    4.00        0.150
  C      -40.386        8.447       33.304     0.009    4.00        0.150
  C      -42.539       11.819       35.065     0.241    4.00        0.150
 OA      -42.464       12.380       36.131    -0.271    3.20        0.200
  N      -43.732       11.750       34.347    -0.346    3.50        0.160
 HD      -43.748       11.196       33.519     0.163    2.00        0.000
  C      -45.036       12.111       35.000     0.177    4.00        0.150
  C      -45.813       12.942       33.958     0.038    4.00        0.150
  C      -47.275       13.313       34.388    -0.020    4.00        0.150
  C      -47.187       14.460       35.438     0.009    4.00        0.150
  C      -48.046       13.903       33.199     0.009    4.00        0.150
  C      -45.809       10.908       35.509     0.241    4.00        0.150
 OA      -45.860        9.850       34.929    -0.271    3.20        0.200
  N      -46.483       11.121       36.685    -0.346    3.50        0.160
 HD      -46.283       11.959       37.187     0.163    2.00        0.000
  C      -47.465       10.101       37.168     0.177    4.00        0.150
  C      -46.988        9.451       38.525     0.038    4.00        0.150
  C      -48.016        8.443       39.180    -0.020    4.00        0.150
  C      -48.354        7.199       38.374     0.009    4.00        0.150
  C      -47.401        8.097       40.480     0.009    4.00        0.150
  C      -48.901       10.689       37.235     0.241    4.00        0.150
 OA      -49.209       11.700       37.891    -0.271    3.20        0.200
  N      -49.860        9.955       36.581    -0.346    3.50        0.160
 HD      -49.671        9.093       36.117     0.163    2.00        0.000
  C      -51.253       10.229       36.655     0.177    4.00        0.150
  C      -51.830       10.452       35.176     0.038    4.00        0.150
  C      -51.307       11.693       34.509    -0.020    4.00        0.150
  C      -51.883       11.776       33.108     0.009    4.00        0.150
  C      -51.767       12.982       35.083     0.009    4.00        0.150
  C      -52.014        9.052       37.192     0.240    4.00        0.150
 OA      -51.371        8.019       37.357    -0.271    3.20        0.200
  N      -53.272        9.195       37.563    -0.351    3.50        0.160
 HD      -53.624       10.128       37.584     0.163    2.00        0.000
  C      -54.151        8.139       38.138     0.225    4.00        0.150
  C      -55.204        8.730       39.102     0.236    4.00        0.150
 OA      -54.906        9.760       39.792    -0.272    3.20        0.200
  N      -56.410        8.211       39.162    -0.347    3.50        0.160
 HD      -56.688        7.461       38.567     0.163    2.00        0.000
  C      -57.487        8.719       40.003     0.172    4.00        0.150
  C      -58.850        8.017       39.816     0.042    4.00        0.150
  C      -57.200        8.627       41.548     0.240    4.00        0.150
 OA      -56.468        7.843       42.124    -0.271    3.20        0.200
  N      -57.898        9.531       42.262    -0.346    3.50        0.160
 HD      -58.534       10.208       41.900     0.163    2.00        0.000
  C      -57.558        9.881       43.661     0.186    4.00        0.150
  C      -58.444       11.139       44.092     0.147    4.00        0.150
  C      -59.913       10.925       44.158     0.175    4.00        0.150
 OA      -60.519        9.852       43.825    -0.648    3.20        0.200
 OA      -60.645       11.910       44.506    -0.648    3.20        0.200
  C      -57.655        8.643       44.628     0.241    4.00        0.150
 OA      -56.810        8.439       45.515    -0.271    3.20        0.200
  N      -58.664        7.772       44.478    -0.346    3.50        0.160
 HD      -59.203        7.962       43.660     0.163    2.00        0.000
  C      -58.752        6.452       45.127     0.185    4.00        0.150
  C      -60.283        6.024       45.185     0.137    4.00        0.150
  C      -60.707        5.417       43.863     0.217    4.00        0.150
 OA      -60.366        5.931       42.835    -0.274    3.20        0.200
  N      -61.347        4.255       43.886    -0.370    3.50        0.160
 HD      -61.528        3.883       42.977     0.159    2.00        0.000
 HD      -61.380        3.787       44.769     0.159    2.00        0.000
  C      -57.845        5.301       44.526     0.241    4.00        0.150
 OA      -57.633        4.325       45.272    -0.271    3.20        0.200
  N      -57.377        5.369       43.347    -0.344    3.50        0.160
 HD      -57.308        6.239       42.865     0.163    2.00        0.000
  C      -56.501        4.334       42.689     0.200    4.00        0.150
  C      -55.952        4.711       41.328     0.199    4.00        0.150
 OA      -54.878        5.655       41.368    -0.398    3.20        0.200
 HD      -55.165        6.511       41.695     0.209    2.00        0.000
  C      -55.365        3.913       43.507     0.242    4.00        0.150
 OA      -54.923        4.623       44.451    -0.271    3.20        0.200
  N      -54.787        2.768       43.155    -0.350    3.50        0.160
 HD      -55.218        2.243       42.425     0.163    2.00        0.000
  C      -53.541        2.274       43.685     0.225    4.00        0.150
  C      -52.316        3.106       43.471     0.236    4.00        0.150
 OA      -51.245        2.565       43.669    -0.272    3.20        0.200
  N      -52.356        4.339       42.925    -0.346    3.50        0.160
 HD      -53.188        4.744       42.554     0.163    2.00        0.000
  C      -51.154        5.106       42.578     0.176    4.00        0.150
  C      -51.777        6.356       41.914     0.035    4.00        0.150
  C      -50.843        7.554       41.649     0.004    4.00        0.150
  C      -51.555        8.905       41.275     0.027    4.00        0.150
  C      -52.461        9.663       42.276     0.229    4.00        0.150
  N      -51.739       10.328       43.352    -0.079    3.50        0.160
 HD      -50.995       10.928       42.941     0.274    2.00        0.000
 HD      -51.225        9.677       43.979     0.274    2.00        0.000
 HD      -52.401       10.824       43.981     0.274    2.00        0.000
  C      -50.309        5.548       43.752     0.241    4.00        0.150
 OA      -49.106        5.514       43.708    -0.271    3.20        0.200
  N      -50.995        5.906       44.802    -0.344    3.50        0.160
 HD      -51.990        5.857       44.739     0.163    2.00        0.000
  C      -50.535        6.388       46.137     0.200    4.00        0.150
  C      -51.721        6.858       47.057     0.199    4.00        0.150
 OA      -51.357        7.021       48.428    -0.398    3.20        0.200
 HD      -51.499        6.111       48.700     0.209    2.00        0.000
  C      -49.654        5.316       46.885     0.243    4.00        0.150
 OA      -48.532        5.590       47.290    -0.271    3.20        0.200
  N      -50.056        3.999       46.789    -0.344    3.50        0.160
 HD      -50.991        3.821       46.491     0.163    2.00        0.000
  C      -49.187        2.878       47.202     0.205    4.00        0.150
  C      -49.969        1.589       47.119     0.146    4.00        0.150
 OA      -51.034        1.514       48.084    -0.393    3.20        0.200
 HD      -50.629        1.417       48.949     0.210    2.00        0.000
  C      -49.142        0.300       47.351     0.042    4.00        0.150
  C      -47.822        2.752       46.447     0.243    4.00        0.150
 OA      -46.824        2.551       47.131    -0.271    3.20        0.200
  N      -47.791        2.959       45.162    -0.346    3.50        0.160
 HD      -48.660        3.147       44.710     0.163    2.00        0.000
  C      -46.584        3.035       44.382     0.180    4.00        0.150
  C      -46.899        2.949       42.930     0.013    4.00        0.150
  C      -45.541        2.833       42.172     0.012    4.00        0.150
  C      -47.777        1.665       42.639     0.002    4.00        0.150
  C      -48.215        1.469       41.170     0.005    4.00        0.150
  C      -45.765        4.256       44.719     0.241    4.00        0.150
 OA      -44.539        4.173       44.921    -0.271    3.20        0.200
  N      -46.425        5.451       44.927    -0.346    3.50        0.160
 HD      -47.410        5.501       44.774     0.163    2.00        0.000
  C      -45.810        6.733       45.350     0.180    4.00        0.150
  C      -46.879        7.862       45.256     0.009    4.00        0.150
  C      -46.606        9.175       46.018     0.012    4.00        0.150
  C      -47.006        8.129       43.741     0.012    4.00        0.150
  C      -45.123        6.588       46.716     0.241    4.00        0.150
 OA      -44.022        7.023       46.924    -0.271    3.20        0.200
  N      -45.771        5.872       47.583    -0.346    3.50        0.160
 HD      -46.724        5.675       47.366     0.163    2.00        0.000
  C      -45.168        5.442       48.915     0.176    4.00        0.150
  C      -46.203        4.773       49.921     0.035    4.00        0.150
  C      -47.302        5.721       50.347     0.004    4.00        0.150
  C      -48.536        5.133       51.173     0.027    4.00        0.150
  C      -49.475        6.302       51.550     0.229    4.00        0.150
  N      -50.658        5.797       52.252    -0.079    3.50        0.160
 HD      -51.332        6.518       52.579     0.274    2.00        0.000
 HD      -50.151        5.311       53.019     0.274    2.00        0.000
 HD      -51.107        5.092       51.633     0.274    2.00        0.000
  C      -44.012        4.550       48.796     0.241    4.00        0.150
 OA      -43.006        4.673       49.560    -0.271    3.20        0.200
  N      -44.006        3.499       47.892    -0.346    3.50        0.160
 HD      -44.801        3.479       47.292     0.163    2.00        0.000
  C      -42.948        2.637       47.554     0.177    4.00        0.150
  C      -43.528        1.569       46.545     0.044    4.00        0.150
  C      -44.428        0.552       47.366     0.105    4.00        0.150
  C      -45.215       -0.246       46.366     0.215    4.00        0.150
 OA      -45.097       -0.170       45.151    -0.274    3.20        0.200
  N      -46.055       -1.142       46.941    -0.370    3.50        0.160
 HD      -46.497       -1.808       46.340     0.159    2.00        0.000
 HD      -46.090       -1.047       47.936     0.159    2.00        0.000
  C      -41.683        3.345       46.987     0.241    4.00        0.150
 OA      -40.565        3.117       47.445    -0.271    3.20        0.200
  N      -41.869        4.189       45.964    -0.346    3.50        0.160
 HD      -42.806        4.280       45.638     0.163    2.00        0.000
  C      -40.906        5.039       45.361     0.177    4.00        0.150
  C      -41.567        5.816       44.093     0.045    4.00        0.150
  C      -42.005        4.848       42.997     0.076    4.00        0.150
 SA      -40.618        3.791       42.244    -0.173    4.00        0.200
  C      -41.771        2.952       41.172     0.089    4.00        0.150
  C      -40.311        6.060       46.277     0.241    4.00        0.150
 OA      -39.101        6.188       46.433    -0.271    3.20        0.200
  N      -41.162        6.785       47.044    -0.346    3.50        0.160
 HD      -42.149        6.849       46.911     0.163    2.00        0.000
  C      -40.776        7.762       48.029     0.176    4.00        0.150
  C      -40.573        7.165       49.407     0.036    4.00        0.150
  C      -39.388        6.233       49.533     0.023    4.00        0.150
  C      -39.522        5.472       50.881     0.138    4.00        0.150
  N      -39.306        6.384       51.972    -0.227    3.50        0.160
 HD      -38.954        7.313       51.860     0.177    2.00        0.000
  C      -39.503        6.039       53.252     0.665    4.00        0.150
  N      -39.643        4.808       53.594    -0.235    3.50        0.160
 HD      -39.793        4.105       52.899     0.174    2.00        0.000
 HD      -40.069        4.588       54.472     0.174    2.00        0.000
  N      -39.687        6.964       54.193    -0.235    3.50        0.160
 HD      -39.589        7.944       54.016     0.174    2.00        0.000
 HD      -39.693        6.607       55.126     0.174    2.00        0.000
  C      -39.919        8.949       47.625     0.240    4.00        0.150
 OA      -39.538        9.133       46.511    -0.271    3.20        0.200
  N      -39.531        9.791       48.552    -0.351    3.50        0.160
 HD      -39.652        9.616       49.525     0.163    2.00        0.000
  C      -39.189       11.226       48.294     0.225    4.00        0.150
  C      -40.330       12.081       47.874     0.236    4.00        0.150
 OA      -40.222       12.857       46.895    -0.272    3.20        0.200
  N      -41.533       11.988       48.568    -0.346    3.50        0.160
 HD      -41.497       11.467       49.418     0.163    2.00        0.000
  C      -42.821       12.436       48.028     0.180    4.00        0.150
  C      -44.114       11.601       48.473     0.013    4.00        0.150
  C      -43.604       10.197       48.658     0.012    4.00        0.150
  C      -44.857       12.136       49.778     0.002    4.00        0.150
  C      -44.119       12.125       51.100     0.005    4.00        0.150
  C      -43.062       13.894       48.163     0.241    4.00        0.150
 OA      -42.540       14.506       49.095    -0.271    3.20        0.200
  N      -43.816       14.580       47.266    -0.346    3.50        0.160
 HD      -44.025       15.536       47.457     0.163    2.00        0.000
  C      -44.436       14.051       46.109     0.180    4.00        0.150
  C      -45.712       14.863       45.880     0.073    4.00        0.150
  A      -46.793       14.365       46.865    -0.056    4.00        0.150
  A      -47.523       13.197       46.577     0.007    4.00        0.150
  A      -48.428       12.694       47.460     0.001    4.00        0.150
  A      -48.873       13.457       48.590     0.000    4.00        0.150
  A      -47.247       15.203       47.918     0.007    4.00        0.150
  A      -48.355       14.799       48.698     0.001    4.00        0.150
  C      -43.502       14.184       44.919     0.241    4.00        0.150
 OA      -43.885       13.721       43.834    -0.271    3.20        0.200
  N      -42.241       14.615       45.082    -0.346    3.50        0.160
 HD      -41.942       15.027       45.939     0.163    2.00        0.000
  C      -41.286       14.657       44.066     0.177    4.00        0.150
  C      -40.293       15.773       44.270     0.045    4.00        0.150
  C      -40.941       17.150       44.413     0.116    4.00        0.150
  C      -40.051       18.395       44.588     0.172    4.00        0.150
 OA      -39.312       18.653       43.659    -0.648    3.20        0.200
 OA      -40.178       19.088       45.645    -0.648    3.20        0.200
  C      -40.543       13.400       43.984     0.241    4.00        0.150
 OA      -39.331       13.332       43.985    -0.271    3.20        0.200
  N      -41.191       12.277       43.763    -0.344    3.50        0.160
 HD      -42.181       12.366       43.681     0.163    2.00        0.000
  C      -40.723       10.849       43.779     0.205    4.00        0.150
  C      -41.729        9.693       43.471     0.146    4.00        0.150
 OA      -42.619       10.090       42.370    -0.393    3.20        0.200
 HD      -42.429       11.019       42.220     0.210    2.00        0.000
  C      -42.556        9.326       44.709     0.042    4.00        0.150
  C      -39.367       10.620       43.190     0.243    4.00        0.150
 OA      -39.227       10.758       41.972    -0.271    3.20        0.200
  N      -38.325       10.166       43.925    -0.346    3.50        0.160
 HD      -38.517        9.922       44.872     0.163    2.00        0.000
  C      -37.042        9.834       43.339     0.176    4.00        0.150
  C      -35.849       10.627       43.949     0.035    4.00        0.150
  C      -36.045       12.161       44.110     0.004    4.00        0.150
  C      -34.728       12.901       44.379     0.027    4.00        0.150
  C      -34.857       14.445       44.484     0.229    4.00        0.150
  N      -35.292       14.709       45.877    -0.079    3.50        0.160
 HD      -36.264       14.926       46.176     0.274    2.00        0.000
 HD      -34.724       15.462       46.315     0.274    2.00        0.000
 HD      -35.126       13.827       46.403     0.274    2.00        0.000
  C      -36.834        8.339       43.545     0.241    4.00        0.150
 OA      -37.117        7.793       44.638    -0.271    3.20        0.200
  N      -36.468        7.724       42.440    -0.346    3.50        0.160
 HD      -36.376        8.215       41.577     0.163    2.00        0.000
  C      -36.086        6.322       42.447     0.180    4.00        0.150
  C      -37.163        5.341       42.104     0.073    4.00        0.150
  A      -37.800        5.421       40.702    -0.056    4.00        0.150
  A      -38.715        6.467       40.311     0.007    4.00        0.150
  A      -39.497        6.333       39.180     0.001    4.00        0.150
  A      -39.355        5.294       38.284     0.000    4.00        0.150
  A      -37.714        4.325       39.774     0.007    4.00        0.150
  A      -38.451        4.267       38.577     0.001    4.00        0.150
  C      -34.837        6.017       41.616     0.241    4.00        0.150
 OA      -34.514        6.786       40.648    -0.271    3.20        0.200
  N      -34.100        4.887       41.935    -0.346    3.50        0.160
 HD      -34.499        4.244       42.584     0.163    2.00        0.000
  C      -32.807        4.519       41.335     0.177    4.00        0.150
  C      -31.524        4.612       42.230     0.044    4.00        0.150
  C      -30.137        4.657       41.431     0.105    4.00        0.150
  C      -29.040        4.781       42.475     0.215    4.00        0.150
 OA      -28.154        5.639       42.472    -0.274    3.20        0.200
  N      -29.117        3.903       43.506    -0.370    3.50        0.160
 HD      -28.426        3.906       44.229     0.159    2.00        0.000
 HD      -29.733        3.139       43.312     0.159    2.00        0.000
  C      -32.997        3.020       40.973     0.241    4.00        0.150
 OA      -33.356        2.182       41.800    -0.271    3.20        0.200
  N      -32.758        2.773       39.688    -0.346    3.50        0.160
 HD      -32.501        3.455       39.008     0.163    2.00        0.000
  C      -32.940        1.443       39.255     0.180    4.00        0.150
  C      -34.070        1.374       38.218     0.009    4.00        0.150
  C      -34.314       -0.090       37.850     0.012    4.00        0.150
  C      -35.365        1.877       38.805     0.012    4.00        0.150
  C      -31.623        1.117       38.607     0.241    4.00        0.150
 OA      -31.283        1.630       37.521    -0.271    3.20        0.200
  N      -30.872        0.267       39.252    -0.345    3.50        0.160
 HD      -31.183       -0.363       39.960     0.163    2.00        0.000
  C      -29.516       -0.045       38.838     0.186    4.00        0.150
  C      -29.539       -1.114       37.691     0.147    4.00        0.150
  C      -30.116       -2.391       38.007     0.175    4.00        0.150
 OA      -30.316       -2.708       39.227    -0.648    3.20        0.200
 OA      -30.393       -3.144       37.045    -0.648    3.20        0.200
  C      -28.568        1.091       38.375     0.241    4.00        0.150
 OA      -28.138        1.171       37.230    -0.271    3.20        0.200
  N      -28.372        2.070       39.379    -0.346    3.50        0.160
 HD      -28.836        1.925       40.249     0.163    2.00        0.000
  C      -27.541        3.280       39.183     0.176    4.00        0.150
  C      -26.073        2.891       39.054     0.035    4.00        0.150
  C      -25.473        2.261       40.269     0.004    4.00        0.150
  C      -25.604        2.914       41.577     0.027    4.00        0.150
  C      -25.229        4.424       41.640     0.229    4.00        0.150
  N      -25.029        4.915       43.035    -0.079    3.50        0.160
 HD      -25.063        5.954       43.005     0.274    2.00        0.000
 HD      -24.115        4.600       43.420     0.274    2.00        0.000
 HD      -25.798        4.650       43.683     0.274    2.00        0.000
  C      -28.015        4.211       38.069     0.241    4.00        0.150
 OA      -27.260        5.073       37.659    -0.271    3.20        0.200
  N      -29.231        4.035       37.535    -0.346    3.50        0.160
 HD      -29.859        3.282       37.715     0.163    2.00        0.000
  C      -29.779        4.975       36.600     0.180    4.00        0.150
  C      -30.543        4.318       35.495     0.009    4.00        0.150
  C      -31.225        5.414       34.645     0.012    4.00        0.150
  C      -29.573        3.562       34.643     0.012    4.00        0.150
  C      -30.779        5.777       37.486     0.241    4.00        0.150
 OA      -31.615        5.194       38.170    -0.271    3.20        0.200
  N      -30.842        7.168       37.420    -0.346    3.50        0.160
 HD      -30.250        7.743       36.862     0.163    2.00        0.000
  C      -31.737        7.965       38.223     0.185    4.00        0.150
  C      -30.998        9.251       38.672     0.137    4.00        0.150
  C      -29.518        9.118       39.121     0.217    4.00        0.150
 OA      -28.653        9.969       38.851    -0.274    3.20        0.200
  N      -29.266        7.966       39.859    -0.370    3.50        0.160
 HD      -28.306        7.883       40.124     0.159    2.00        0.000
 HD      -30.051        7.358       39.987     0.159    2.00        0.000
  C      -33.021        8.419       37.495     0.241    4.00        0.150
 OA      -32.980        9.215       36.494    -0.271    3.20        0.200
  N      -34.208        8.034       38.025    -0.346    3.50        0.160
 HD      -34.277        7.554       38.897     0.163    2.00        0.000
  C      -35.455        8.456       37.512     0.180    4.00        0.150
  C      -36.529        7.365       37.296     0.073    4.00        0.150
  A      -36.099        6.390       36.256    -0.056    4.00        0.150
  A      -35.474        5.170       36.629     0.007    4.00        0.150
  A      -34.827        4.349       35.685     0.001    4.00        0.150
  A      -34.962        4.664       34.297     0.000    4.00        0.150
  A      -36.119        6.795       34.929     0.007    4.00        0.150
  A      -35.615        5.903       34.007     0.001    4.00        0.150
  C      -36.040        9.347       38.506     0.241    4.00        0.150
 OA      -36.088        9.034       39.720    -0.271    3.20        0.200
  N      -36.435       10.554       38.082    -0.346    3.50        0.160
 HD      -36.271       10.770       37.123     0.163    2.00        0.000
  C      -37.199       11.451       38.858     0.182    4.00        0.150
  C      -36.631       12.825       38.788     0.093    4.00        0.150
  N      -34.958       13.527       40.521    -0.353    3.50        0.160
 HD      -35.610       14.173       40.919     0.166    2.00        0.000
  A      -35.189       12.874       39.347     0.030    4.00        0.150
  A      -33.581       13.459       40.715     0.207    4.00        0.150
 NA      -33.011       12.765       39.699    -0.254    3.50        0.160
  A      -34.030       12.392       38.889     0.143    4.00        0.150
  C      -38.621       11.478       38.389     0.241    4.00        0.150
 OA      -38.930       11.405       37.217    -0.271    3.20        0.200
  N      -39.627       11.395       39.268    -0.346    3.50        0.160
 HD      -39.447       11.260       40.239     0.163    2.00        0.000
  C      -41.062       11.213       38.795     0.177    4.00        0.150
  C      -41.447        9.754       38.938     0.045    4.00        0.150
  C      -42.850        9.355       38.483     0.076    4.00        0.150
 SA      -43.231        7.670       38.447    -0.173    4.00        0.200
  C      -43.777        7.733       40.243     0.089    4.00        0.150
  C      -41.759       12.115       39.719     0.241    4.00        0.150
 OA      -41.421       12.356       40.877    -0.271    3.20        0.200
  N      -42.779       12.799       39.204    -0.346    3.50        0.160
 HD      -42.990       12.620       38.246     0.163    2.00        0.000
  C      -43.576       13.802       39.953     0.180    4.00        0.150
  C      -43.420       15.158       39.277     0.073    4.00        0.150
  A      -42.000       15.699       39.376    -0.056    4.00        0.150
  A      -41.526       16.364       40.506     0.007    4.00        0.150
  A      -40.276       17.024       40.568     0.001    4.00        0.150
  A      -39.382       16.983       39.464     0.000    4.00        0.150
  A      -41.056       15.631       38.343     0.007    4.00        0.150
  A      -39.837       16.328       38.354     0.001    4.00        0.150
  C      -44.964       13.223       40.004     0.241    4.00        0.150
 OA      -45.483       12.745       38.985    -0.271    3.20        0.200
  N      -45.692       13.228       41.173    -0.345    3.50        0.160
 HD      -45.289       13.482       42.049     0.163    2.00        0.000
  C      -47.059       12.898       41.263     0.186    4.00        0.150
  C      -47.344       11.865       42.437     0.147    4.00        0.150
  C      -48.793       11.685       42.902     0.175    4.00        0.150
 OA      -49.030       11.458       44.112    -0.648    3.20        0.200
 OA      -49.707       11.714       42.069    -0.648    3.20        0.200
  C      -47.801       14.170       41.481     0.241    4.00        0.150
 OA      -47.376       15.023       42.265    -0.271    3.20        0.200
  N      -48.938       14.454       40.835    -0.346    3.50        0.160
 HD      -49.269       13.758       40.202     0.163    2.00        0.000
  C      -49.766       15.599       40.847     0.180    4.00        0.150
  C      -49.929       16.104       39.445     0.009    4.00        0.150
  C      -48.625       16.873       39.098     0.012    4.00        0.150
  C      -50.352       15.019       38.377     0.012    4.00        0.150
  C      -51.114       15.502       41.580     0.241    4.00        0.150
 OA      -51.982       16.375       41.588    -0.271    3.20        0.200
  N      -51.376       14.329       42.165    -0.351    3.50        0.160
 HD      -50.659       13.649       42.037     0.163    2.00        0.000
  C      -52.659       13.879       42.825     0.225    4.00        0.150
  C      -53.441       14.796       43.720     0.235    4.00        0.150
 OA      -54.644       14.886       43.530    -0.272    3.20        0.200
  N      -52.757       15.459       44.722    -0.351    3.50        0.160
 HD      -51.800       15.306       44.956     0.163    2.00        0.000
  C      -53.338       16.258       45.712     0.225    4.00        0.150
  C      -53.682       17.640       45.244     0.236    4.00        0.150
 OA      -54.649       18.252       45.739    -0.272    3.20        0.200
  N      -52.903       18.128       44.298    -0.346    3.50        0.160
 HD      -52.367       17.448       43.803     0.163    2.00        0.000
  C      -52.952       19.400       43.598     0.177    4.00        0.150
  C      -51.997       19.569       42.415     0.044    4.00        0.150
  C      -50.473       19.551       42.742     0.105    4.00        0.150
  C      -49.982       20.729       43.437     0.215    4.00        0.150
 OA      -49.960       21.820       42.866    -0.274    3.20        0.200
  N      -49.626       20.487       44.699    -0.370    3.50        0.160
 HD      -49.593       21.205       45.394     0.159    2.00        0.000
 HD      -49.618       19.542       45.026     0.159    2.00        0.000
  C      -54.372       19.587       43.084     0.241    4.00        0.150
 OA      -55.173       18.613       42.941    -0.271    3.20        0.200
  N      -54.766       20.845       42.753    -0.346    3.50        0.160
 HD      -54.192       21.643       42.922     0.163    2.00        0.000
  C      -56.027       21.194       42.255     0.176    4.00        0.150
  C      -56.029       22.702       41.987     0.036    4.00        0.150
  C      -56.117       23.648       43.239     0.023    4.00        0.150
  C      -57.347       24.527       43.367     0.138    4.00        0.150
  N      -57.644       25.233       42.076    -0.227    3.50        0.160
 HD      -57.015       25.228       41.298     0.177    2.00        0.000
  C      -58.730       25.977       41.891     0.665    4.00        0.150
  N      -59.612       26.119       42.858    -0.235    3.50        0.160
 HD      -59.346       25.813       43.771     0.174    2.00        0.000
 HD      -60.431       26.637       42.614     0.174    2.00        0.000
  N      -58.905       26.795       40.877    -0.235    3.50        0.160
 HD      -58.246       26.865       40.129     0.174    2.00        0.000
 HD      -59.692       27.404       40.969     0.174    2.00        0.000
  C      -56.582       20.481       41.004     0.241    4.00        0.150
 OA      -55.852       20.077       40.105    -0.271    3.20        0.200
  N      -57.909       20.341       40.959    -0.346    3.50        0.160
 HD      -58.374       20.881       41.658     0.163    2.00        0.000
  C      -58.628       19.494       39.998     0.186    4.00        0.150
  C      -59.922       18.957       40.639     0.147    4.00        0.150
  C      -61.116       19.929       40.619     0.175    4.00        0.150
 OA      -60.853       21.140       40.858    -0.648    3.20        0.200
 OA      -62.311       19.537       40.624    -0.648    3.20        0.200
  C      -58.791       20.155       38.645     0.241    4.00        0.150
 OA      -58.673       19.501       37.615    -0.271    3.20        0.200
  N      -58.873       21.516       38.645    -0.346    3.50        0.160
 HD      -58.985       21.955       39.532     0.163    2.00        0.000
  C      -58.646       22.279       37.482     0.177    4.00        0.150
  C      -59.428       23.580       37.558     0.045    4.00        0.150
  C      -59.048       24.649       36.514     0.112    4.00        0.150
  C      -59.996       25.849       36.492     0.139    4.00        0.150
 OA      -60.761       26.152       35.637    -0.650    3.20        0.200
 OA      -59.847       26.618       37.628    -0.776    3.20        0.200
 HD      -59.010       26.465       38.071     0.167    2.00        0.000
  C      -57.142       22.495       37.221     0.241    4.00        0.150
 OA      -56.438       22.952       38.132    -0.271    3.20        0.200
  N      -56.649       22.118       36.001    -0.346    3.50        0.160
 HD      -57.142       21.762       35.210     0.163    2.00        0.000
  C      -55.232       21.938       35.842     0.176    4.00        0.150
  C      -54.754       20.553       36.289     0.036    4.00        0.150
  C      -55.474       19.344       35.675     0.023    4.00        0.150
  C      -54.988       17.987       36.293     0.138    4.00        0.150
  N      -54.912       18.138       37.828    -0.227    3.50        0.160
 HD      -55.082       19.042       38.221     0.177    2.00        0.000
  C      -54.728       17.136       38.663     0.665    4.00        0.150
  N      -54.625       15.878       38.341    -0.235    3.50        0.160
 HD      -54.721       15.469       37.433     0.174    2.00        0.000
 HD      -54.735       15.284       39.138     0.174    2.00        0.000
  N      -54.708       17.387       39.905    -0.235    3.50        0.160
 HD      -55.055       18.315       40.032     0.174    2.00        0.000
 HD      -54.902       16.666       40.571     0.174    2.00        0.000
  C      -54.715       22.103       34.378     0.241    4.00        0.150
 OA      -53.559       21.755       34.050    -0.271    3.20        0.200
  N      -55.493       22.723       33.466    -0.346    3.50        0.160
 HD      -56.357       23.100       33.791     0.163    2.00        0.000
  C      -55.228       22.758       31.964     0.176    4.00        0.150
  C      -56.433       23.332       31.196     0.036    4.00        0.150
  C      -56.872       24.794       31.393     0.023    4.00        0.150
  C      -58.356       24.948       30.822     0.138    4.00        0.150
  N      -58.764       26.269       31.438    -0.227    3.50        0.160
 HD      -58.532       27.089       30.916     0.177    2.00        0.000
  C      -59.916       26.458       32.060     0.665    4.00        0.150
  N      -60.323       25.486       32.924    -0.235    3.50        0.160
 HD      -59.685       24.745       33.130     0.174    2.00        0.000
 HD      -61.127       25.732       33.465     0.174    2.00        0.000
  N      -60.682       27.532       32.076    -0.235    3.50        0.160
 HD      -60.275       28.371       31.713     0.174    2.00        0.000
 HD      -61.511       27.676       32.615     0.174    2.00        0.000
  C      -53.999       23.600       31.619     0.241    4.00        0.150
 OA      -53.306       23.329       30.613    -0.271    3.20        0.200
  N      -53.687       24.610       32.458    -0.346    3.50        0.160
 HD      -54.218       24.793       33.281     0.163    2.00        0.000
  C      -52.460       25.418       32.237     0.176    4.00        0.150
  C      -52.503       26.713       32.996     0.035    4.00        0.150
  C      -53.566       27.674       32.481     0.004    4.00        0.150
  C      -53.409       28.105       31.004     0.027    4.00        0.150
  C      -54.476       29.224       30.681     0.229    4.00        0.150
  N      -54.324       29.908       29.404    -0.079    3.50        0.160
 HD      -53.303       29.941       29.211     0.274    2.00        0.000
 HD      -54.626       30.901       29.466     0.274    2.00        0.000
 HD      -54.832       29.525       28.581     0.274    2.00        0.000
  C      -51.200       24.593       32.540     0.241    4.00        0.150
 OA      -50.272       24.656       31.766    -0.271    3.20        0.200
  N      -51.217       23.881       33.664    -0.346    3.50        0.160
 HD      -52.042       23.766       34.213     0.163    2.00        0.000
  C      -50.004       23.404       34.157     0.181    4.00        0.150
  C      -49.852       23.644       35.698     0.075    4.00        0.150
  A      -50.912       23.205       36.575    -0.028    4.00        0.150
  A      -52.025       24.037       36.970     0.096    4.00        0.150
  N      -52.829       23.395       37.897    -0.365    3.50        0.160
 HD      -53.462       23.794       38.523     0.165    2.00        0.000
  A      -52.302       22.155       38.123     0.042    4.00        0.150
  A      -51.152       21.940       37.206    -0.002    4.00        0.150
  A      -50.540       20.700       37.181     0.014    4.00        0.150
  A      -51.089       19.612       37.851     0.001    4.00        0.150
  A      -52.682       21.077       38.955     0.030    4.00        0.150
  A      -52.102       19.831       38.818     0.002    4.00        0.150
  C      -49.765       21.912       33.842     0.241    4.00        0.150
 OA      -48.646       21.440       33.929    -0.271    3.20        0.200
  N      -50.671       21.128       33.378    -0.346    3.50        0.160
 HD      -51.585       21.512       33.484     0.163    2.00        0.000
  C      -50.622       19.776       32.857     0.180    4.00        0.150
  C      -52.005       19.245       32.553     0.013    4.00        0.150
  C      -52.695       20.097       31.458     0.012    4.00        0.150
  C      -51.962       17.713       32.236     0.002    4.00        0.150
  C      -51.222       16.871       33.283     0.005    4.00        0.150
  C      -49.725       19.777       31.600     0.241    4.00        0.150
 OA      -49.013       18.828       31.316    -0.271    3.20        0.200
  N      -49.566       21.007       31.002    -0.346    3.50        0.160
 HD      -49.850       21.800       31.534     0.163    2.00        0.000
  C      -48.862       21.040       29.782     0.177    4.00        0.150
  C      -49.541       21.963       28.722     0.044    4.00        0.150
  C      -49.935       23.399       29.157     0.105    4.00        0.150
  C      -50.272       24.266       27.939     0.215    4.00        0.150
 OA      -49.312       24.884       27.472    -0.274    3.20        0.200
  N      -51.555       24.241       27.512    -0.370    3.50        0.160
 HD      -52.221       23.653       27.972     0.159    2.00        0.000
 HD      -51.859       24.889       26.814     0.159    2.00        0.000
  C      -47.389       21.465       30.070     0.241    4.00        0.150
 OA      -46.558       21.393       29.182    -0.271    3.20        0.200
  N      -46.979       21.745       31.298    -0.345    3.50        0.160
 HD      -47.703       21.747       31.982     0.163    2.00        0.000
  C      -45.602       21.991       31.733     0.185    4.00        0.150
  C      -45.458       22.733       33.049     0.105    4.00        0.150
 SA      -46.204       24.344       33.040    -0.180    4.00        0.200
 HD      -45.377       24.799       32.110     0.101    2.00        0.000
  C      -44.866       20.714       31.995     0.241    4.00        0.150
 OA      -43.652       20.743       32.217    -0.271    3.20        0.200
  N      -45.485       19.564       31.726    -0.346    3.50        0.160
 HD      -46.471       19.575       31.575     0.163    2.00        0.000
  C      -44.813       18.290       31.840     0.180    4.00        0.150
  C      -45.656       17.396       32.713     0.073    4.00        0.150
  A      -45.984       18.012       33.994    -0.056    4.00        0.150
  A      -44.920       18.272       34.893     0.007    4.00        0.150
  A      -45.136       18.715       36.164     0.001    4.00        0.150
  A      -46.414       18.694       36.661     0.000    4.00        0.150
  A      -47.333       18.177       34.480     0.007    4.00        0.150
  A      -47.542       18.508       35.828     0.001    4.00        0.150
  C      -44.572       17.735       30.476     0.241    4.00        0.150
 OA      -44.556       16.557       30.277    -0.271    3.20        0.200
  N      -44.415       18.570       29.448    -0.346    3.50        0.160
 HD      -44.402       19.552       29.616     0.163    2.00        0.000
  C      -44.281       18.103       28.106     0.185    4.00        0.150
  C      -44.597       19.330       27.230     0.137    4.00        0.150
  C      -43.701       20.593       27.355     0.217    4.00        0.150
 OA      -42.939       20.767       28.308    -0.274    3.20        0.200
  N      -43.945       21.517       26.452    -0.370    3.50        0.160
 HD      -43.282       22.236       26.244     0.159    2.00        0.000
 HD      -44.669       21.227       25.827     0.159    2.00        0.000
  C      -42.949       17.500       27.687     0.241    4.00        0.150
 OA      -42.806       16.818       26.694    -0.271    3.20        0.200
  N      -41.836       17.686       28.425    -0.345    3.50        0.160
 HD      -41.926       18.090       29.332     0.163    2.00        0.000
  C      -40.531       17.276       28.113     0.186    4.00        0.150
  C      -39.576       18.364       28.375     0.147    4.00        0.150
  C      -39.832       19.572       27.488     0.175    4.00        0.150
 OA      -39.663       20.736       27.902    -0.648    3.20        0.200
 OA      -40.079       19.334       26.292    -0.648    3.20        0.200
  C      -40.123       16.061       28.884     0.241    4.00        0.150
 OA      -39.033       15.566       28.677    -0.271    3.20        0.200
  N      -40.946       15.556       29.805    -0.346    3.50        0.160
 HD      -41.779       16.082       29.963     0.163    2.00        0.000
  C      -40.871       14.249       30.423     0.180    4.00        0.150
  C      -41.926       13.851       31.393     0.009    4.00        0.150
  C      -42.068       15.046       32.416     0.012    4.00        0.150
  C      -43.123       13.446       30.635     0.012    4.00        0.150
  C      -40.495       13.109       29.440     0.241    4.00        0.150
 OA      -40.833       13.131       28.265    -0.271    3.20        0.200
  N      -39.707       12.184       30.000    -0.344    3.50        0.160
 HD      -39.511       12.242       30.976     0.163    2.00        0.000
  C      -39.278       10.949       29.287     0.205    4.00        0.150
  C      -38.231       10.158       30.046     0.146    4.00        0.150
 OA      -37.083       11.073       30.063    -0.393    3.20        0.200
 HD      -37.392       11.892       30.460     0.210    2.00        0.000
  C      -37.831        8.786       29.500     0.042    4.00        0.150
  C      -40.467       10.008       28.927     0.243    4.00        0.150
 OA      -40.559        9.353       27.878    -0.271    3.20        0.200
  N      -41.438        9.863       29.866    -0.346    3.50        0.160
 HD      -41.401       10.403       30.703     0.163    2.00        0.000
  C      -42.655        9.100       29.693     0.172    4.00        0.150
  C      -42.550        7.588       29.744     0.042    4.00        0.150
  C      -43.700        9.482       30.728     0.240    4.00        0.150
 OA      -43.417       10.143       31.767    -0.271    3.20        0.200
  N      -44.949        9.257       30.430    -0.346    3.50        0.160
 HD      -45.272        8.691       29.676     0.163    2.00        0.000
  C      -46.052        9.538       31.349     0.180    4.00        0.150
  C      -47.228       10.182       30.704     0.013    4.00        0.150
  C      -48.412       10.301       31.626     0.012    4.00        0.150
  C      -46.746       11.648       30.196     0.002    4.00        0.150
  C      -47.737       12.108       29.144     0.005    4.00        0.150
  C      -46.486        8.185       31.867     0.241    4.00        0.150
 OA      -46.623        7.259       31.113    -0.271    3.20        0.200
  N      -46.552        8.041       33.159    -0.346    3.50        0.160
 HD      -46.368        8.864       33.693     0.163    2.00        0.000
  C      -46.948        6.844       33.912     0.180    4.00        0.150
  C      -46.022        6.565       35.141     0.013    4.00        0.150
  C      -46.444        5.218       35.767     0.012    4.00        0.150
  C      -44.553        6.619       34.764     0.002    4.00        0.150
  C      -44.234        5.625       33.707     0.005    4.00        0.150
  C      -48.416        6.883       34.324     0.241    4.00        0.150
 OA      -48.818        7.826       35.053    -0.271    3.20        0.200
  N      -49.233        5.979       33.833    -0.346    3.50        0.160
 HD      -48.840        5.222       33.315     0.163    2.00        0.000
  C      -50.614        6.068       34.171     0.180    4.00        0.150
  C      -51.407        6.537       32.908     0.073    4.00        0.150
  A      -52.870        6.795       33.095    -0.056    4.00        0.150
  A      -53.841        6.509       32.098     0.007    4.00        0.150
  A      -55.182        6.925       32.261     0.001    4.00        0.150
  A      -55.549        7.708       33.318     0.000    4.00        0.150
  A      -53.394        7.416       34.246     0.007    4.00        0.150
  A      -54.659        7.933       34.358     0.001    4.00        0.150
  C      -51.021        4.810       34.945     0.241    4.00        0.150
 OA      -50.763        3.668       34.511    -0.271    3.20        0.200
  N      -51.638        5.013       36.148    -0.346    3.50        0.160
 HD      -51.824        5.931       36.491     0.163    2.00        0.000
  C      -52.070        3.902       36.995     0.180    4.00        0.150
  C      -51.476        4.012       38.431     0.009    4.00        0.150
  C      -52.015        2.784       39.289     0.012    4.00        0.150
  C      -49.969        3.962       38.354     0.012    4.00        0.150
  C      -53.595        3.739       36.963     0.241    4.00        0.150
 OA      -54.358        4.654       37.292    -0.271    3.20        0.200
  N      -54.063        2.590       36.419    -0.346    3.50        0.160
 HD      -53.387        1.925       36.109     0.163    2.00        0.000
  C      -55.417        2.284       36.283     0.180    4.00        0.150
  C      -55.784        2.279       34.846     0.009    4.00        0.150
  C      -57.144        1.547       34.553     0.012    4.00        0.150
  C      -55.829        3.710       34.302     0.012    4.00        0.150
  C      -55.853        1.036       37.004     0.241    4.00        0.150
 OA      -55.350        0.006       36.760    -0.271    3.20        0.200
  N      -56.804        1.107       37.949    -0.345    3.50        0.160
 HD      -57.178        1.999       38.191     0.163    2.00        0.000
  C      -57.298       -0.071       38.678     0.186    4.00        0.150
  C      -57.713        0.287       40.123     0.147    4.00        0.150
  C      -56.525        0.635       40.997     0.175    4.00        0.150
 OA      -55.417        0.590       40.475    -0.648    3.20        0.200
 OA      -56.724        0.955       42.193    -0.648    3.20        0.200
  C      -58.434       -0.783       37.760     0.241    4.00        0.150
 OA      -59.472       -0.170       37.542    -0.271    3.20        0.200
  N      -58.206       -2.004       37.370    -0.344    3.50        0.160
 HD      -57.334       -2.356       37.703     0.163    2.00        0.000
  C      -59.065       -2.717       36.411     0.200    4.00        0.150
  C      -58.294       -3.868       35.709     0.199    4.00        0.150
 OA      -57.268       -3.235       34.977    -0.398    3.20        0.200
 HD      -56.863       -2.620       35.592     0.209    2.00        0.000
  C      -60.249       -3.315       37.119     0.243    4.00        0.150
 OA      -61.222       -3.753       36.485    -0.271    3.20        0.200
  N      -60.240       -3.283       38.473    -0.344    3.50        0.160
 HD      -59.420       -3.159       39.026     0.163    2.00        0.000
  C      -61.460       -3.679       39.197     0.200    4.00        0.150
  C      -60.999       -4.362       40.555     0.199    4.00        0.150
 OA      -60.310       -3.479       41.404    -0.398    3.20        0.200
 HD      -60.968       -3.052       41.958     0.209    2.00        0.000
  C      -62.442       -2.540       39.414     0.243    4.00        0.150
 OA      -63.466       -2.678       40.014    -0.271    3.20        0.200
  N      -62.116       -1.274       39.033    -0.345    3.50        0.160
 HD      -61.322       -1.082       38.460     0.163    2.00        0.000
  C      -62.769       -0.082       39.526     0.186    4.00        0.150
  C      -61.864        0.727       40.280     0.147    4.00        0.150
  C      -62.482        1.949       40.937     0.175    4.00        0.150
 OA      -63.698        1.884       41.211    -0.648    3.20        0.200
 OA      -61.693        2.830       41.366    -0.648    3.20        0.200
  C      -63.698        0.518       38.386     0.241    4.00        0.150
 OA      -63.296        1.446       37.677    -0.271    3.20        0.200
  N      -64.832       -0.239       38.163    -0.346    3.50        0.160
 HD      -64.989       -1.042       38.732     0.163    2.00        0.000
  C      -65.523       -0.226       36.853     0.180    4.00        0.150
  C      -66.493       -1.398       36.748     0.073    4.00        0.150
  A      -65.832       -2.676       37.043    -0.056    4.00        0.150
  A      -64.604       -3.052       36.390     0.010    4.00        0.150
  A      -64.121       -4.416       36.430     0.037    4.00        0.150
  A      -64.830       -5.336       37.234     0.065    4.00        0.150
 OA      -64.520       -6.683       37.339    -0.361    3.20        0.200
 HD      -65.318       -7.106       37.664     0.217    2.00        0.000
  A      -66.543       -3.665       37.697     0.010    4.00        0.150
  A      -65.971       -4.917       37.878     0.037    4.00        0.150
  C      -66.190        1.095       36.394     0.241    4.00        0.150
 OA      -66.129        1.575       35.230    -0.271    3.20        0.200
  N      -66.816        1.844       37.348    -0.346    3.50        0.160
 HD      -66.794        1.486       38.279     0.163    2.00        0.000
  C      -67.649        3.003       37.131     0.185    4.00        0.150
  C      -68.593        3.210       38.316     0.137    4.00        0.150
  C      -69.364        1.920       38.479     0.217    4.00        0.150
 OA      -69.197        1.223       39.489    -0.274    3.20        0.200
  N      -70.276        1.607       37.555    -0.370    3.50        0.160
 HD      -70.841        0.782       37.571     0.159    2.00        0.000
 HD      -70.281        2.095       36.682     0.159    2.00        0.000
  C      -66.844        4.310       37.126     0.241    4.00        0.150
 OA      -67.328        5.363       36.859    -0.271    3.20        0.200
  N      -65.509        4.188       37.384    -0.346    3.50        0.160
 HD      -65.165        3.293       37.654     0.163    2.00        0.000
  C      -64.479        5.147       37.156     0.176    4.00        0.150
  C      -63.597        5.151       38.454     0.036    4.00        0.150
  C      -64.311        5.573       39.787     0.023    4.00        0.150
  C      -63.368        6.043       40.948     0.138    4.00        0.150
  N      -62.896        7.393       40.432    -0.227    3.50        0.160
 HD      -63.383        7.574       39.577     0.177    2.00        0.000
  C      -62.624        8.426       41.218     0.665    4.00        0.150
  N      -62.252        8.236       42.491    -0.235    3.50        0.160
 HD      -61.973        7.277       42.465     0.174    2.00        0.000
 HD      -61.782        8.982       42.962     0.174    2.00        0.000
  N      -62.731        9.622       40.822    -0.235    3.50        0.160
 HD      -62.928        9.627       39.842     0.174    2.00        0.000
 HD      -62.338       10.361       41.370     0.174    2.00        0.000
  C      -63.503        4.851       36.039     0.241    4.00        0.150
 OA      -62.623        5.656       35.810    -0.271    3.20        0.200
  N      -63.701        3.767       35.193    -0.346    3.50        0.160
 HD      -64.523        3.221       35.331     0.163    2.00        0.000
  C      -62.903        3.366       33.959     0.177    4.00        0.150
  C      -63.307        1.963       33.374     0.038    4.00        0.150
  C      -62.278        1.333       32.369    -0.020    4.00        0.150
  C      -60.969        1.346       33.030     0.009    4.00        0.150
  C      -62.790       -0.089       32.045     0.009    4.00        0.150
  C      -62.998        4.467       32.854     0.241    4.00        0.150
 OA      -62.020        4.979       32.338    -0.271    3.20        0.200
  N      -64.241        5.019       32.652    -0.346    3.50        0.160
 HD      -64.971        4.619       33.202     0.163    2.00        0.000
  C      -64.534        6.102       31.816     0.177    4.00        0.150
  C      -66.041        6.294       31.640     0.044    4.00        0.150
  C      -66.517        7.376       30.677     0.105    4.00        0.150
  C      -65.941        7.228       29.272     0.215    4.00        0.150
 OA      -66.182        6.204       28.644    -0.274    3.20        0.200
  N      -65.102        8.172       28.833    -0.370    3.50        0.160
 HD      -64.823        8.834       29.529     0.159    2.00        0.000
 HD      -64.711        8.203       27.913     0.159    2.00        0.000
  C      -63.749        7.381       32.121     0.241    4.00        0.150
 OA      -63.296        8.054       31.236    -0.271    3.20        0.200
  N      -63.636        7.706       33.430    -0.346    3.50        0.160
 HD      -63.721        6.999       34.128     0.163    2.00        0.000
  C      -62.791        8.763       33.933     0.177    4.00        0.150
  C      -62.711        8.777       35.504     0.045    4.00        0.150
  C      -64.079        9.168       36.117     0.116    4.00        0.150
  C      -64.054        9.196       37.586     0.172    4.00        0.150
 OA      -63.314       10.031       38.159    -0.648    3.20        0.200
 OA      -64.718        8.317       38.273    -0.648    3.20        0.200
  C      -61.314        8.602       33.344     0.241    4.00        0.150
 OA      -60.635        9.515       32.940    -0.271    3.20        0.200
  N      -60.730        7.372       33.389    -0.346    3.50        0.160
 HD      -61.175        6.537       33.701     0.163    2.00        0.000
  C      -59.443        7.150       32.805     0.172    4.00        0.150
  C      -58.960        5.725       33.172     0.042    4.00        0.150
  C      -59.499        7.295       31.341     0.240    4.00        0.150
 OA      -58.578        7.810       30.740    -0.271    3.20        0.200
  N      -60.544        6.924       30.559    -0.346    3.50        0.160
 HD      -61.329        6.464       30.968     0.163    2.00        0.000
  C      -60.637        7.029       29.112     0.177    4.00        0.150
  C      -61.757        6.049       28.480     0.038    4.00        0.150
  C      -61.563        4.528       28.849    -0.020    4.00        0.150
  C      -62.833        3.659       28.660     0.009    4.00        0.150
  C      -60.361        3.872       28.262     0.009    4.00        0.150
  C      -60.748        8.481       28.652     0.241    4.00        0.150
 OA      -60.171        8.851       27.630    -0.271    3.20        0.200
  N      -61.512        9.357       29.404    -0.346    3.50        0.160
 HD      -62.254        8.964       29.940     0.163    2.00        0.000
  C      -61.450       10.818       29.305     0.185    4.00        0.150
  C      -62.517       11.425       30.342     0.137    4.00        0.150
  C      -63.975       11.091       30.140     0.217    4.00        0.150
 OA      -64.745       10.483       30.875    -0.274    3.20        0.200
  N      -64.367       11.329       28.894    -0.370    3.50        0.160
 HD      -65.258       11.024       28.559     0.159    2.00        0.000
 HD      -63.682       11.779       28.320     0.159    2.00        0.000
  C      -60.176       11.461       29.523     0.241    4.00        0.150
 OA      -59.728       12.261       28.753    -0.271    3.20        0.200
  N      -59.530       10.972       30.578    -0.346    3.50        0.160
 HD      -59.829       10.262       31.212     0.163    2.00        0.000
  C      -58.180       11.453       30.731     0.177    4.00        0.150
  C      -57.662       11.177       32.127     0.038    4.00        0.150
  C      -56.390       11.984       32.456    -0.020    4.00        0.150
  C      -56.497       13.550       32.446     0.009    4.00        0.150
  C      -55.782       11.546       33.806     0.009    4.00        0.150
  C      -57.209       10.970       29.687     0.241    4.00        0.150
 OA      -56.391       11.739       29.138    -0.271    3.20        0.200
  N      -57.204        9.630       29.381    -0.346    3.50        0.160
 HD      -57.891        9.024       29.774     0.163    2.00        0.000
  C      -56.262        9.104       28.436     0.180    4.00        0.150
  C      -56.433        7.561       28.348     0.073    4.00        0.150
  A      -55.448        6.890       27.367    -0.056    4.00        0.150
  A      -54.095        6.937       27.764     0.007    4.00        0.150
  A      -53.122        6.530       26.848     0.001    4.00        0.150
  A      -53.473        6.009       25.613     0.000    4.00        0.150
  A      -55.752        6.373       26.079     0.007    4.00        0.150
  A      -54.806        5.860       25.198     0.001    4.00        0.150
  C      -56.373        9.788       27.060     0.241    4.00        0.150
 OA      -55.394       10.101       26.402    -0.271    3.20        0.200
  N      -57.653       10.172       26.636    -0.346    3.50        0.160
 HD      -58.462        9.802       27.088     0.163    2.00        0.000
  C      -57.953       10.962       25.437     0.176    4.00        0.150
  C      -59.449       10.867       25.112     0.035    4.00        0.150
  C      -59.842       11.631       23.843     0.004    4.00        0.150
  C      -61.329       11.659       23.458     0.027    4.00        0.150
  C      -61.877       10.261       23.265     0.229    4.00        0.150
  N      -63.351       10.301       22.924    -0.079    3.50        0.160
 HD      -63.832       11.189       23.171     0.274    2.00        0.000
 HD      -63.788        9.454       23.341     0.274    2.00        0.000
 HD      -63.464       10.226       21.893     0.274    2.00        0.000
  C      -57.461       12.401       25.500     0.241    4.00        0.150
 OA      -56.966       12.987       24.527    -0.271    3.20        0.200
  N      -57.700       13.098       26.631    -0.344    3.50        0.160
 HD      -58.219       12.637       27.346     0.163    2.00        0.000
  C      -57.222       14.435       26.845     0.200    4.00        0.150
  C      -57.753       15.161       28.071     0.199    4.00        0.150
 OA      -59.128       15.472       27.993    -0.398    3.20        0.200
 HD      -59.473       15.345       28.880     0.209    2.00        0.000
  C      -55.682       14.511       26.857     0.243    4.00        0.150
 OA      -55.141       15.409       26.248    -0.271    3.20        0.200
  N      -54.996       13.514       27.453    -0.346    3.50        0.160
 HD      -55.512       12.770       27.872     0.163    2.00        0.000
  C      -53.523       13.424       27.301     0.180    4.00        0.150
  C      -52.915       12.263       28.219     0.013    4.00        0.150
  C      -51.413       12.135       27.974     0.012    4.00        0.150
  C      -53.180       12.544       29.747     0.002    4.00        0.150
  C      -52.551       13.874       30.213     0.005    4.00        0.150
  C      -53.137       13.144       25.834     0.241    4.00        0.150
 OA      -52.282       13.713       25.244    -0.271    3.20        0.200
  N      -53.857       12.270       25.114    -0.346    3.50        0.160
 HD      -54.668       11.876       25.540     0.163    2.00        0.000
  C      -53.373       11.778       23.804     0.181    4.00        0.150
  C      -53.889       10.304       23.602     0.075    4.00        0.150
  A      -53.253        9.481       22.477    -0.028    4.00        0.150
  A      -53.529        9.369       21.130     0.096    4.00        0.150
  N      -52.675        8.569       20.512    -0.365    3.50        0.160
 HD      -52.632        8.347       19.563     0.165    2.00        0.000
  A      -51.786        7.998       21.368     0.042    4.00        0.150
  A      -52.095        8.599       22.630    -0.002    4.00        0.150
  A      -51.390        8.205       23.728     0.014    4.00        0.150
  A      -50.282        7.366       23.530     0.001    4.00        0.150
  A      -50.744        7.088       21.198     0.030    4.00        0.150
  A      -49.921        6.815       22.309     0.002    4.00        0.150
  C      -53.840       12.602       22.659     0.241    4.00        0.150
 OA      -53.495       12.465       21.494    -0.271    3.20        0.200
  N      -54.701       13.557       22.921    -0.346    3.50        0.160
 HD      -55.070       13.617       23.844     0.163    2.00        0.000
  C      -55.143       14.519       21.965     0.185    4.00        0.150
  C      -56.788       14.487       21.760     0.137    4.00        0.150
  C      -57.406       13.318       20.971     0.217    4.00        0.150
 OA      -58.534       13.437       20.411    -0.274    3.20        0.200
  N      -56.721       12.096       20.990    -0.370    3.50        0.160
 HD      -57.140       11.339       20.488     0.159    2.00        0.000
 HD      -55.972       11.852       21.605     0.159    2.00        0.000
  C      -54.674       15.935       22.226     0.241    4.00        0.150
 OA      -55.147       16.863       21.596    -0.271    3.20        0.200
  N      -53.828       16.193       23.259    -0.346    3.50        0.160
 HD      -53.584       15.581       24.009     0.163    2.00        0.000
  C      -53.344       17.601       23.507     0.185    4.00        0.150
  C      -53.012       17.760       25.042     0.137    4.00        0.150
  C      -52.415       19.113       25.604     0.217    4.00        0.150
 OA      -51.214       19.404       25.566    -0.274    3.20        0.200
  N      -53.349       19.959       26.122    -0.370    3.50        0.160
 HD      -54.331       19.896       25.946     0.159    2.00        0.000
 HD      -52.947       20.649       26.725     0.159    2.00        0.000
  C      -52.131       17.914       22.624     0.241    4.00        0.150
 OA      -51.375       17.023       22.361    -0.271    3.20        0.200
  N      -51.938       19.143       22.242    -0.346    3.50        0.160
 HD      -52.679       19.796       22.375     0.163    2.00        0.000
  C      -50.821       19.750       21.534     0.176    4.00        0.150
  C      -50.958       21.254       21.581     0.036    4.00        0.150
  C      -49.778       22.037       20.949     0.023    4.00        0.150
  C      -49.896       23.610       20.996     0.138    4.00        0.150
  N      -48.659       24.266       20.493    -0.227    3.50        0.160
 HD      -47.817       23.728       20.524     0.177    2.00        0.000
  C      -48.556       25.483       19.932     0.665    4.00        0.150
  N      -49.606       26.258       19.724    -0.235    3.50        0.160
 HD      -50.487       26.003       20.122     0.174    2.00        0.000
 HD      -49.501       27.026       19.092     0.174    2.00        0.000
  N      -47.427       25.781       19.293    -0.235    3.50        0.160
 HD      -46.688       25.112       19.375     0.174    2.00        0.000
 HD      -47.345       26.704       18.917     0.174    2.00        0.000
  C      -49.461       19.445       22.044     0.241    4.00        0.150
 OA      -48.550       19.016       21.306    -0.271    3.20        0.200
  N      -49.300       19.614       23.337    -0.346    3.50        0.160
 HD      -50.039       19.803       23.981     0.163    2.00        0.000
  C      -47.930       19.627       23.882     0.181    4.00        0.150
  C      -47.823       20.528       25.118     0.075    4.00        0.150
  A      -48.261       21.929       24.697    -0.028    4.00        0.150
  A      -49.490       22.396       24.938     0.096    4.00        0.150
  N      -49.528       23.756       24.706    -0.365    3.50        0.160
 HD      -50.211       24.428       24.891     0.165    2.00        0.000
  A      -48.360       24.148       24.114     0.042    4.00        0.150
  A      -47.510       23.020       24.165    -0.002    4.00        0.150
  A      -46.140       23.226       23.763     0.014    4.00        0.150
  A      -45.711       24.418       23.196     0.001    4.00        0.150
  A      -48.027       25.327       23.393     0.030    4.00        0.150
  A      -46.673       25.441       23.071     0.002    4.00        0.150
  C      -47.567       18.279       24.437     0.241    4.00        0.150
 OA      -46.409       18.009       24.814    -0.271    3.20        0.200
  N      -48.592       17.394       24.519    -0.346    3.50        0.160
 HD      -49.504       17.612       24.181     0.163    2.00        0.000
  C      -48.354       16.081       25.047     0.177    4.00        0.150
  C      -49.248       15.813       26.287     0.038    4.00        0.150
  C      -49.497       16.857       27.381    -0.020    4.00        0.150
  C      -50.364       16.208       28.464     0.009    4.00        0.150
  C      -48.136       17.348       27.898     0.009    4.00        0.150
  C      -48.612       15.039       23.963     0.241    4.00        0.150
 OA      -48.449       13.852       24.192    -0.271    3.20        0.200
  N      -48.729       15.512       22.694    -0.346    3.50        0.160
 HD      -48.963       16.480       22.670     0.163    2.00        0.000
  C      -48.770       14.901       21.397     0.176    4.00        0.150
  C      -48.707       16.069       20.461     0.036    4.00        0.150
  C      -48.656       15.636       18.961     0.023    4.00        0.150
  C      -49.149       16.653       17.939     0.138    4.00        0.150
  N      -48.884       16.060       16.620    -0.227    3.50        0.160
 HD      -48.233       15.303       16.563     0.177    2.00        0.000
  C      -49.652       16.312       15.564     0.665    4.00        0.150
  N      -50.235       17.495       15.267    -0.235    3.50        0.160
 HD      -50.127       18.140       16.023     0.174    2.00        0.000
 HD      -50.885       17.528       14.507     0.174    2.00        0.000
  N      -49.719       15.320       14.677    -0.235    3.50        0.160
 HD      -49.608       14.417       15.090     0.174    2.00        0.000
 HD      -50.178       15.494       13.805     0.174    2.00        0.000
  C      -47.747       13.904       21.027     0.241    4.00        0.150
 OA      -48.012       12.992       20.258    -0.271    3.20        0.200
  N      -46.478       14.008       21.523    -0.344    3.50        0.160
 HD      -46.290       14.830       22.055     0.163    2.00        0.000
  C      -45.415       13.097       21.181     0.205    4.00        0.150
  C      -44.215       13.796       20.595     0.146    4.00        0.150
 OA      -43.730       14.833       21.408    -0.393    3.20        0.200
 HD      -42.901       14.534       21.789     0.210    2.00        0.000
  C      -44.781       14.530       19.372     0.042    4.00        0.150
  C      -44.952       12.290       22.318     0.243    4.00        0.150
 OA      -43.991       11.570       22.128    -0.271    3.20        0.200
  N      -45.727       12.382       23.442    -0.346    3.50        0.160
 HD      -46.410       13.092       23.593     0.163    2.00        0.000
  C      -45.240       11.695       24.659     0.180    4.00        0.150
  C      -45.460       12.469       25.957     0.013    4.00        0.150
  C      -44.363       12.003       26.935     0.012    4.00        0.150
  C      -45.357       14.023       25.715     0.002    4.00        0.150
  C      -45.389       14.785       27.011     0.005    4.00        0.150
  C      -45.698       10.250       24.707     0.241    4.00        0.150
 OA      -46.887        9.987       24.518    -0.271    3.20        0.200
  N      -44.840        9.321       24.961    -0.344    3.50        0.160
 HD      -43.890        9.611       25.043     0.163    2.00        0.000
  C      -45.131        7.871       25.249     0.200    4.00        0.150
  C      -43.917        6.848       25.057     0.199    4.00        0.150
 OA      -43.617        6.880       23.629    -0.398    3.20        0.200
 HD      -43.017        7.597       23.409     0.209    2.00        0.000
  C      -45.672        7.615       26.629     0.243    4.00        0.150
 OA      -45.490        8.367       27.634    -0.271    3.20        0.200
  N      -46.652        6.649       26.663    -0.346    3.50        0.160
 HD      -46.811        6.014       25.911     0.163    2.00        0.000
  C      -47.366        6.365       27.903     0.180    4.00        0.150
  C      -48.872        6.596       27.804     0.009    4.00        0.150
  C      -49.481        6.253       29.226     0.012    4.00        0.150
  C      -49.155        8.115       27.480     0.012    4.00        0.150
  C      -47.073        4.922       28.292     0.241    4.00        0.150
 OA      -47.257        4.055       27.448    -0.271    3.20        0.200
  N      -46.660        4.760       29.549    -0.346    3.50        0.160
 HD      -46.595        5.570       30.125     0.163    2.00        0.000
  C      -46.573        3.493       30.218     0.180    4.00        0.150
  C      -45.253        3.388       30.941     0.013    4.00        0.150
  C      -45.196        1.972       31.635     0.012    4.00        0.150
  C      -44.029        3.738       30.053     0.002    4.00        0.150
  C      -42.734        3.766       30.852     0.005    4.00        0.150
  C      -47.733        3.302       31.133     0.241    4.00        0.150
 OA      -47.861        4.122       32.086    -0.271    3.20        0.200
  N      -48.632        2.297       30.927    -0.346    3.50        0.160
 HD      -48.433        1.575       30.268     0.163    2.00        0.000
  C      -49.963        2.155       31.444     0.177    4.00        0.150
  C      -50.909        2.131       30.189     0.038    4.00        0.150
  C      -52.432        1.559       30.455    -0.020    4.00        0.150
  C      -53.016        2.423       31.624     0.009    4.00        0.150
  C      -53.299        1.564       29.187     0.009    4.00        0.150
  C      -50.055        0.937       32.221     0.241    4.00        0.150
 OA      -49.991       -0.209       31.800    -0.271    3.20        0.200
  N      -50.292        1.119       33.492    -0.346    3.50        0.160
 HD      -50.314        2.065       33.807     0.163    2.00        0.000
  C      -50.377        0.048       34.479     0.180    4.00        0.150
  C      -49.353        0.314       35.641     0.073    4.00        0.150
  A      -47.887        0.430       35.300    -0.056    4.00        0.150
  A      -47.202       -0.581       34.508     0.007    4.00        0.150
  A      -45.835       -0.526       34.244     0.001    4.00        0.150
  A      -45.084        0.391       34.990     0.000    4.00        0.150
  A      -47.165        1.421       35.881     0.007    4.00        0.150
  A      -45.793        1.403       35.715     0.001    4.00        0.150
  C      -51.816       -0.358       34.824     0.241    4.00        0.150
 OA      -52.602        0.349       35.472    -0.271    3.20        0.200
  N      -52.245       -1.519       34.249    -0.346    3.50        0.160
 HD      -51.670       -2.171       33.760     0.163    2.00        0.000
  C      -53.479       -2.078       34.484     0.177    4.00        0.150
  C      -54.067       -2.798       33.236     0.038    4.00        0.150
  C      -54.082       -1.897       31.906    -0.020    4.00        0.150
  C      -54.759       -2.786       30.838     0.009    4.00        0.150
  C      -54.903       -0.581       31.970     0.009    4.00        0.150
  C      -53.320       -2.930       35.771     0.241    4.00        0.150
 OA      -52.748       -3.946       35.782    -0.271    3.20        0.200
  N      -53.798       -2.295       36.817    -0.346    3.50        0.160
 HD      -54.222       -1.406       36.667     0.163    2.00        0.000
  C      -53.419       -2.729       38.112     0.185    4.00        0.150
  C      -52.962       -1.465       38.905     0.137    4.00        0.150
  C      -52.578       -1.769       40.342     0.217    4.00        0.150
 OA      -52.085       -2.864       40.664    -0.274    3.20        0.200
  N      -52.646       -0.741       41.184    -0.370    3.50        0.160
 HD      -52.245       -0.721       42.099     0.159    2.00        0.000
 HD      -53.359       -0.089       40.927     0.159    2.00        0.000
  C      -54.618       -3.378       38.749     0.241    4.00        0.150
 OA      -55.773       -3.312       38.216    -0.271    3.20        0.200
  N      -54.414       -4.096       39.881    -0.346    3.50        0.160
 HD      -53.507       -4.252       40.261     0.163    2.00        0.000
  C      -55.434       -4.750       40.620     0.176    4.00        0.150
  C      -56.650       -3.794       41.029     0.035    4.00        0.150
  C      -56.209       -2.511       41.660     0.004    4.00        0.150
  C      -55.445       -2.754       42.988     0.027    4.00        0.150
  C      -55.149       -1.603       43.890     0.229    4.00        0.150
  N      -56.309       -0.735       44.163    -0.079    3.50        0.160
 HD      -56.487       -0.263       43.253     0.274    2.00        0.000
 HD      -56.108        0.016       44.854     0.274    2.00        0.000
 HD      -57.180       -1.263       44.371     0.274    2.00        0.000
  C      -55.860       -6.017       39.902     0.241    4.00        0.150
 OA      -57.034       -6.393       39.969    -0.271    3.20        0.200
  N      -54.941       -6.866       39.369    -0.346    3.50        0.160
 HD      -53.962       -6.754       39.517     0.163    2.00        0.000
  C      -55.296       -8.100       38.593     0.177    4.00        0.150
  C      -54.165       -8.529       37.650     0.044    4.00        0.150
  C      -53.943       -7.562       36.461     0.105    4.00        0.150
  C      -55.161       -7.252       35.648     0.215    4.00        0.150
 OA      -55.805       -8.173       35.155    -0.274    3.20        0.200
  N      -55.478       -5.952       35.427    -0.370    3.50        0.160
 HD      -54.853       -5.238       35.742     0.159    2.00        0.000
 HD      -56.354       -5.709       35.009     0.159    2.00        0.000
  C      -55.744       -9.315       39.382     0.241    4.00        0.150
 OA      -56.421      -10.197       38.831    -0.271    3.20        0.200
  N      -55.463       -9.392       40.671    -0.346    3.50        0.160
 HD      -54.891       -8.727       41.145     0.163    2.00        0.000
  C      -56.000      -10.405       41.580     0.186    4.00        0.150
  C      -54.920      -10.710       42.644     0.147    4.00        0.150
  C      -54.611       -9.579       43.558     0.175    4.00        0.150
 OA      -54.945       -8.385       43.297    -0.648    3.20        0.200
 OA      -53.932       -9.856       44.602    -0.648    3.20        0.200
  C      -57.373      -10.106       42.187     0.241    4.00        0.150
 OA      -58.136      -10.930       42.632    -0.271    3.20        0.200
  N      -57.764       -8.836       42.031    -0.346    3.50        0.160
 HD      -57.138       -8.209       41.574     0.163    2.00        0.000
  C      -58.899       -8.327       42.806     0.177    4.00        0.150
  C      -58.594       -6.963       43.367     0.038    4.00        0.150
  C      -59.724       -6.154       44.053    -0.020    4.00        0.150
  C      -60.490       -6.888       45.185     0.009    4.00        0.150
  C      -59.215       -4.831       44.595     0.009    4.00        0.150
  C      -60.000       -8.191       41.715     0.241    4.00        0.150
 OA      -61.148       -8.524       42.066    -0.271    3.20        0.200
  N      -59.638       -7.901       40.477    -0.346    3.50        0.160
 HD      -58.681       -7.712       40.275     0.163    2.00        0.000
  C      -60.431       -8.086       39.278     0.177    4.00        0.150
  C      -59.649       -7.844       37.901     0.038    4.00        0.150
  C      -60.372       -8.227       36.640    -0.020    4.00        0.150
  C      -61.631       -7.394       36.364     0.009    4.00        0.150
  C      -59.377       -8.180       35.477     0.009    4.00        0.150
  C      -60.951       -9.536       39.261     0.241    4.00        0.150
 OA      -62.129       -9.846       39.184    -0.271    3.20        0.200
  N      -59.940      -10.490       39.528    -0.346    3.50        0.160
 HD      -59.015      -10.194       39.752     0.163    2.00        0.000
  C      -60.262      -11.953       39.497     0.172    4.00        0.150
  C      -58.955      -12.799       39.720     0.042    4.00        0.150
  C      -61.340      -12.417       40.600     0.240    4.00        0.150
 OA      -62.164      -13.236       40.419    -0.271    3.20        0.200
  N      -61.228      -11.891       41.808    -0.346    3.50        0.160
 HD      -60.521      -11.225       42.035     0.163    2.00        0.000
  C      -62.151      -12.035       42.920     0.177    4.00        0.150
  C      -61.487      -11.692       44.242     0.045    4.00        0.150
  C      -62.305      -12.203       45.462     0.116    4.00        0.150
  C      -61.579      -11.875       46.738     0.172    4.00        0.150
 OA      -61.476      -10.693       47.147    -0.648    3.20        0.200
 OA      -61.220      -12.838       47.374    -0.648    3.20        0.200
  C      -63.563      -11.481       42.720     0.241    4.00        0.150
 OA      -64.615      -12.134       42.961    -0.271    3.20        0.200
  N      -63.575      -10.270       42.155    -0.346    3.50        0.160
 HD      -62.678       -9.889       41.946     0.163    2.00        0.000
  C      -64.766       -9.547       41.809     0.176    4.00        0.150
  C      -64.342       -8.055       41.658     0.035    4.00        0.150
  C      -65.464       -7.023       41.596     0.004    4.00        0.150
  C      -64.869       -5.648       41.522     0.027    4.00        0.150
  C      -65.995       -4.610       41.572     0.229    4.00        0.150
  N      -65.454       -3.308       41.809    -0.079    3.50        0.160
 HD      -66.243       -2.631       41.798     0.274    2.00        0.000
 HD      -64.719       -3.023       41.132     0.274    2.00        0.000
 HD      -64.966       -3.284       42.727     0.274    2.00        0.000
  C      -65.528      -10.170       40.621     0.241    4.00        0.150
 OA      -66.719      -10.358       40.697    -0.271    3.20        0.200
  N      -64.896      -10.540       39.496    -0.346    3.50        0.160
 HD      -63.969      -10.188       39.400     0.163    2.00        0.000
  C      -65.526      -11.259       38.333     0.180    4.00        0.150
  C      -64.407      -11.251       37.335     0.009    4.00        0.150
  C      -64.767      -12.098       36.176     0.012    4.00        0.150
  C      -64.175       -9.807       36.852     0.012    4.00        0.150
  C      -66.074      -12.664       38.754     0.241    4.00        0.150
 OA      -67.226      -13.076       38.459    -0.271    3.20        0.200
  N      -65.274      -13.423       39.491    -0.346    3.50        0.160
 HD      -64.374      -13.114       39.788     0.163    2.00        0.000
  C      -65.629      -14.774       39.848     0.177    4.00        0.150
  C      -64.293      -15.600       40.023     0.038    4.00        0.150
  C      -63.438      -15.747       38.792    -0.020    4.00        0.150
  C      -62.134      -16.437       39.105     0.009    4.00        0.150
  C      -64.149      -16.222       37.545     0.009    4.00        0.150
  C      -66.532      -15.045       41.009     0.241    4.00        0.150
 OA      -66.977      -16.206       41.164    -0.271    3.20        0.200
  N      -66.678      -14.098       41.944    -0.346    3.50        0.160
 HD      -66.065      -13.316       41.858     0.163    2.00        0.000
  C      -67.617      -14.235       43.049     0.172    4.00        0.150
  C      -66.879      -14.877       44.264     0.042    4.00        0.150
  C      -68.048      -12.794       43.356     0.240    4.00        0.150
 OA      -68.700      -12.179       42.562    -0.271    3.20        0.200
  N      -67.598      -12.283       44.521    -0.351    3.50        0.160
 HD      -66.948      -12.775       45.096     0.163    2.00        0.000
  C      -67.785      -10.835       44.841     0.225    4.00        0.150
  C      -69.073       -9.999       44.566     0.236    4.00        0.150
 OA      -70.055      -10.605       44.168    -0.272    3.20        0.200
  N      -69.072       -8.652       44.758    -0.346    3.50        0.160
 HD      -68.241       -8.265       45.149     0.163    2.00        0.000
  C      -70.224       -7.781       44.318     0.176    4.00        0.150
  C      -70.867       -7.028       45.550     0.035    4.00        0.150
  C      -71.453       -7.976       46.606     0.004    4.00        0.150
  C      -72.821       -8.534       46.191     0.027    4.00        0.150
  C      -73.560       -9.401       47.213     0.229    4.00        0.150
  N      -74.791      -10.011       46.564    -0.079    3.50        0.160
 HD      -74.661      -11.033       46.429     0.274    2.00        0.000
 HD      -74.944       -9.594       45.624     0.274    2.00        0.000
 HD      -75.698       -9.896       47.062     0.274    2.00        0.000
  C      -69.727       -6.792       43.225     0.241    4.00        0.150
 OA      -68.614       -6.210       43.347    -0.271    3.20        0.200
  N      -70.658       -6.594       42.243    -0.344    3.50        0.160
 HD      -71.579       -6.970       42.297     0.163    2.00        0.000
  C      -70.382       -5.872       41.053     0.200    4.00        0.150
  C      -69.695       -4.443       41.167     0.199    4.00        0.150
 OA      -69.645       -3.878       39.859    -0.398    3.20        0.200
 HD      -69.795       -2.948       40.047     0.209    2.00        0.000
  C      -69.802       -6.776       39.916     0.243    4.00        0.150
 OA      -68.754       -7.397       39.871    -0.271    3.20        0.200
  N      -70.513       -6.711       38.770    -0.346    3.50        0.160
 HD      -71.137       -5.968       38.540     0.163    2.00        0.000
  C      -70.329       -7.622       37.657     0.176    4.00        0.150
  C      -71.687       -8.367       37.360     0.035    4.00        0.150
  C      -72.281       -9.090       38.583     0.004    4.00        0.150
  C      -73.338      -10.198       38.286     0.027    4.00        0.150
  C      -74.453       -9.704       37.315     0.229    4.00        0.150
  N      -75.360       -8.680       37.791    -0.079    3.50        0.160
 HD      -75.408       -7.919       37.084     0.274    2.00        0.000
 HD      -75.377       -8.399       38.792     0.274    2.00        0.000
 HD      -76.292       -9.140       37.754     0.274    2.00        0.000
  C      -69.959       -6.667       36.538     0.241    4.00        0.150
 OA      -70.767       -5.853       36.102    -0.271    3.20        0.200
  N      -68.804       -6.826       35.876    -0.346    3.50        0.160
 HD      -68.250       -7.599       36.176     0.163    2.00        0.000
  C      -68.424       -6.052       34.663     0.180    4.00        0.150
  C      -67.005       -6.525       34.272     0.013    4.00        0.150
  C      -66.867       -8.092       34.074     0.012    4.00        0.150
  C      -66.316       -5.772       33.133     0.002    4.00        0.150
  C      -64.856       -6.091       32.982     0.005    4.00        0.150
  C      -69.349       -6.136       33.461     0.241    4.00        0.150
 OA      -69.481       -5.199       32.684    -0.271    3.20        0.200
  N      -70.089       -7.292       33.301    -0.346    3.50        0.160
 HD      -70.010       -8.041       33.955     0.163    2.00        0.000
  C      -71.147       -7.640       32.289     0.177    4.00        0.150
  C      -71.546       -9.094       32.556     0.045    4.00        0.150
  C      -70.402      -10.034       32.188     0.116    4.00        0.150
  C      -70.596      -11.498       32.786     0.172    4.00        0.150
 OA      -71.145      -12.416       32.123    -0.648    3.20        0.200
 OA      -70.032      -11.697       33.876    -0.648    3.20        0.200
  C      -72.368       -6.714       32.296     0.241    4.00        0.150
 OA      -73.015       -6.479       31.281    -0.271    3.20        0.200
  N      -72.693       -6.211       33.571    -0.346    3.50        0.160
 HD      -72.123       -6.558       34.312     0.163    2.00        0.000
  C      -73.750       -5.283       33.846     0.186    4.00        0.150
  C      -73.837       -4.877       35.316     0.147    4.00        0.150
  C      -74.554       -5.974       36.196     0.175    4.00        0.150
 OA      -74.669       -5.667       37.379    -0.648    3.20        0.200
 OA      -74.920       -7.033       35.639    -0.648    3.20        0.200
  C      -73.601       -3.937       33.019     0.241    4.00        0.150
 OA      -74.538       -3.491       32.454    -0.271    3.20        0.200
  N      -72.371       -3.363       33.011    -0.346    3.50        0.160
 HD      -71.597       -3.895       33.344     0.163    2.00        0.000
  C      -72.102       -1.961       32.732     0.180    4.00        0.150
  C      -70.991       -1.400       33.722     0.073    4.00        0.150
  A      -71.486       -1.392       35.193    -0.056    4.00        0.150
  A      -70.969       -2.395       36.058     0.010    4.00        0.150
  A      -71.407       -2.441       37.372     0.037    4.00        0.150
  A      -72.361       -1.570       37.829     0.065    4.00        0.150
 OA      -72.752       -1.673       39.180    -0.361    3.20        0.200
 HD      -72.446       -2.529       39.488     0.217    2.00        0.000
  A      -72.417       -0.479       35.637     0.010    4.00        0.150
  A      -72.856       -0.567       36.946     0.037    4.00        0.150
  C      -71.500       -1.683       31.365     0.241    4.00        0.150
 OA      -71.426       -0.530       30.889    -0.271    3.20        0.200
  N      -71.034       -2.753       30.668    -0.346    3.50        0.160
 HD      -71.122       -3.675       31.037     0.163    2.00        0.000
  C      -70.348       -2.572       29.393     0.181    4.00        0.150
  C      -68.831       -2.885       29.494     0.073    4.00        0.150
  A      -67.974       -1.772       30.084    -0.056    4.00        0.150
  A      -67.613       -0.685       29.270     0.007    4.00        0.150
  A      -66.841        0.360       29.815     0.001    4.00        0.150
  A      -66.384        0.223       31.149     0.000    4.00        0.150
  A      -67.534       -1.834       31.446     0.007    4.00        0.150
  A      -66.769       -0.827       31.958     0.001    4.00        0.150
  C      -70.972       -3.374       28.181     0.243    4.00        0.150
 OA      -70.460       -4.463       27.876    -0.271    3.20        0.200
  N      -72.029       -2.870       27.473    -0.337    3.50        0.160
  C      -72.935       -1.765       27.975     0.127    4.00        0.150
  C      -72.599       -3.465       26.213     0.179    4.00        0.150
  C      -73.589       -2.390       25.684     0.037    4.00        0.150
  C      -73.964       -1.502       26.942     0.022    4.00        0.150
  C      -71.685       -4.087       25.196     0.241    4.00        0.150
 OA      -71.971       -5.151       24.603    -0.271    3.20        0.200
  N      -70.548       -3.478       24.907    -0.346    3.50        0.160
 HD      -70.341       -2.551       25.205     0.163    2.00        0.000
  C      -69.543       -4.043       23.989     0.177    4.00        0.150
  C      -68.588       -2.881       23.453     0.045    4.00        0.150
  C      -69.345       -1.737       22.629     0.116    4.00        0.150
  C      -68.492       -0.576       22.210     0.172    4.00        0.150
 OA      -68.699       -0.027       21.097    -0.648    3.20        0.200
 OA      -67.611       -0.172       23.000    -0.648    3.20        0.200
  C      -68.687       -5.191       24.540     0.241    4.00        0.150
 OA      -68.108       -5.927       23.724    -0.271    3.20        0.200
  N      -68.596       -5.588       25.850    -0.346    3.50        0.160
 HD      -68.871       -4.950       26.564     0.163    2.00        0.000
  C      -68.023       -6.803       26.378     0.180    4.00        0.150
  C      -68.125       -6.758       27.930     0.073    4.00        0.150
  A      -67.407       -7.958       28.611    -0.056    4.00        0.150
  A      -66.093       -8.393       28.208     0.007    4.00        0.150
  A      -65.488       -9.440       28.895     0.001    4.00        0.150
  A      -66.009       -9.999       30.036     0.000    4.00        0.150
  A      -67.945       -8.474       29.832     0.007    4.00        0.150
  A      -67.277       -9.558       30.454     0.001    4.00        0.150
  C      -68.641       -8.050       25.847     0.241    4.00        0.150
 OA      -67.978       -9.073       25.578    -0.271    3.20        0.200
  N      -70.016       -8.054       25.613    -0.346    3.50        0.160
 HD      -70.613       -7.274       25.784     0.163    2.00        0.000
  C      -70.724       -9.141       24.991     0.172    4.00        0.150
  C      -72.195       -8.558       25.014     0.042    4.00        0.150
  C      -70.321       -9.445       23.566     0.240    4.00        0.150
 OA      -70.445      -10.661       23.174    -0.271    3.20        0.200
  N      -69.729       -8.527       22.850    -0.346    3.50        0.160
 HD      -69.420       -7.670       23.255     0.163    2.00        0.000
  C      -69.403       -8.530       21.481     0.176    4.00        0.150
  C      -69.800       -7.171       20.851     0.036    4.00        0.150
  C      -71.080       -6.495       21.446     0.023    4.00        0.150
  C      -71.494       -5.294       20.593     0.138    4.00        0.150
  N      -72.789       -4.810       21.154    -0.227    3.50        0.160
 HD      -73.174       -5.342       21.907     0.177    2.00        0.000
  C      -73.009       -3.510       21.317     0.665    4.00        0.150
  N      -72.502       -2.563       20.624    -0.235    3.50        0.160
 HD      -71.975       -2.688       19.783     0.174    2.00        0.000
 HD      -72.911       -1.651       20.636     0.174    2.00        0.000
  N      -73.946       -3.209       22.128    -0.235    3.50        0.160
 HD      -74.541       -3.969       22.390     0.174    2.00        0.000
 HD      -74.197       -2.254       22.287     0.174    2.00        0.000
  C      -67.958       -8.716       21.288     0.241    4.00        0.150
 OA      -67.434       -8.622       20.166    -0.271    3.20        0.200
  N      -67.289       -9.060       22.416    -0.346    3.50        0.160
 HD      -67.836       -9.243       23.229     0.163    2.00        0.000
  C      -65.859       -9.204       22.498     0.180    4.00        0.150
  C      -65.396       -8.411       23.803     0.073    4.00        0.150
  A      -63.890       -8.373       23.843    -0.056    4.00        0.150
  A      -63.350       -9.164       24.854     0.010    4.00        0.150
  A      -61.903       -9.166       24.942     0.037    4.00        0.150
  A      -61.087       -8.314       24.037     0.065    4.00        0.150
 OA      -59.625       -8.273       24.169    -0.361    3.20        0.200
 HD      -59.320       -7.479       23.724     0.217    2.00        0.000
  A      -63.128       -7.546       22.970     0.010    4.00        0.150
  A      -61.742       -7.577       23.112     0.037    4.00        0.150
  C      -65.501      -10.664       22.611     0.241    4.00        0.150
 OA      -66.073      -11.439       23.393    -0.271    3.20        0.200
  N      -64.460      -11.090       21.843    -0.344    3.50        0.160
 HD      -64.106      -10.407       21.208     0.163    2.00        0.000
  C      -63.792      -12.381       21.989     0.205    4.00        0.150
  C      -63.394      -13.067       20.670     0.146    4.00        0.150
 OA      -63.011      -14.448       20.739    -0.393    3.20        0.200
 HD      -63.715      -14.962       21.140     0.210    2.00        0.000
  C      -62.289      -12.341       19.916     0.042    4.00        0.150
  C      -62.583      -12.317       22.904     0.243    4.00        0.150
 OA      -61.774      -11.379       22.876    -0.271    3.20        0.200
  N      -62.329      -13.469       23.677    -0.344    3.50        0.160
 HD      -63.087      -14.101       23.818     0.163    2.00        0.000
  C      -61.009      -13.693       24.368     0.205    4.00        0.150
  C      -61.034      -15.045       25.177     0.146    4.00        0.150
 OA      -62.238      -15.101       25.868    -0.393    3.20        0.200
 HD      -62.915      -15.528       25.338     0.210    2.00        0.000
  C      -59.874      -15.058       26.113     0.042    4.00        0.150
  C      -59.879      -13.811       23.304     0.245    4.00        0.150
 OA      -60.042      -14.540       22.373    -0.271    3.20        0.200
  N      -58.700      -13.128       23.412    -0.337    3.50        0.160
  C      -58.630      -11.851       24.031     0.127    4.00        0.150
  C      -57.569      -13.362       22.539     0.179    4.00        0.150
  C      -56.496      -12.402       23.169     0.037    4.00        0.150
  C      -57.296      -11.195       23.534     0.022    4.00        0.150
  C      -57.065      -14.825       22.362     0.241    4.00        0.150
 OA      -56.938      -15.648       23.322    -0.271    3.20        0.200
  N      -56.660      -15.183       21.125    -0.346    3.50        0.160
 HD      -56.425      -14.445       20.497     0.163    2.00        0.000
  C      -56.371      -16.559       20.728     0.177    4.00        0.150
  C      -56.304      -16.620       19.198     0.045    4.00        0.150
  C      -55.919      -17.933       18.538     0.116    4.00        0.150
  C      -55.551      -17.925       17.074     0.172    4.00        0.150
 OA      -56.454      -18.014       16.178    -0.648    3.20        0.200
 OA      -54.354      -17.765       16.751    -0.648    3.20        0.200
  C      -55.534      -17.503       21.535     0.241    4.00        0.150
 OA      -55.824      -18.580       22.045    -0.271    3.20        0.200
  N      -54.331      -17.069       21.822    -0.346    3.50        0.160
 HD      -54.035      -16.131       21.659     0.163    2.00        0.000
  C      -53.292      -17.769       22.499     0.186    4.00        0.150
  C      -51.874      -17.098       22.279     0.147    4.00        0.150
  C      -51.599      -16.802       20.800     0.175    4.00        0.150
 OA      -51.188      -15.725       20.456    -0.648    3.20        0.200
 OA      -51.757      -17.722       19.995    -0.648    3.20        0.200
  C      -53.579      -17.835       24.010     0.241    4.00        0.150
 OA      -53.010      -18.645       24.750    -0.271    3.20        0.200
  N      -54.360      -16.888       24.532    -0.346    3.50        0.160
 HD      -54.731      -16.114       24.024     0.163    2.00        0.000
  C      -54.790      -16.991       25.897     0.172    4.00        0.150
  C      -55.126      -15.556       26.374     0.042    4.00        0.150
  C      -56.109      -17.758       26.102     0.240    4.00        0.150
 OA      -56.516      -17.931       27.243    -0.271    3.20        0.200
  N      -56.870      -18.001       25.060    -0.344    3.50        0.160
 HD      -56.638      -17.653       24.154     0.163    2.00        0.000
  C      -58.206      -18.651       25.148     0.205    4.00        0.150
  C      -58.870      -18.633       23.798     0.146    4.00        0.150
 OA      -59.151      -17.237       23.335    -0.393    3.20        0.200
 HD      -58.343      -16.719       23.372     0.210    2.00        0.000
  C      -60.197      -19.388       23.623     0.042    4.00        0.150
  C      -58.262      -20.049       25.780     0.245    4.00        0.150
 OA      -59.122      -20.186       26.701    -0.271    3.20        0.200
  N      -57.451      -21.050       25.468    -0.337    3.50        0.160
  C      -56.433      -21.033       24.398     0.127    4.00        0.150
  C      -57.855      -22.399       25.805     0.179    4.00        0.150
  C      -57.439      -23.333       24.622     0.037    4.00        0.150
  C      -56.368      -22.519       23.841     0.022    4.00        0.150
  C      -57.072      -22.693       27.045     0.241    4.00        0.150
 OA      -57.138      -23.847       27.538    -0.271    3.20        0.200
  N      -56.355      -21.712       27.611    -0.346    3.50        0.160
 HD      -56.321      -20.795       27.220     0.163    2.00        0.000
  C      -55.391      -21.892       28.734     0.177    4.00        0.150
  C      -54.425      -20.790       28.937     0.045    4.00        0.150
  C      -53.178      -20.776       28.082     0.116    4.00        0.150
  C      -52.291      -19.519       28.307     0.172    4.00        0.150
 OA      -52.735      -18.521       28.992    -0.648    3.20        0.200
 OA      -51.087      -19.493       27.994    -0.648    3.20        0.200
  C      -56.072      -22.339       30.012     0.243    4.00        0.150
 OA      -55.581      -23.316       30.545    -0.271    3.20        0.200
  N      -57.117      -21.682       30.559    -0.337    3.50        0.160
  C      -57.717      -20.389       30.057     0.127    4.00        0.150
  C      -57.694      -21.982       31.899     0.179    4.00        0.150
  C      -58.271      -20.668       32.355     0.037    4.00        0.150
  C      -58.676      -19.800       31.125     0.022    4.00        0.150
  C      -58.735      -23.140       31.914     0.241    4.00        0.150
 OA      -59.275      -23.466       30.895    -0.271    3.20        0.200
  N      -58.911      -23.804       33.097    -0.351    3.50        0.160
 HD      -58.431      -23.580       33.941     0.163    2.00        0.000
  C      -59.775      -24.965       33.389     0.225    4.00        0.150
  C      -61.234      -24.725       33.432     0.236    4.00        0.150
 OA      -62.137      -25.375       32.858    -0.272    3.20        0.200
  N      -61.506      -23.577       33.996    -0.346    3.50        0.160
 HD      -60.805      -23.074       34.495     0.163    2.00        0.000
  C      -62.825      -22.878       34.076     0.177    4.00        0.150
  C      -63.034      -22.192       35.457     0.045    4.00        0.150
  C      -63.071      -23.157       36.711     0.116    4.00        0.150
  C      -61.841      -23.118       37.570     0.172    4.00        0.150
 OA      -61.220      -24.194       37.814    -0.648    3.20        0.200
 OA      -61.356      -22.014       37.986    -0.648    3.20        0.200
  C      -63.038      -22.057       32.839     0.241    4.00        0.150
 OA      -62.207      -21.972       31.932    -0.271    3.20        0.200
  N      -64.227      -21.419       32.734    -0.346    3.50        0.160
 HD      -64.912      -21.603       33.434     0.163    2.00        0.000
  C      -64.683      -20.420       31.686     0.186    4.00        0.150
  C      -66.191      -19.945       31.766     0.147    4.00        0.150
  C      -67.077      -21.106       31.478     0.175    4.00        0.150
 OA      -66.574      -22.061       30.801    -0.648    3.20        0.200
 OA      -68.261      -21.084       31.895    -0.648    3.20        0.200
  C      -63.767      -19.181       31.867     0.243    4.00        0.150
 OA      -63.331      -18.863       32.953    -0.271    3.20        0.200
  N      -63.292      -18.467       30.775    -0.337    3.50        0.160
  C      -63.537      -18.898       29.429     0.127    4.00        0.150
  C      -62.070      -17.664       30.874     0.179    4.00        0.150
  C      -61.523      -17.707       29.425     0.037    4.00        0.150
  C      -62.768      -17.924       28.560     0.022    4.00        0.150
  C      -62.441      -16.255       31.339     0.241    4.00        0.150
 OA      -61.792      -15.351       30.881    -0.271    3.20        0.200
  N      -63.453      -16.016       32.122    -0.346    3.50        0.160
 HD      -63.721      -16.769       32.717     0.163    2.00        0.000
  C      -63.917      -14.705       32.537     0.176    4.00        0.150
  C      -64.937      -14.865       33.692     0.036    4.00        0.150
  C      -66.207      -15.647       33.396     0.023    4.00        0.150
  C      -67.173      -15.962       34.544     0.138    4.00        0.150
  N      -67.944      -14.639       34.840    -0.227    3.50        0.160
 HD      -67.811      -13.847       34.244     0.177    2.00        0.000
  C      -68.661      -14.298       35.924     0.665    4.00        0.150
  N      -68.894      -15.167       36.850    -0.235    3.50        0.160
 HD      -68.478      -16.075       36.899     0.174    2.00        0.000
 HD      -69.446      -14.806       37.602     0.174    2.00        0.000
  N      -69.362      -13.192       35.981    -0.235    3.50        0.160
 HD      -69.519      -12.672       35.141     0.174    2.00        0.000
 HD      -70.032      -13.138       36.722     0.174    2.00        0.000
  C      -62.919      -13.625       32.986     0.241    4.00        0.150
 OA      -62.914      -12.530       32.379    -0.271    3.20        0.200
  N      -61.952      -13.907       33.905    -0.346    3.50        0.160
 HD      -61.968      -14.827       34.288     0.163    2.00        0.000
  C      -61.012      -13.014       34.400     0.180    4.00        0.150
  C      -60.031      -13.557       35.462     0.009    4.00        0.150
  C      -59.115      -12.418       35.907     0.012    4.00        0.150
  C      -60.893      -14.022       36.654     0.012    4.00        0.150
  C      -60.068      -12.719       33.263     0.241    4.00        0.150
 OA      -59.914      -11.561       32.968    -0.271    3.20        0.200
  N      -59.580      -13.752       32.504    -0.344    3.50        0.160
 HD      -59.904      -14.684       32.650     0.163    2.00        0.000
  C      -58.828      -13.525       31.292     0.205    4.00        0.150
  C      -58.203      -14.739       30.713     0.146    4.00        0.150
 OA      -57.578      -15.429       31.748    -0.393    3.20        0.200
 HD      -58.289      -15.889       32.199     0.210    2.00        0.000
  C      -57.217      -14.311       29.676     0.042    4.00        0.150
  C      -59.558      -12.845       30.133     0.243    4.00        0.150
 OA      -59.072      -12.001       29.454    -0.271    3.20        0.200
  N      -60.833      -13.128       29.787    -0.346    3.50        0.160
 HD      -61.353      -13.882       30.181     0.163    2.00        0.000
  C      -61.538      -12.311       28.849     0.176    4.00        0.150
  C      -62.794      -13.115       28.445     0.036    4.00        0.150
  C      -63.510      -12.692       27.154     0.023    4.00        0.150
  C      -64.679      -13.755       26.825     0.138    4.00        0.150
  N      -65.842      -13.502       27.798    -0.227    3.50        0.160
 HD      -66.043      -14.053       28.608     0.177    2.00        0.000
  C      -66.645      -12.423       27.665     0.665    4.00        0.150
  N      -66.545      -11.581       26.682    -0.235    3.50        0.160
 HD      -65.771      -11.591       26.048     0.174    2.00        0.000
 HD      -67.221      -10.844       26.656     0.174    2.00        0.000
  N      -67.683      -12.234       28.444    -0.235    3.50        0.160
 HD      -67.872      -12.881       29.182     0.174    2.00        0.000
 HD      -68.247      -11.425       28.286     0.174    2.00        0.000
  C      -61.824      -10.844       29.202     0.241    4.00        0.150
 OA      -61.529       -9.954       28.445    -0.271    3.20        0.200
  N      -62.227      -10.533       30.396    -0.346    3.50        0.160
 HD      -62.286      -11.306       31.022     0.163    2.00        0.000
  C      -62.283       -9.174       30.920     0.172    4.00        0.150
  C      -62.824       -9.191       32.352     0.042    4.00        0.150
  C      -61.019       -8.201       30.924     0.240    4.00        0.150
 OA      -61.059       -7.005       30.609    -0.271    3.20        0.200
  N      -59.856       -8.731       31.281    -0.346    3.50        0.160
 HD      -59.764       -9.664       31.620     0.163    2.00        0.000
  C      -58.605       -7.981       31.293     0.176    4.00        0.150
  C      -57.363       -8.733       31.995     0.035    4.00        0.150
  C      -56.815      -10.031       31.276     0.004    4.00        0.150
  C      -55.985      -11.077       32.115     0.027    4.00        0.150
  C      -54.680      -10.550       32.795     0.229    4.00        0.150
  N      -54.138      -11.668       33.675    -0.079    3.50        0.160
 HD      -53.474      -11.326       34.399     0.274    2.00        0.000
 HD      -53.537      -12.233       33.043     0.274    2.00        0.000
 HD      -54.888      -12.277       34.060     0.274    2.00        0.000
  C      -58.208       -7.534       29.901     0.241    4.00        0.150
 OA      -57.762       -6.416       29.729    -0.271    3.20        0.200
  N      -58.321       -8.434       28.881    -0.346    3.50        0.160
 HD      -58.781       -9.307       29.021     0.163    2.00        0.000
  C      -57.932       -7.899       27.558     0.180    4.00        0.150
  C      -57.681       -9.035       26.582     0.073    4.00        0.150
  A      -56.537       -9.905       26.972    -0.056    4.00        0.150
  A      -56.641      -11.315       27.169     0.010    4.00        0.150
  A      -55.508      -12.082       27.410     0.037    4.00        0.150
  A      -54.257      -11.492       27.500     0.065    4.00        0.150
 OA      -53.106      -12.328       27.568    -0.361    3.20        0.200
 HD      -53.365      -13.160       27.971     0.217    2.00        0.000
  A      -55.255       -9.380       27.009     0.010    4.00        0.150
  A      -54.120      -10.180       27.252     0.037    4.00        0.150
  C      -59.002       -6.951       27.004     0.241    4.00        0.150
 OA      -58.667       -6.025       26.269    -0.271    3.20        0.200
  N      -60.309       -7.103       27.441    -0.346    3.50        0.160
 HD      -60.640       -7.962       27.827     0.163    2.00        0.000
  C      -61.347       -6.168       27.137     0.180    4.00        0.150
  C      -62.775       -6.648       27.671     0.073    4.00        0.150
  A      -63.851       -5.615       27.597    -0.056    4.00        0.150
  A      -64.435       -5.369       26.338     0.007    4.00        0.150
  A      -65.366       -4.225       26.273     0.001    4.00        0.150
  A      -65.608       -3.473       27.451     0.000    4.00        0.150
  A      -64.251       -4.928       28.710     0.007    4.00        0.150
  A      -65.098       -3.869       28.652     0.001    4.00        0.150
  C      -61.104       -4.776       27.712     0.241    4.00        0.150
 OA      -61.093       -3.793       26.920    -0.271    3.20        0.200
  N      -60.754       -4.654       28.953    -0.346    3.50        0.160
 HD      -60.859       -5.432       29.567     0.163    2.00        0.000
  C      -60.236       -3.412       29.493     0.180    4.00        0.150
  C      -60.144       -3.489       30.997     0.013    4.00        0.150
  C      -59.321       -2.304       31.553     0.012    4.00        0.150
  C      -61.559       -3.619       31.675     0.002    4.00        0.150
  C      -61.596       -3.863       33.211     0.005    4.00        0.150
  C      -58.950       -2.774       28.851     0.241    4.00        0.150
 OA      -58.673       -1.606       28.694    -0.271    3.20        0.200
  N      -57.996       -3.652       28.453    -0.346    3.50        0.160
 HD      -57.981       -4.593       28.781     0.163    2.00        0.000
  C      -56.804       -3.241       27.635     0.176    4.00        0.150
  C      -55.760       -4.417       27.535     0.036    4.00        0.150
  C      -54.525       -4.204       26.763     0.023    4.00        0.150
  C      -53.789       -5.394       26.110     0.138    4.00        0.150
  N      -54.637       -5.825       24.930    -0.227    3.50        0.160
 HD      -55.467       -5.355       24.631     0.177    2.00        0.000
  C      -54.535       -7.015       24.351     0.665    4.00        0.150
  N      -53.579       -7.908       24.644    -0.235    3.50        0.160
 HD      -52.753       -7.540       25.073     0.174    2.00        0.000
 HD      -53.466       -8.706       24.053     0.174    2.00        0.000
  N      -55.489       -7.394       23.554    -0.235    3.50        0.160
 HD      -56.119       -6.688       23.229     0.174    2.00        0.000
 HD      -55.399       -8.278       23.097     0.174    2.00        0.000
  C      -57.080       -2.682       26.240     0.241    4.00        0.150
 OA      -56.421       -1.793       25.712    -0.271    3.20        0.200
  N      -58.101       -3.187       25.569    -0.346    3.50        0.160
 HD      -58.720       -3.769       26.091     0.163    2.00        0.000
  C      -58.455       -2.809       24.217     0.186    4.00        0.150
  C      -59.207       -4.046       23.505     0.147    4.00        0.150
  C      -58.238       -5.237       23.256     0.175    4.00        0.150
 OA      -57.019       -5.061       23.445    -0.648    3.20        0.200
 OA      -58.734       -6.319       22.953    -0.648    3.20        0.200
  C      -59.189       -1.469       23.971     0.241    4.00        0.150
 OA      -58.985       -0.679       23.070    -0.271    3.20        0.200
  N      -59.814       -1.000       25.129    -0.346    3.50        0.160
 HD      -59.832       -1.647       25.888     0.163    2.00        0.000
  C      -60.404        0.361       25.227     0.177    4.00        0.150
  C      -61.186        0.615       26.590     0.045    4.00        0.150
  C      -62.477       -0.185       26.777     0.116    4.00        0.150
  C      -63.313       -0.021       25.477     0.172    4.00        0.150
 OA      -63.865        1.046       25.189    -0.648    3.20        0.200
 OA      -63.351       -1.017       24.677    -0.648    3.20        0.200
  C      -59.402        1.443       24.999     0.241    4.00        0.150
 OA      -59.591        2.317       24.175    -0.271    3.20        0.200
  N      -58.295        1.458       25.776    -0.346    3.50        0.160
 HD      -58.200        0.733       26.454     0.163    2.00        0.000
  C      -57.116        2.255       25.531     0.180    4.00        0.150
  C      -56.078        1.965       26.666     0.073    4.00        0.150
  A      -56.709        2.264       28.016    -0.056    4.00        0.150
  A      -56.383        3.532       28.560     0.007    4.00        0.150
  A      -56.636        3.810       29.890     0.001    4.00        0.150
  A      -57.239        2.897       30.770     0.000    4.00        0.150
  A      -57.154        1.240       28.963     0.007    4.00        0.150
  A      -57.416        1.611       30.306     0.001    4.00        0.150
  C      -56.465        2.044       24.240     0.241    4.00        0.150
 OA      -55.990        2.979       23.553    -0.271    3.20        0.200
  N      -56.294        0.832       23.776    -0.346    3.50        0.160
 HD      -56.750        0.084       24.253     0.163    2.00        0.000
  C      -55.620        0.620       22.501     0.177    4.00        0.150
  C      -55.369       -0.828       22.301     0.038    4.00        0.150
  C      -54.232       -1.365       23.279    -0.020    4.00        0.150
  C      -54.153       -2.897       23.396     0.009    4.00        0.150
  C      -52.811       -0.807       23.209     0.009    4.00        0.150
  C      -56.413        1.165       21.263     0.241    4.00        0.150
 OA      -55.820        1.808       20.343    -0.271    3.20        0.200
  N      -57.766        1.139       21.355    -0.346    3.50        0.160
 HD      -58.218        0.622       22.077     0.163    2.00        0.000
  C      -58.628        1.713       20.397     0.176    4.00        0.150
  C      -59.999        1.296       20.644     0.036    4.00        0.150
  C      -61.006        1.817       19.529     0.023    4.00        0.150
  C      -62.305        1.068       19.349     0.138    4.00        0.150
  N      -63.347        1.536       20.307    -0.227    3.50        0.160
 HD      -63.849        2.363       20.054     0.177    2.00        0.000
  C      -63.550        0.967       21.446     0.665    4.00        0.150
  N      -63.025       -0.091       22.004    -0.235    3.50        0.160
 HD      -63.181       -0.300       22.969     0.174    2.00        0.000
 HD      -62.500       -0.685       21.394     0.174    2.00        0.000
  N      -64.259        1.666       22.269    -0.235    3.50        0.160
 HD      -64.355        2.620       21.983     0.174    2.00        0.000
 HD      -64.290        1.344       23.215     0.174    2.00        0.000
  C      -58.444        3.195       20.353     0.241    4.00        0.150
 OA      -58.383        3.830       19.321    -0.271    3.20        0.200
  N      -58.241        3.817       21.557    -0.346    3.50        0.160
 HD      -58.303        3.363       22.443     0.163    2.00        0.000
  C      -57.996        5.227       21.645     0.180    4.00        0.150
  C      -58.109        5.775       23.109     0.013    4.00        0.150
  C      -57.684        7.241       23.205     0.012    4.00        0.150
  C      -59.649        5.656       23.474     0.002    4.00        0.150
  C      -59.838        5.587       24.933     0.005    4.00        0.150
  C      -56.669        5.578       21.118     0.241    4.00        0.150
 OA      -56.478        6.656       20.542    -0.271    3.20        0.200
  N      -55.643        4.782       21.383    -0.344    3.50        0.160
 HD      -56.032        3.952       21.776     0.163    2.00        0.000
  C      -54.294        5.014       20.951     0.200    4.00        0.150
  C      -53.377        3.944       21.622     0.199    4.00        0.150
 OA      -51.973        4.216       21.516    -0.398    3.20        0.200
 HD      -51.765        5.066       21.911     0.209    2.00        0.000
  C      -54.094        5.018       19.424     0.243    4.00        0.150
 OA      -53.441        5.931       18.863    -0.271    3.20        0.200
  N      -54.618        3.982       18.774    -0.344    3.50        0.160
 HD      -55.002        3.212       19.277     0.163    2.00        0.000
  C      -54.573        3.690       17.308     0.205    4.00        0.150
  C      -55.233        2.370       16.947     0.146    4.00        0.150
 OA      -56.492        2.207       17.455    -0.393    3.20        0.200
 HD      -56.447        2.300       18.410     0.210    2.00        0.000
  C      -54.417        1.178       17.451     0.042    4.00        0.150
  C      -55.345        4.659       16.476     0.243    4.00        0.150
 OA      -55.271        4.667       15.230    -0.271    3.20        0.200
  N      -56.128        5.579       17.080    -0.346    3.50        0.160
 HD      -56.248        5.603       18.069     0.163    2.00        0.000
  C      -56.870        6.632       16.345     0.172    4.00        0.150
  C      -57.728        7.443       17.282     0.042    4.00        0.150
  C      -55.919        7.508       15.508     0.240    4.00        0.150
 OA      -56.278        7.804       14.351    -0.271    3.20        0.200
  N      -54.764        7.910       16.087    -0.344    3.50        0.160
 HD      -54.551        7.512       16.976     0.163    2.00        0.000
  C      -53.658        8.513       15.431     0.200    4.00        0.150
  C      -52.921        9.650       16.331     0.199    4.00        0.150
 OA      -52.539        9.116       17.560    -0.398    3.20        0.200
 HD      -52.007        8.335       17.386     0.209    2.00        0.000
  C      -52.782        7.299       15.113     0.242    4.00        0.150
 OA      -52.707        6.360       15.910    -0.271    3.20        0.200
  N      -52.001        7.344       14.036    -0.350    3.50        0.160
 HD      -52.273        7.892       13.249     0.163    2.00        0.000
  C      -50.992        6.275       13.616     0.225    4.00        0.150
  C      -49.596        6.732       13.522     0.236    4.00        0.150
 OA      -48.795        6.004       12.913    -0.272    3.20        0.200
  N      -49.237        7.835       14.170    -0.346    3.50        0.160
 HD      -49.922        8.273       14.748     0.163    2.00        0.000
  C      -47.896        8.302       14.074     0.186    4.00        0.150
  C      -47.701        9.694       14.779     0.147    4.00        0.150
  C      -48.334       10.610       13.749     0.175    4.00        0.150
 OA      -48.468       10.284       12.552    -0.648    3.20        0.200
 OA      -48.528       11.788       14.018    -0.648    3.20        0.200
  C      -46.946        7.256       14.835     0.241    4.00        0.150
 OA      -47.264        6.769       15.906    -0.271    3.20        0.200
  N      -45.782        6.930       14.228    -0.351    3.50        0.160
 HD      -45.574        7.395       13.372     0.163    2.00        0.000
  C      -44.839        5.873       14.724     0.225    4.00        0.150
  C      -44.095        6.168       16.019     0.236    4.00        0.150
 OA      -43.786        5.341       16.876    -0.272    3.20        0.200
  N      -43.746        7.454       16.225    -0.346    3.50        0.160
 HD      -44.051        8.149       15.579     0.163    2.00        0.000
  C      -42.743        7.834       17.211     0.176    4.00        0.150
  C      -41.951        9.120       16.766     0.036    4.00        0.150
  C      -42.698       10.466       16.880     0.023    4.00        0.150
  C      -41.805       11.648       16.494     0.138    4.00        0.150
  N      -40.701       11.725       17.442    -0.227    3.50        0.160
 HD      -40.733       11.342       18.365     0.177    2.00        0.000
  C      -39.610       12.447       17.163     0.665    4.00        0.150
  N      -39.337       12.991       16.005    -0.235    3.50        0.160
 HD      -39.770       12.810       15.122     0.174    2.00        0.000
 HD      -38.627       13.693       16.047     0.174    2.00        0.000
  N      -38.657       12.649       18.043    -0.235    3.50        0.160
 HD      -38.801       12.629       19.033     0.174    2.00        0.000
 HD      -37.885       13.168       17.676     0.174    2.00        0.000
  C      -43.245        7.971       18.619     0.241    4.00        0.150
 OA      -42.470        8.448       19.438    -0.271    3.20        0.200
  N      -44.432        7.456       18.954    -0.346    3.50        0.160
 HD      -44.970        6.998       18.250     0.163    2.00        0.000
  C      -44.812        7.403       20.329     0.182    4.00        0.150
  C      -45.539        8.702       20.761     0.093    4.00        0.150
  N      -48.008        9.302       20.750    -0.353    3.50        0.160
 HD      -48.202        9.196       21.725     0.166    2.00        0.000
  A      -46.847        8.981       20.096     0.030    4.00        0.150
  A      -48.945        9.610       19.839     0.207    4.00        0.150
 NA      -48.523        9.517       18.589    -0.254    3.50        0.160
  A      -47.145        9.182       18.792     0.143    4.00        0.150
  C      -45.726        6.245       20.612     0.241    4.00        0.150
 OA      -46.574        5.945       19.837    -0.271    3.20        0.200
  N      -45.583        5.588       21.773    -0.346    3.50        0.160
 HD      -44.997        5.906       22.515     0.163    2.00        0.000
  C      -46.318        4.404       22.056     0.180    4.00        0.150
  C      -45.455        3.050       21.971     0.073    4.00        0.150
  A      -45.321        2.597       20.594    -0.056    4.00        0.150
  A      -44.157        2.876       19.859     0.010    4.00        0.150
  A      -44.054        2.559       18.525     0.037    4.00        0.150
  A      -45.046        1.717       17.876     0.065    4.00        0.150
 OA      -44.867        1.326       16.499    -0.361    3.20        0.200
 HD      -43.915        1.346       16.379     0.217    2.00        0.000
  A      -46.224        1.679       20.009     0.010    4.00        0.150
  A      -46.137        1.247       18.641     0.037    4.00        0.150
  C      -46.984        4.475       23.399     0.241    4.00        0.150
 OA      -46.577        5.192       24.327    -0.271    3.20        0.200
  N      -48.122        3.792       23.521    -0.345    3.50        0.160
 HD      -48.276        3.412       22.613     0.163    2.00        0.000
  C      -48.753        3.347       24.727     0.185    4.00        0.150
  C      -50.281        3.356       24.664     0.105    4.00        0.150
 SA      -51.092        3.041       26.298    -0.180    4.00        0.200
 HD      -51.217        4.326       26.601     0.101    2.00        0.000
  C      -48.379        1.916       24.992     0.241    4.00        0.150
 OA      -48.658        1.069       24.153    -0.271    3.20        0.200
  N      -47.801        1.641       26.209    -0.346    3.50        0.160
 HD      -47.577        2.402       26.813     0.163    2.00        0.000
  C      -47.505        0.255       26.584     0.181    4.00        0.150
  C      -46.068        0.139       27.090     0.073    4.00        0.150
  A      -45.034        0.734       26.123    -0.056    4.00        0.150
  A      -44.126       -0.197       25.487     0.010    4.00        0.150
  A      -43.130        0.267       24.647     0.037    4.00        0.150
  A      -42.806        1.650       24.556     0.065    4.00        0.150
 OA      -41.590        2.018       23.907    -0.361    3.20        0.200
 HD      -41.192        1.192       23.622     0.217    2.00        0.000
  A      -44.734        2.129       25.958     0.010    4.00        0.150
  A      -43.685        2.586       25.150     0.037    4.00        0.150
  C      -48.379       -0.203       27.654     0.243    4.00        0.150
 OA      -48.162        0.091       28.859    -0.271    3.20        0.200
  N      -49.369       -1.094       27.398    -0.337    3.50        0.160
  C      -49.941       -1.373       26.117     0.127    4.00        0.150
  C      -50.079       -1.736       28.503     0.179    4.00        0.150
  C      -51.359       -2.262       27.796     0.037    4.00        0.150
  C      -50.956       -2.560       26.380     0.022    4.00        0.150
  C      -49.301       -2.865       29.182     0.241    4.00        0.150
 OA      -48.324       -3.408       28.591    -0.271    3.20        0.200
  N      -49.670       -3.166       30.464    -0.346    3.50        0.160
 HD      -50.295       -2.620       31.017     0.163    2.00        0.000
  C      -49.111       -4.272       31.176     0.182    4.00        0.150
  C      -47.560       -4.032       31.530     0.093    4.00        0.150
  N      -46.889       -5.846       33.208    -0.353    3.50        0.160
 HD      -47.408       -5.444       33.963     0.166    2.00        0.000
  A      -46.808       -5.318       31.952     0.030    4.00        0.150
  A      -46.069       -6.992       33.222     0.207    4.00        0.150
 NA      -45.491       -7.124       32.058    -0.254    3.50        0.160
  A      -45.981       -6.151       31.280     0.143    4.00        0.150
  C      -49.822       -4.412       32.523     0.241    4.00        0.150
 OA      -50.306       -3.456       33.131    -0.271    3.20        0.200
  N      -49.948       -5.631       33.018    -0.346    3.50        0.160
 HD      -49.461       -6.316       32.483     0.163    2.00        0.000
  C      -50.673       -6.171       34.242     0.180    4.00        0.150
  C      -50.967       -7.668       33.988     0.073    4.00        0.150
  A      -51.927       -7.768       32.833    -0.056    4.00        0.150
  A      -53.096       -7.002       32.734     0.007    4.00        0.150
  A      -54.020       -7.077       31.673     0.001    4.00        0.150
  A      -53.692       -7.893       30.629     0.000    4.00        0.150
  A      -51.699       -8.637       31.739     0.007    4.00        0.150
  A      -52.502       -8.636       30.607     0.001    4.00        0.150
  C      -49.871       -6.054       35.500     0.241    4.00        0.150
 OA      -48.646       -6.033       35.377    -0.271    3.20        0.200
  N      -50.492       -5.828       36.653    -0.344    3.50        0.160
 HD      -51.464       -5.616       36.580     0.163    2.00        0.000
  C      -49.846       -5.767       38.016     0.205    4.00        0.150
  C      -48.862       -4.597       38.203     0.146    4.00        0.150
 OA      -48.159       -4.725       39.396    -0.393    3.20        0.200
 HD      -47.408       -5.289       39.192     0.210    2.00        0.000
  C      -49.614       -3.271       38.340     0.042    4.00        0.150
  C      -50.914       -5.777       39.112     0.243    4.00        0.150
 OA      -52.099       -5.946       38.777    -0.271    3.20        0.200
  N      -50.488       -5.842       40.343    -0.345    3.50        0.160
 HD      -49.545       -5.682       40.627     0.163    2.00        0.000
  C      -51.344       -6.186       41.536     0.185    4.00        0.150
  C      -51.157       -7.688       41.959     0.105    4.00        0.150
 SA      -51.723       -8.854       40.660    -0.180    4.00        0.200
 HD      -50.585       -9.530       40.574     0.101    2.00        0.000
  C      -50.869       -5.364       42.781     0.241    4.00        0.150
 OA      -49.769       -4.823       42.817    -0.271    3.20        0.200
  N      -51.678       -5.278       43.815    -0.346    3.50        0.160
 HD      -52.477       -5.865       43.925     0.163    2.00        0.000
  C      -51.385       -4.403       45.009     0.172    4.00        0.150
  C      -52.659       -4.430       45.906     0.042    4.00        0.150
  C      -50.141       -4.663       45.773     0.240    4.00        0.150
 OA      -49.481       -3.765       46.402    -0.271    3.20        0.200
  N      -49.712       -6.004       45.799    -0.346    3.50        0.160
 HD      -50.401       -6.713       45.669     0.163    2.00        0.000
  C      -48.518       -6.438       46.574     0.180    4.00        0.150
  C      -48.871       -7.731       47.296     0.009    4.00        0.150
  C      -50.176       -7.606       48.105     0.012    4.00        0.150
  C      -49.153       -8.899       46.369     0.012    4.00        0.150
  C      -47.299       -6.681       45.737     0.241    4.00        0.150
 OA      -46.204       -7.108       46.137    -0.271    3.20        0.200
  N      -47.411       -6.487       44.408    -0.345    3.50        0.160
 HD      -48.329       -6.193       44.150     0.163    2.00        0.000
  C      -46.352       -6.540       43.389     0.186    4.00        0.150
  C      -46.986       -6.354       41.972     0.147    4.00        0.150
  C      -46.122       -6.701       40.787     0.175    4.00        0.150
 OA      -44.901       -6.548       40.862    -0.648    3.20        0.200
 OA      -46.660       -6.929       39.695    -0.648    3.20        0.200
  C      -45.275       -5.387       43.552     0.241    4.00        0.150
 OA      -45.674       -4.282       43.850    -0.271    3.20        0.200
  N      -43.932       -5.619       43.498    -0.344    3.50        0.160
 HD      -43.627       -6.550       43.313     0.163    2.00        0.000
  C      -42.901       -4.683       43.704     0.205    4.00        0.150
  C      -42.004       -4.969       44.870     0.146    4.00        0.150
 OA      -41.805       -6.376       45.052    -0.393    3.20        0.200
 HD      -41.539       -6.423       45.973     0.210    2.00        0.000
  C      -42.713       -4.643       46.263     0.042    4.00        0.150
  C      -42.038       -4.408       42.514     0.243    4.00        0.150
 OA      -40.946       -3.818       42.656    -0.271    3.20        0.200
  N      -42.430       -4.860       41.328    -0.346    3.50        0.160
 HD      -43.317       -5.272       41.135     0.163    2.00        0.000
  C      -41.518       -4.834       40.214     0.177    4.00        0.150
  C      -41.328       -6.233       39.603     0.045    4.00        0.150
  C      -40.046       -6.587       38.809     0.116    4.00        0.150
  C      -39.871       -8.071       38.328     0.172    4.00        0.150
 OA      -40.695       -8.919       38.843    -0.648    3.20        0.200
 OA      -38.939       -8.421       37.586    -0.648    3.20        0.200
  C      -41.851       -3.785       39.216     0.241    4.00        0.150
 OA      -41.294       -3.713       38.112    -0.271    3.20        0.200
  N      -42.746       -2.830       39.602    -0.346    3.50        0.160
 HD      -42.889       -2.674       40.577     0.163    2.00        0.000
  C      -43.154       -1.783       38.637     0.185    4.00        0.150
  C      -44.406       -1.058       39.127     0.137    4.00        0.150
  C      -45.462       -2.211       39.175     0.217    4.00        0.150
 OA      -45.586       -2.880       38.168    -0.274    3.20        0.200
  N      -46.090       -2.409       40.305    -0.370    3.50        0.160
 HD      -46.852       -3.048       40.407     0.159    2.00        0.000
 HD      -45.773       -1.969       41.145     0.159    2.00        0.000
  C      -42.076       -0.740       38.401     0.241    4.00        0.150
 OA      -42.020       -0.118       37.337    -0.271    3.20        0.200
  N      -41.111       -0.600       39.378    -0.346    3.50        0.160
 HD      -41.197       -1.134       40.214     0.163    2.00        0.000
  C      -39.857        0.154       39.197     0.172    4.00        0.150
  C      -38.911        0.199       40.467     0.042    4.00        0.150
  C      -38.967       -0.375       38.036     0.240    4.00        0.150
 OA      -38.500        0.367       37.200    -0.271    3.20        0.200
  N      -38.646       -1.647       37.965    -0.346    3.50        0.160
 HD      -38.990       -2.285       38.649     0.163    2.00        0.000
  C      -38.107       -2.215       36.788     0.176    4.00        0.150
  C      -37.745       -3.721       37.080     0.036    4.00        0.150
  C      -37.066       -4.496       35.861     0.023    4.00        0.150
  C      -35.721       -3.898       35.467     0.138    4.00        0.150
  N      -34.887       -3.912       36.702    -0.227    3.50        0.160
 HD      -35.166       -4.519       37.448     0.177    2.00        0.000
  C      -33.596       -3.621       36.804     0.665    4.00        0.150
  N      -32.937       -2.891       35.950    -0.235    3.50        0.160
 HD      -33.393       -2.661       35.090     0.174    2.00        0.000
 HD      -31.956       -2.888       36.139     0.174    2.00        0.000
  N      -32.930       -4.124       37.808    -0.235    3.50        0.160
 HD      -33.419       -4.860       38.273     0.174    2.00        0.000
 HD      -31.956       -4.310       37.677     0.174    2.00        0.000
  C      -39.007       -2.109       35.529     0.241    4.00        0.150
 OA      -38.450       -1.871       34.455    -0.271    3.20        0.200
  N      -40.348       -2.309       35.646    -0.346    3.50        0.160
 HD      -40.774       -2.597       36.500     0.163    2.00        0.000
  C      -41.294       -2.180       34.516     0.176    4.00        0.150
  C      -42.781       -2.696       34.701     0.036    4.00        0.150
  C      -42.841       -4.142       35.072     0.023    4.00        0.150
  C      -44.332       -4.559       35.153     0.138    4.00        0.150
  N      -44.459       -6.026       35.573    -0.227    3.50        0.160
 HD      -44.097       -6.748       34.984     0.177    2.00        0.000
  C      -44.638       -6.349       36.832     0.665    4.00        0.150
  N      -44.938       -5.544       37.818    -0.235    3.50        0.160
 HD      -45.112       -5.968       38.707     0.174    2.00        0.000
 HD      -45.101       -4.587       37.576     0.174    2.00        0.000
  N      -44.449       -7.636       37.068    -0.235    3.50        0.160
 HD      -43.992       -8.150       36.342     0.174    2.00        0.000
 HD      -44.229       -8.005       37.970     0.174    2.00        0.000
  C      -41.239       -0.766       33.862     0.241    4.00        0.150
 OA      -41.343       -0.637       32.621    -0.271    3.20        0.200
  N      -41.074        0.368       34.654    -0.346    3.50        0.160
 HD      -41.110        0.174       35.632     0.163    2.00        0.000
  C      -40.811        1.694       34.122     0.180    4.00        0.150
  C      -40.921        2.851       35.164     0.013    4.00        0.150
  C      -40.504        4.250       34.585     0.012    4.00        0.150
  C      -42.324        2.850       35.838     0.002    4.00        0.150
  C      -42.516        3.795       37.065     0.005    4.00        0.150
  C      -39.538        1.818       33.373     0.241    4.00        0.150
 OA      -39.529        2.323       32.235    -0.271    3.20        0.200
  N      -38.445        1.258       33.954    -0.346    3.50        0.160
 HD      -38.617        0.671       34.742     0.163    2.00        0.000
  C      -37.075        1.230       33.303     0.180    4.00        0.150
  C      -36.037        0.590       34.370     0.073    4.00        0.150
  A      -34.600        0.183       33.867    -0.056    4.00        0.150
  A      -33.496        0.955       34.272     0.007    4.00        0.150
  A      -32.212        0.488       33.974     0.001    4.00        0.150
  A      -31.971       -0.698       33.215     0.000    4.00        0.150
  A      -34.369       -1.015       33.108     0.007    4.00        0.150
  A      -33.085       -1.426       32.756     0.001    4.00        0.150
  C      -36.978        0.552       31.971     0.241    4.00        0.150
 OA      -36.415        0.991       31.006    -0.271    3.20        0.200
  N      -37.549       -0.651       31.859    -0.346    3.50        0.160
 HD      -37.991       -1.058       32.656     0.163    2.00        0.000
  C      -37.502       -1.467       30.641     0.185    4.00        0.150
  C      -38.417       -2.717       31.026     0.137    4.00        0.150
  C      -37.649       -3.751       31.890     0.217    4.00        0.150
 OA      -36.428       -3.872       31.893    -0.274    3.20        0.200
  N      -38.540       -4.683       32.419    -0.370    3.50        0.160
 HD      -39.505       -4.512       32.220     0.159    2.00        0.000
 HD      -38.162       -5.569       32.687     0.159    2.00        0.000
  C      -38.175       -0.739       29.475     0.241    4.00        0.150
 OA      -37.614       -0.580       28.383    -0.271    3.20        0.200
  N      -39.464       -0.164       29.626    -0.345    3.50        0.160
 HD      -39.796       -0.167       30.566     0.163    2.00        0.000
  C      -40.123        0.656       28.625     0.186    4.00        0.150
  C      -41.683        0.733       28.651     0.147    4.00        0.150
  C      -42.362       -0.604       28.686     0.175    4.00        0.150
 OA      -41.901       -1.553       28.011    -0.648    3.20        0.200
 OA      -43.442       -0.648       29.354    -0.648    3.20        0.200
  C      -39.380        1.843       28.287     0.241    4.00        0.150
 OA      -39.169        2.175       27.106    -0.271    3.20        0.200
  N      -38.804        2.561       29.308    -0.345    3.50        0.160
 HD      -39.023        2.225       30.220     0.163    2.00        0.000
  C      -37.972        3.785       29.129     0.185    4.00        0.150
  C      -37.722        4.487       30.407     0.105    4.00        0.150
 SA      -39.179        5.443       31.070    -0.180    4.00        0.200
 HD      -39.574        4.376       31.750     0.101    2.00        0.000
  C      -36.644        3.541       28.294     0.241    4.00        0.150
 OA      -36.183        4.309       27.414    -0.271    3.20        0.200
  N      -35.896        2.460       28.498    -0.346    3.50        0.160
 HD      -36.247        1.856       29.210     0.163    2.00        0.000
  C      -34.813        2.009       27.636     0.176    4.00        0.150
  C      -34.342        0.662       28.359     0.036    4.00        0.150
  C      -33.371       -0.254       27.666     0.023    4.00        0.150
  C      -33.523       -1.764       27.936     0.138    4.00        0.150
  N      -34.597       -2.407       27.069    -0.227    3.50        0.160
 HD      -35.473       -2.664       27.476     0.177    2.00        0.000
  C      -34.831       -2.174       25.826     0.665    4.00        0.150
  N      -33.964       -1.854       24.892    -0.235    3.50        0.160
 HD      -33.046       -1.548       25.145     0.174    2.00        0.000
 HD      -34.415       -1.473       24.086     0.174    2.00        0.000
  N      -36.042       -2.411       25.355    -0.235    3.50        0.160
 HD      -36.195       -2.534       24.374     0.174    2.00        0.000
 HD      -36.570       -2.921       26.034     0.174    2.00        0.000
  C      -35.135        1.735       26.154     0.241    4.00        0.150
 OA      -34.330        2.106       25.299    -0.271    3.20        0.200
  N      -36.329        1.120       25.861    -0.346    3.50        0.160
 HD      -36.932        0.798       26.586     0.163    2.00        0.000
  C      -36.903        1.010       24.572     0.186    4.00        0.150
  C      -38.206        0.260       24.620     0.147    4.00        0.150
  C      -38.855        0.022       23.257     0.175    4.00        0.150
 OA      -38.229       -0.265       22.183    -0.648    3.20        0.200
 OA      -40.110       -0.140       23.334    -0.648    3.20        0.200
  C      -37.080        2.422       24.001     0.241    4.00        0.150
 OA      -36.643        2.718       22.853    -0.271    3.20        0.200
  N      -37.694        3.370       24.827    -0.346    3.50        0.160
 HD      -38.127        3.097       25.683     0.163    2.00        0.000
  C      -38.088        4.701       24.461     0.180    4.00        0.150
  C      -38.989        5.364       25.534     0.013    4.00        0.150
  C      -39.266        6.864       25.313     0.012    4.00        0.150
  C      -40.415        4.664       25.613     0.002    4.00        0.150
  C      -41.178        4.771       26.969     0.005    4.00        0.150
  C      -36.845        5.573       24.105     0.241    4.00        0.150
 OA      -36.779        6.274       23.085    -0.271    3.20        0.200
  N      -35.785        5.456       25.000    -0.346    3.50        0.160
 HD      -35.879        4.971       25.867     0.163    2.00        0.000
  C      -34.467        6.177       24.814     0.180    4.00        0.150
  C      -33.581        6.315       26.077     0.013    4.00        0.150
  C      -32.238        7.009       25.669     0.012    4.00        0.150
  C      -34.338        7.119       27.212     0.002    4.00        0.150
  C      -35.259        8.255       26.683     0.005    4.00        0.150
  C      -33.720        5.676       23.545     0.241    4.00        0.150
 OA      -33.267        6.447       22.751    -0.271    3.20        0.200
  N      -33.649        4.343       23.352    -0.346    3.50        0.160
 HD      -34.017        3.688       24.007     0.163    2.00        0.000
  C      -33.234        3.741       22.149     0.177    4.00        0.150
  C      -33.256        2.205       22.263     0.044    4.00        0.150
  C      -32.853        1.434       20.964     0.105    4.00        0.150
  C      -32.920       -0.098       21.236     0.215    4.00        0.150
 OA      -33.890       -0.811       20.890    -0.274    3.20        0.200
  N      -31.845       -0.628       21.817    -0.370    3.50        0.160
 HD      -31.135        0.063       21.951     0.159    2.00        0.000
 HD      -31.762       -1.625       21.807     0.159    2.00        0.000
  C      -33.982        4.067       20.854     0.241    4.00        0.150
 OA      -33.326        4.305       19.851    -0.271    3.20        0.200
  N      -35.302        4.239       20.893    -0.346    3.50        0.160
 HD      -35.817        3.867       21.661     0.163    2.00        0.000
  C      -36.136        4.756       19.840     0.176    4.00        0.150
  C      -37.646        4.594       20.075     0.036    4.00        0.150
  C      -38.185        3.154       19.976     0.023    4.00        0.150
  C      -39.527        2.879       20.690     0.138    4.00        0.150
  N      -39.953        1.459       20.498    -0.227    3.50        0.160
 HD      -39.672        0.729       21.121     0.177    2.00        0.000
  C      -40.541        0.992       19.408     0.665    4.00        0.150
  N      -40.948        1.754       18.385    -0.235    3.50        0.160
 HD      -40.590        2.685       18.447     0.174    2.00        0.000
 HD      -41.387        1.340       17.586     0.174    2.00        0.000
  N      -40.935       -0.259       19.235    -0.235    3.50        0.160
 HD      -41.141       -0.733       20.091     0.174    2.00        0.000
 HD      -41.505       -0.523       18.456     0.174    2.00        0.000
  C      -35.861        6.145       19.327     0.241    4.00        0.150
 OA      -35.810        6.357       18.097    -0.271    3.20        0.200
  N      -35.581        7.167       20.246    -0.346    3.50        0.160
 HD      -35.599        6.987       21.226     0.163    2.00        0.000
  C      -35.035        8.490       19.932     0.177    4.00        0.150
  C      -35.035        9.308       21.203     0.045    4.00        0.150
  C      -34.735       10.798       21.150     0.076    4.00        0.150
 SA      -35.777       11.651       19.955    -0.173    4.00        0.200
  C      -35.070       13.267       20.423     0.089    4.00        0.150
  C      -33.691        8.361       19.236     0.241    4.00        0.150
 OA      -33.493        9.002       18.157    -0.271    3.20        0.200
  N      -32.747        7.482       19.707    -0.346    3.50        0.160
 HD      -32.968        6.911       20.494     0.163    2.00        0.000
  C      -31.437        7.330       19.243     0.182    4.00        0.150
  C      -30.528        6.623       20.295     0.093    4.00        0.150
  N      -29.815        6.997       22.667    -0.353    3.50        0.160
 HD      -29.762        6.021       22.878     0.166    2.00        0.000
  A      -30.398        7.451       21.496     0.030    4.00        0.150
  A      -29.841        8.039       23.569     0.207    4.00        0.150
 NA      -30.395        9.081       23.040    -0.254    3.50        0.160
  A      -30.707        8.795       21.764     0.143    4.00        0.150
  C      -31.387        6.667       17.864     0.241    4.00        0.150
 OA      -30.666        7.080       16.975    -0.271    3.20        0.200
  N      -32.295        5.664       17.573    -0.346    3.50        0.160
 HD      -32.764        5.131       18.274     0.163    2.00        0.000
  C      -32.545        5.233       16.219     0.177    4.00        0.150
  C      -33.499        3.979       16.163     0.038    4.00        0.150
  C      -33.035        2.715       16.999    -0.020    4.00        0.150
  C      -34.214        1.655       16.966     0.009    4.00        0.150
  C      -31.767        2.002       16.472     0.009    4.00        0.150
  C      -32.817        6.406       15.200     0.241    4.00        0.150
 OA      -32.306        6.540       14.081    -0.271    3.20        0.200
  N      -33.641        7.374       15.676    -0.346    3.50        0.160
 HD      -34.057        7.162       16.557     0.163    2.00        0.000
  C      -33.998        8.557       14.894     0.176    4.00        0.150
  C      -35.348        9.152       15.385     0.036    4.00        0.150
  C      -36.608        8.363       14.866     0.023    4.00        0.150
  C      -37.896        8.808       15.529     0.138    4.00        0.150
  N      -38.955        8.033       14.780    -0.227    3.50        0.160
 HD      -39.067        8.242       13.808     0.177    2.00        0.000
  C      -39.604        7.035       15.352     0.665    4.00        0.150
  N      -39.567        6.760       16.693    -0.235    3.50        0.160
 HD      -39.996        5.954       17.101     0.174    2.00        0.000
 HD      -39.198        7.472       17.292     0.174    2.00        0.000
  N      -40.225        6.163       14.599    -0.235    3.50        0.160
 HD      -40.030        6.163       13.618     0.174    2.00        0.000
 HD      -40.658        5.408       15.091     0.174    2.00        0.000
  C      -32.948        9.633       14.768     0.241    4.00        0.150
 OA      -32.931       10.391       13.799    -0.271    3.20        0.200
  N      -31.946        9.665       15.672    -0.346    3.50        0.160
 HD      -32.018        9.160       16.530     0.163    2.00        0.000
  C      -30.778       10.474       15.484     0.177    4.00        0.150
  C      -29.954       10.452       16.853     0.044    4.00        0.150
  C      -30.647       10.979       18.176     0.105    4.00        0.150
  C      -31.564       12.237       17.979     0.215    4.00        0.150
 OA      -31.190       13.441       18.024    -0.274    3.20        0.200
  N      -32.841       11.894       17.823    -0.370    3.50        0.160
 HD      -33.416       12.536       17.315     0.159    2.00        0.000
 HD      -33.170       10.963       17.981     0.159    2.00        0.000
  C      -29.964       10.084       14.268     0.241    4.00        0.150
 OA      -29.584       10.913       13.463    -0.271    3.20        0.200
  N      -29.740        8.724       14.082    -0.346    3.50        0.160
 HD      -30.185        8.130       14.749     0.163    2.00        0.000
  C      -28.932        8.189       13.070     0.180    4.00        0.150
  C      -28.271        6.912       13.706     0.073    4.00        0.150
  A      -27.469        7.275       14.977    -0.056    4.00        0.150
  A      -27.730        6.670       16.251     0.010    4.00        0.150
  A      -27.057        7.086       17.364     0.037    4.00        0.150
  A      -25.985        7.954       17.285     0.065    4.00        0.150
 OA      -25.319        8.325       18.386    -0.361    3.20        0.200
 HD      -24.411        8.541       18.159     0.217    2.00        0.000
  A      -26.454        8.253       14.900     0.010    4.00        0.150
  A      -25.751        8.628       16.036     0.037    4.00        0.150
  C      -29.826        7.732       11.943     0.241    4.00        0.150
 OA      -29.297        7.046       11.048    -0.271    3.20        0.200
  N      -31.177        8.020       11.944    -0.346    3.50        0.160
 HD      -31.520        8.465       12.767     0.163    2.00        0.000
  C      -32.112        7.840       10.864     0.177    4.00        0.150
  C      -31.658        8.644        9.622     0.045    4.00        0.150
  C      -31.694       10.179        9.598     0.116    4.00        0.150
  C      -33.053       10.658        9.303     0.172    4.00        0.150
 OA      -33.608       10.404        8.185    -0.648    3.20        0.200
 OA      -33.740       11.249       10.206    -0.648    3.20        0.200
  C      -32.430        6.390       10.534     0.241    4.00        0.150
 OA      -32.659        5.922        9.400    -0.271    3.20        0.200
  N      -32.431        5.506       11.523    -0.346    3.50        0.160
 HD      -32.029        5.774       12.395     0.163    2.00        0.000
  C      -32.569        4.060       11.307     0.177    4.00        0.150
  C      -31.803        3.392       12.471     0.038    4.00        0.150
  C      -30.266        3.605       12.476    -0.020    4.00        0.150
  C      -29.546        2.964       13.699     0.009    4.00        0.150
  C      -29.684        3.119       11.156     0.009    4.00        0.150
  C      -33.996        3.605       11.377     0.241    4.00        0.150
 OA      -34.137        2.431       11.012    -0.271    3.20        0.200
  N      -35.055        4.429       11.656    -0.345    3.50        0.160
 HD      -34.714        5.334       11.899     0.163    2.00        0.000
  C      -36.428        4.069       11.883     0.185    4.00        0.150
  C      -36.549        3.942       13.403     0.040    4.00        0.150
  C      -37.809        3.179       13.782    -0.020    4.00        0.150
  C      -37.827        1.713       13.267     0.009    4.00        0.150
  C      -37.973        3.169       15.350     0.009    4.00        0.150
  C      -37.448        5.066       11.281     0.196    4.00        0.150
 OA      -37.623        6.218       11.817    -0.646    3.20        0.200
 OA      -38.105        4.797       10.253    -0.646    3.20        0.200
  N      -82.648       32.277       49.306    -0.066    3.50        0.160
 HD      -82.962       33.148       48.832     0.275    2.00        0.000
 HD      -81.733       32.558       49.717     0.275    2.00        0.000
 HD      -83.223       32.030       50.135     0.275    2.00        0.000
  C      -82.660       31.253       48.294     0.275    4.00        0.150
  C      -84.220       31.131       47.933     0.053    4.00        0.150
  C      -85.181       30.458       48.927     0.115    4.00        0.150
  C      -85.490       31.344       50.143     0.172    4.00        0.150
 OA      -84.696       31.547       51.077    -0.648    3.20        0.200
 OA      -86.679       31.850       50.132    -0.648    3.20        0.200
  C      -81.878       31.738       47.078     0.249    4.00        0.150
 OA      -81.826       32.914       46.619    -0.271    3.20        0.200
  N      -81.243       30.651       46.420    -0.346    3.50        0.160
 HD      -81.465       29.735       46.744     0.163    2.00        0.000
  C      -80.201       30.802       45.464     0.177    4.00        0.150
  C      -79.295       29.559       45.337     0.038    4.00        0.150
  C      -77.934       29.603       44.525    -0.020    4.00        0.150
  C      -76.902       30.413       45.302     0.009    4.00        0.150
  C      -77.308       28.235       44.170     0.009    4.00        0.150
  C      -80.642       31.167       44.082     0.241    4.00        0.150
 OA      -79.991       32.080       43.534    -0.271    3.20        0.200
  N      -81.813       30.536       43.652    -0.346    3.50        0.160
 HD      -82.167       29.914       44.345     0.163    2.00        0.000
  C      -82.506       30.842       42.385     0.186    4.00        0.150
  C      -83.786       29.971       42.123     0.147    4.00        0.150
  C      -83.422       28.511       42.166     0.175    4.00        0.150
 OA      -84.349       27.761       42.486    -0.648    3.20        0.200
 OA      -82.290       28.163       41.788    -0.648    3.20        0.200
  C      -82.845       32.302       42.222     0.241    4.00        0.150
 OA      -82.519       32.872       41.181    -0.271    3.20        0.200
  N      -83.503       32.852       43.256    -0.346    3.50        0.160
 HD      -83.564       32.313       44.092     0.163    2.00        0.000
  C      -83.874       34.274       43.356     0.177    4.00        0.150
  C      -84.750       34.651       44.622     0.044    4.00        0.150
  C      -86.206       34.089       44.520     0.105    4.00        0.150
  C      -86.436       32.594       44.215     0.215    4.00        0.150
 OA      -85.697       31.746       44.664    -0.274    3.20        0.200
  N      -87.526       32.320       43.444    -0.370    3.50        0.160
 HD      -87.646       31.397       43.079     0.159    2.00        0.000
 HD      -88.187       33.060       43.319     0.159    2.00        0.000
  C      -82.601       35.128       43.360     0.241    4.00        0.150
 OA      -82.448       36.063       42.582    -0.271    3.20        0.200
  N      -81.542       34.782       44.151    -0.346    3.50        0.160
 HD      -81.657       34.165       44.927     0.163    2.00        0.000
  C      -80.279       35.542       44.041     0.177    4.00        0.150
  C      -79.103       35.045       44.947     0.038    4.00        0.150
  C      -79.368       35.505       46.413    -0.020    4.00        0.150
  C      -78.679       34.635       47.430     0.009    4.00        0.150
  C      -78.964       36.980       46.569     0.009    4.00        0.150
  C      -79.629       35.493       42.664     0.241    4.00        0.150
 OA      -79.130       36.559       42.211    -0.271    3.20        0.200
  N      -79.649       34.353       41.950    -0.346    3.50        0.160
 HD      -79.856       33.517       42.452     0.163    2.00        0.000
  C      -79.163       34.161       40.565     0.176    4.00        0.150
  C      -79.321       32.710       40.202     0.036    4.00        0.150
  C      -78.739       32.417       38.751     0.023    4.00        0.150
  C      -78.855       30.914       38.381     0.138    4.00        0.150
  N      -77.929       30.179       39.384    -0.227    3.50        0.160
 HD      -77.186       30.659       39.850     0.177    2.00        0.000
  C      -77.807       28.864       39.575     0.665    4.00        0.150
  N      -78.653       28.006       38.990    -0.235    3.50        0.160
 HD      -78.645       27.019       39.152     0.174    2.00        0.000
 HD      -79.315       28.340       38.319     0.174    2.00        0.000
  N      -76.735       28.523       40.299    -0.235    3.50        0.160
 HD      -76.614       27.535       40.396     0.174    2.00        0.000
 HD      -76.361       29.221       40.910     0.174    2.00        0.000
  C      -79.952       35.028       39.575     0.241    4.00        0.150
 OA      -79.339       35.683       38.748    -0.271    3.20        0.200
  N      -81.298       34.954       39.673    -0.346    3.50        0.160
 HD      -81.598       34.125       40.141     0.163    2.00        0.000
  C      -82.195       35.797       39.006     0.177    4.00        0.150
  C      -83.636       35.494       39.472     0.044    4.00        0.150
  C      -84.252       34.213       38.868     0.105    4.00        0.150
  C      -85.590       33.841       39.492     0.215    4.00        0.150
 OA      -86.046       34.556       40.383    -0.274    3.20        0.200
  N      -86.188       32.657       39.111    -0.370    3.50        0.160
 HD      -87.096       32.494       39.498     0.159    2.00        0.000
 HD      -85.605       31.998       38.635     0.159    2.00        0.000
  C      -81.878       37.335       39.137     0.241    4.00        0.150
 OA      -81.724       38.024       38.069    -0.271    3.20        0.200
  N      -81.694       37.875       40.378    -0.346    3.50        0.160
 HD      -81.865       37.236       41.124     0.163    2.00        0.000
  C      -81.232       39.251       40.657     0.177    4.00        0.150
  C      -81.347       39.478       42.193     0.045    4.00        0.150
  C      -80.495       40.650       42.793     0.116    4.00        0.150
  C      -81.227       41.229       43.983     0.172    4.00        0.150
 OA      -81.577       40.426       44.902    -0.648    3.20        0.200
 OA      -81.493       42.446       44.039    -0.648    3.20        0.200
  C      -79.875       39.493       40.129     0.241    4.00        0.150
 OA      -79.613       40.518       39.571    -0.271    3.20        0.200
  N      -78.903       38.541       40.319    -0.346    3.50        0.160
 HD      -79.132       37.717       40.832     0.163    2.00        0.000
  C      -77.547       38.679       39.762     0.172    4.00        0.150
  C      -76.632       37.566       40.301     0.042    4.00        0.150
  C      -77.412       38.858       38.236     0.240    4.00        0.150
 OA      -76.775       39.738       37.699    -0.271    3.20        0.200
  N      -78.142       38.010       37.488    -0.346    3.50        0.160
 HD      -78.502       37.195       37.936     0.163    2.00        0.000
  C      -78.487       38.064       36.047     0.177    4.00        0.150
  C      -79.182       36.820       35.474     0.045    4.00        0.150
  C      -79.836       36.904       34.054     0.116    4.00        0.150
  C      -80.197       35.522       33.461     0.172    4.00        0.150
 OA      -79.335       34.590       33.441    -0.648    3.20        0.200
 OA      -81.276       35.417       32.815    -0.648    3.20        0.200
  C      -79.207       39.333       35.569     0.241    4.00        0.150
 OA      -78.726       39.937       34.644    -0.271    3.20        0.200
  N      -80.244       39.704       36.215    -0.346    3.50        0.160
 HD      -80.510       39.274       37.074     0.163    2.00        0.000
  C      -80.896       41.022       36.066     0.177    4.00        0.150
  C      -82.276       40.958       36.829     0.044    4.00        0.150
  C      -83.234       41.987       36.239     0.105    4.00        0.150
  C      -83.389       41.903       34.698     0.215    4.00        0.150
 OA      -83.471       40.761       34.220    -0.274    3.20        0.200
  N      -83.220       43.017       33.951    -0.370    3.50        0.160
 HD      -83.296       42.917       32.959     0.159    2.00        0.000
 HD      -82.858       43.882       34.302     0.159    2.00        0.000
  C      -80.019       42.188       36.376     0.241    4.00        0.150
 OA      -79.929       43.138       35.614    -0.271    3.20        0.200
  N      -79.187       42.113       37.435    -0.346    3.50        0.160
 HD      -79.080       41.335       38.049     0.163    2.00        0.000
  C      -78.186       43.151       37.651     0.177    4.00        0.150
  C      -77.521       42.961       39.056     0.038    4.00        0.150
  C      -78.347       43.455       40.257    -0.020    4.00        0.150
  C      -77.848       42.879       41.490     0.009    4.00        0.150
  C      -78.317       45.003       40.275     0.009    4.00        0.150
  C      -77.046       43.233       36.613     0.241    4.00        0.150
 OA      -76.600       44.260       36.196    -0.271    3.20        0.200
  N      -76.589       42.075       36.063    -0.346    3.50        0.160
 HD      -76.956       41.209       36.393     0.163    2.00        0.000
  C      -75.680       41.937       34.949     0.176    4.00        0.150
  C      -75.132       40.517       34.824     0.035    4.00        0.150
  C      -74.117       39.971       35.803     0.004    4.00        0.150
  C      -73.793       38.443       35.552     0.027    4.00        0.150
  C      -72.770       37.927       36.498     0.229    4.00        0.150
  N      -72.487       36.524       36.234    -0.079    3.50        0.160
 HD      -73.368       36.019       36.457     0.274    2.00        0.000
 HD      -71.730       36.190       36.865     0.274    2.00        0.000
 HD      -72.468       36.271       35.227     0.274    2.00        0.000
  C      -76.264       42.413       33.584     0.241    4.00        0.150
 OA      -75.583       43.168       32.860    -0.271    3.20        0.200
  N      -77.606       42.128       33.387    -0.346    3.50        0.160
 HD      -78.050       41.460       33.978     0.163    2.00        0.000
  C      -78.396       42.817       32.369     0.185    4.00        0.150
  C      -79.869       42.374       32.311     0.137    4.00        0.150
  C      -80.029       40.880       31.959     0.217    4.00        0.150
 OA      -79.125       40.275       31.379    -0.274    3.20        0.200
  N      -81.162       40.223       32.256    -0.370    3.50        0.160
 HD      -81.276       39.245       32.077     0.159    2.00        0.000
 HD      -81.947       40.685       32.669     0.159    2.00        0.000
  C      -78.355       44.279       32.560     0.241    4.00        0.150
 OA      -78.043       44.996       31.622    -0.271    3.20        0.200
  N      -78.625       44.818       33.788    -0.346    3.50        0.160
 HD      -78.964       44.268       34.548     0.163    2.00        0.000
  C      -78.450       46.220       34.050     0.177    4.00        0.150
  C      -79.084       46.567       35.427     0.044    4.00        0.150
  C      -80.652       46.290       35.386     0.105    4.00        0.150
  C      -81.285       46.858       36.644     0.215    4.00        0.150
 OA      -81.379       48.090       36.861    -0.274    3.20        0.200
  N      -81.774       45.985       37.538    -0.370    3.50        0.160
 HD      -82.198       46.388       38.348     0.159    2.00        0.000
 HD      -81.725       44.996       37.401     0.159    2.00        0.000
  C      -77.079       46.875       33.988     0.241    4.00        0.150
 OA      -76.900       47.953       33.428    -0.271    3.20        0.200
  N      -75.995       46.204       34.493    -0.346    3.50        0.160
 HD      -76.039       45.434       35.125     0.163    2.00        0.000
  C      -74.617       46.729       34.302     0.180    4.00        0.150
  C      -73.682       45.939       35.179     0.013    4.00        0.150
  C      -72.321       46.532       34.982     0.012    4.00        0.150
  C      -74.097       46.029       36.657     0.002    4.00        0.150
  C      -73.633       44.857       37.448     0.005    4.00        0.150
  C      -74.162       46.833       32.833     0.241    4.00        0.150
 OA      -73.568       47.802       32.395    -0.271    3.20        0.200
  N      -74.449       45.733       32.024    -0.346    3.50        0.160
 HD      -74.803       44.877       32.393     0.163    2.00        0.000
  C      -74.155       45.684       30.616     0.176    4.00        0.150
  C      -74.648       44.418       30.052     0.036    4.00        0.150
  C      -74.711       44.192       28.498     0.023    4.00        0.150
  C      -74.833       42.754       28.081     0.138    4.00        0.150
  N      -76.235       42.364       28.378    -0.227    3.50        0.160
 HD      -76.999       43.007       28.402     0.177    2.00        0.000
  C      -76.676       41.093       28.236     0.665    4.00        0.150
  N      -75.945       40.084       27.913    -0.235    3.50        0.160
 HD      -74.962       40.152       27.742     0.174    2.00        0.000
 HD      -76.457       39.250       27.705     0.174    2.00        0.000
  N      -77.897       40.927       28.550    -0.235    3.50        0.160
 HD      -78.467       41.729       28.726     0.174    2.00        0.000
 HD      -78.299       40.013       28.621     0.174    2.00        0.000
  C      -74.877       46.798       29.850     0.241    4.00        0.150
 OA      -74.317       47.701       29.187    -0.271    3.20        0.200
  N      -76.200       46.956       30.083    -0.346    3.50        0.160
 HD      -76.755       46.246       30.509     0.163    2.00        0.000
  C      -76.989       48.122       29.603     0.186    4.00        0.150
  C      -78.501       47.945       29.830     0.147    4.00        0.150
  C      -79.040       46.657       29.137     0.175    4.00        0.150
 OA      -78.401       46.081       28.235    -0.648    3.20        0.200
 OA      -80.206       46.267       29.488    -0.648    3.20        0.200
  C      -76.499       49.505       30.237     0.241    4.00        0.150
 OA      -76.593       50.486       29.532    -0.271    3.20        0.200
  N      -75.941       49.672       31.528    -0.346    3.50        0.160
 HD      -75.989       49.004       32.266     0.163    2.00        0.000
  C      -75.371       50.899       31.925     0.172    4.00        0.150
  C      -75.056       50.918       33.429     0.042    4.00        0.150
  C      -74.204       51.370       31.159     0.240    4.00        0.150
 OA      -73.927       52.587       30.858    -0.271    3.20        0.200
  N      -73.355       50.361       30.873    -0.346    3.50        0.160
 HD      -73.609       49.447       31.179     0.163    2.00        0.000
  C      -72.141       50.530       30.112     0.176    4.00        0.150
  C      -71.333       49.227       30.030     0.036    4.00        0.150
  C      -70.697       48.859       31.354     0.023    4.00        0.150
  C      -70.305       47.454       31.465     0.138    4.00        0.150
  N      -69.520       47.334       32.717    -0.227    3.50        0.160
 HD      -69.291       48.139       33.263     0.177    2.00        0.000
  C      -68.829       46.210       32.962     0.665    4.00        0.150
  N      -69.106       45.029       32.591    -0.235    3.50        0.160
 HD      -69.959       44.780       32.132     0.174    2.00        0.000
 HD      -68.633       44.304       33.091     0.174    2.00        0.000
  N      -67.842       46.370       33.798    -0.235    3.50        0.160
 HD      -67.544       47.316       33.926     0.174    2.00        0.000
 HD      -67.293       45.583       34.081     0.174    2.00        0.000
  C      -72.478       51.102       28.709     0.241    4.00        0.150
 OA      -71.948       52.109       28.245    -0.271    3.20        0.200
  N      -73.383       50.395       27.985    -0.346    3.50        0.160
 HD      -73.719       49.549       28.393     0.163    2.00        0.000
  C      -73.973       50.808       26.706     0.176    4.00        0.150
  C      -74.946       49.571       26.327     0.035    4.00        0.150
  C      -75.618       49.597       24.946     0.004    4.00        0.150
  C      -74.636       49.465       23.802     0.027    4.00        0.150
  C      -75.386       49.269       22.519     0.229    4.00        0.150
  N      -76.220       50.395       22.109    -0.079    3.50        0.160
 HD      -76.493       50.335       21.106     0.274    2.00        0.000
 HD      -75.672       51.263       22.272     0.274    2.00        0.000
 HD      -77.132       50.415       22.608     0.274    2.00        0.000
  C      -74.700       52.111       26.660     0.241    4.00        0.150
 OA      -74.669       52.909       25.673    -0.271    3.20        0.200
  N      -75.409       52.352       27.785    -0.346    3.50        0.160
 HD      -75.510       51.600       28.433     0.163    2.00        0.000
  C      -75.988       53.670       28.248     0.172    4.00        0.150
  C      -76.674       53.581       29.613     0.042    4.00        0.150
  C      -74.953       54.855       28.221     0.240    4.00        0.150
 OA      -75.283       56.035       28.208    -0.271    3.20        0.200
  N      -73.638       54.573       28.282    -0.345    3.50        0.160
 HD      -73.415       53.634       28.529     0.163    2.00        0.000
  C      -72.536       55.501       28.047     0.185    4.00        0.150
  C      -71.488       55.410       29.196     0.105    4.00        0.150
 SA      -72.170       55.948       30.787    -0.180    4.00        0.200
 HD      -71.240       56.794       31.206     0.101    2.00        0.000
  C      -71.827       55.360       26.773     0.241    4.00        0.150
 OA      -70.863       56.055       26.568    -0.271    3.20        0.200
  N      -72.321       54.549       25.861    -0.346    3.50        0.160
 HD      -73.192       54.069       25.797     0.163    2.00        0.000
  C      -71.573       54.298       24.679     0.172    4.00        0.150
  C      -71.816       52.843       24.223     0.042    4.00        0.150
  C      -72.088       55.291       23.563     0.240    4.00        0.150
 OA      -73.205       55.145       23.047    -0.271    3.20        0.200
  N      -71.393       56.349       23.267    -0.346    3.50        0.160
 HD      -70.766       56.763       23.921     0.163    2.00        0.000
  C      -71.925       57.355       22.369     0.186    4.00        0.150
  C      -72.020       58.657       23.173     0.147    4.00        0.150
  C      -70.831       59.389       23.803     0.175    4.00        0.150
 OA      -69.764       58.792       23.992    -0.648    3.20        0.200
 OA      -70.941       60.626       24.120    -0.648    3.20        0.200
  C      -71.005       57.419       21.100     0.241    4.00        0.150
 OA      -71.402       58.094       20.143    -0.271    3.20        0.200
  N      -69.866       56.644       21.052    -0.346    3.50        0.160
 HD      -69.863       56.086       21.878     0.163    2.00        0.000
  C      -69.069       56.441       19.856     0.172    4.00        0.150
  C      -68.261       57.716       19.496     0.042    4.00        0.150
  C      -68.114       55.302       20.231     0.240    4.00        0.150
 OA      -68.183       54.803       21.359    -0.271    3.20        0.200
  N      -67.311       54.763       19.298    -0.344    3.50        0.160
 HD      -67.301       54.975       18.325     0.163    2.00        0.000
  C      -66.317       53.756       19.572     0.205    4.00        0.150
  C      -66.511       52.520       18.647     0.146    4.00        0.150
 OA      -66.722       52.942       17.311    -0.393    3.20        0.200
 HD      -66.754       52.285       16.613     0.210    2.00        0.000
  C      -67.753       51.754       19.217     0.042    4.00        0.150
  C      -64.983       54.358       19.280     0.243    4.00        0.150
 OA      -64.940       55.332       18.595    -0.271    3.20        0.200
  N      -63.809       53.796       19.802    -0.346    3.50        0.160
 HD      -63.822       52.986       20.383     0.163    2.00        0.000
  C      -62.501       54.367       19.776     0.177    4.00        0.150
  C      -61.552       53.694       20.700     0.038    4.00        0.150
  C      -60.042       54.087       20.785    -0.020    4.00        0.150
  C      -59.779       55.546       21.170     0.009    4.00        0.150
  C      -59.331       53.131       21.755     0.009    4.00        0.150
  C      -62.053       54.633       18.333     0.241    4.00        0.150
 OA      -61.430       55.650       18.060    -0.271    3.20        0.200
  N      -62.422       53.734       17.413    -0.344    3.50        0.160
 HD      -62.788       52.887       17.789     0.163    2.00        0.000
  C      -62.231       53.836       15.957     0.200    4.00        0.150
  C      -62.885       52.528       15.237     0.199    4.00        0.150
 OA      -64.209       52.306       15.678    -0.398    3.20        0.200
 HD      -64.832       52.668       15.043     0.209    2.00        0.000
  C      -62.819       55.028       15.218     0.243    4.00        0.150
 OA      -62.457       55.452       14.128    -0.271    3.20        0.200
  N      -63.860       55.681       15.746    -0.346    3.50        0.160
 HD      -64.200       55.286       16.596     0.163    2.00        0.000
  C      -64.453       56.880       15.166     0.177    4.00        0.150
  C      -65.931       57.153       15.577     0.044    4.00        0.150
  C      -66.907       56.001       15.168     0.105    4.00        0.150
  C      -68.262       56.346       15.880     0.215    4.00        0.150
 OA      -68.610       57.541       15.869    -0.274    3.20        0.200
  N      -68.945       55.383       16.455    -0.370    3.50        0.160
 HD      -69.922       55.545       16.603     0.159    2.00        0.000
 HD      -68.502       54.489       16.526     0.159    2.00        0.000
  C      -63.687       58.073       15.609     0.241    4.00        0.150
 OA      -63.633       59.182       15.062    -0.271    3.20        0.200
  N      -63.118       58.009       16.793    -0.346    3.50        0.160
 HD      -63.056       57.105       17.209     0.163    2.00        0.000
  C      -62.332       59.047       17.411     0.180    4.00        0.150
  C      -62.414       58.822       18.950     0.013    4.00        0.150
  C      -61.519       59.823       19.726     0.012    4.00        0.150
  C      -63.877       59.025       19.449     0.002    4.00        0.150
  C      -64.569       60.389       19.235     0.005    4.00        0.150
  C      -60.898       59.230       16.971     0.241    4.00        0.150
 OA      -60.344       60.325       17.140    -0.271    3.20        0.200
  N      -60.346       58.095       16.471    -0.344    3.50        0.160
 HD      -60.774       57.227       16.714     0.163    2.00        0.000
  C      -58.981       58.082       15.896     0.205    4.00        0.150
  C      -58.224       56.896       16.398     0.146    4.00        0.150
 OA      -58.886       55.696       16.037    -0.393    3.20        0.200
 HD      -58.206       55.062       16.278     0.210    2.00        0.000
  C      -58.248       56.952       17.979     0.042    4.00        0.150
  C      -59.009       58.154       14.409     0.243    4.00        0.150
 OA      -58.020       57.805       13.695    -0.271    3.20        0.200
  N      -60.155       58.600       13.788    -0.345    3.50        0.160
 HD      -60.787       58.908       14.495     0.163    2.00        0.000
  C      -60.511       58.674       12.311     0.185    4.00        0.150
  C      -62.054       59.140       12.249     0.137    4.00        0.150
  C      -62.608       59.209       10.799     0.217    4.00        0.150
 OA      -61.894       59.142        9.815    -0.274    3.20        0.200
  N      -63.945       59.429       10.709    -0.370    3.50        0.160
 HD      -64.303       59.423        9.775     0.159    2.00        0.000
 HD      -64.586       59.069       11.387     0.159    2.00        0.000
  C      -59.548       59.644       11.615     0.241    4.00        0.150
 OA      -59.104       59.418       10.473    -0.271    3.20        0.200
  N      -59.184       60.745       12.238    -0.346    3.50        0.160
 HD      -59.355       60.983       13.191     0.163    2.00        0.000
  C      -58.468       61.871       11.647     0.185    4.00        0.150
  C      -59.131       63.198       11.999     0.137    4.00        0.150
  C      -60.603       63.018       11.492     0.217    4.00        0.150
 OA      -60.872       62.989       10.254    -0.274    3.20        0.200
  N      -61.605       62.911       12.396    -0.370    3.50        0.160
 HD      -62.511       62.899       11.971     0.159    2.00        0.000
 HD      -61.442       63.360       13.274     0.159    2.00        0.000
  C      -56.997       61.779       11.914     0.241    4.00        0.150
 OA      -56.379       62.837       11.814    -0.271    3.20        0.200
  N      -56.438       60.612       12.247    -0.346    3.50        0.160
 HD      -57.001       59.790       12.220     0.163    2.00        0.000
  C      -55.081       60.433       12.651     0.180    4.00        0.150
  C      -54.792       60.445       14.170     0.013    4.00        0.150
  C      -54.964       61.883       14.785     0.012    4.00        0.150
  C      -55.722       59.443       15.062     0.002    4.00        0.150
  C      -55.060       59.084       16.356     0.005    4.00        0.150
  C      -54.674       59.097       11.941     0.241    4.00        0.150
 OA      -55.460       58.208       11.590    -0.271    3.20        0.200
  N      -53.360       58.941       11.664    -0.345    3.50        0.160
 HD      -52.594       59.543       11.876     0.163    2.00        0.000
  C      -52.834       57.909       10.723     0.186    4.00        0.150
  C      -51.925       58.680        9.695     0.147    4.00        0.150
  C      -50.829       59.577       10.308     0.175    4.00        0.150
 OA      -50.285       60.379        9.513    -0.648    3.20        0.200
 OA      -50.520       59.493       11.484    -0.648    3.20        0.200
  C      -52.147       56.633       11.471     0.243    4.00        0.150
 OA      -51.700       56.745       12.601    -0.271    3.20        0.200
  N      -52.034       55.416       10.851    -0.337    3.50        0.160
  C      -52.725       55.026        9.650     0.127    4.00        0.150
  C      -51.179       54.243       11.276     0.179    4.00        0.150
  C      -51.383       53.219       10.122     0.037    4.00        0.150
  C      -52.748       53.509        9.561     0.022    4.00        0.150
  C      -49.780       54.543       11.629     0.241    4.00        0.150
 OA      -49.120       55.216       10.886    -0.271    3.20        0.200
  N      -49.229       54.025       12.798    -0.346    3.50        0.160
 HD      -49.832       53.538       13.425     0.163    2.00        0.000
  C      -47.837       54.293       13.163     0.180    4.00        0.150
  C      -47.242       53.606       14.385     0.009    4.00        0.150
  C      -47.848       54.209       15.688     0.012    4.00        0.150
  C      -47.493       52.056       14.316     0.012    4.00        0.150
  C      -46.856       54.158       11.997     0.241    4.00        0.150
 OA      -45.852       54.904       11.902    -0.271    3.20        0.200
  N      -47.060       53.118       11.178    -0.351    3.50        0.160
 HD      -47.945       52.663       11.225     0.163    2.00        0.000
  C      -46.064       52.790       10.172     0.225    4.00        0.150
  C      -45.547       51.357       10.479     0.236    4.00        0.150
 OA      -46.112       50.558       11.188    -0.272    3.20        0.200
  N      -44.491       50.995        9.795    -0.346    3.50        0.160
 HD      -44.255       51.465        8.948     0.163    2.00        0.000
  C      -43.703       49.830       10.117     0.176    4.00        0.150
  C      -43.008       49.399        8.796     0.036    4.00        0.150
  C      -42.283       48.067        9.014     0.023    4.00        0.150
  C      -43.148       46.844        8.924     0.138    4.00        0.150
  N      -42.407       45.573        9.277    -0.227    3.50        0.160
 HD      -41.472       45.592        9.634     0.177    2.00        0.000
  C      -43.010       44.424        9.424     0.665    4.00        0.150
  N      -44.279       44.233        9.508    -0.235    3.50        0.160
 HD      -44.970       44.933        9.323     0.174    2.00        0.000
 HD      -44.664       43.315        9.417     0.174    2.00        0.000
  N      -42.281       43.329        9.371    -0.235    3.50        0.160
 HD      -41.413       43.403        8.879     0.174    2.00        0.000
 HD      -42.779       42.495        9.608     0.174    2.00        0.000
  C      -42.712       50.068       11.207     0.241    4.00        0.150
 OA      -41.851       50.942       11.214    -0.271    3.20        0.200
  N      -42.726       49.232       12.265    -0.346    3.50        0.160
 HD      -43.391       48.489       12.239     0.163    2.00        0.000
  C      -41.818       49.466       13.353     0.180    4.00        0.150
  C      -42.592       49.734       14.698     0.013    4.00        0.150
  C      -41.706       49.549       15.910     0.012    4.00        0.150
  C      -43.299       51.119       14.607     0.002    4.00        0.150
  C      -42.492       52.349       14.775     0.005    4.00        0.150
  C      -40.959       48.225       13.411     0.241    4.00        0.150
 OA      -41.358       47.082       13.718    -0.271    3.20        0.200
  N      -39.688       48.443       13.175    -0.346    3.50        0.160
 HD      -39.354       49.306       12.804     0.163    2.00        0.000
  C      -38.654       47.375       13.211     0.177    4.00        0.150
  C      -37.613       47.586       12.095     0.044    4.00        0.150
  C      -38.231       47.400       10.673     0.105    4.00        0.150
  C      -38.956       46.089       10.490     0.215    4.00        0.150
 OA      -40.144       46.124       10.364    -0.274    3.20        0.200
  N      -38.187       45.039       10.322    -0.370    3.50        0.160
 HD      -38.654       44.189       10.076     0.159    2.00        0.000
 HD      -37.221       45.202       10.126     0.159    2.00        0.000
  C      -37.872       47.382       14.555     0.241    4.00        0.150
 OA      -37.199       48.362       14.931    -0.271    3.20        0.200
  N      -37.914       46.313       15.314    -0.346    3.50        0.160
 HD      -38.269       45.473       14.911     0.163    2.00        0.000
  C      -36.915       46.090       16.392     0.177    4.00        0.150
  C      -37.584       45.515       17.648     0.045    4.00        0.150
  C      -38.622       46.596       18.169     0.076    4.00        0.150
 SA      -39.228       46.107       19.843    -0.173    4.00        0.200
  C      -37.824       46.734       20.709     0.089    4.00        0.150
  C      -35.975       45.004       15.951     0.241    4.00        0.150
 OA      -36.372       44.124       15.180    -0.271    3.20        0.200
  N      -34.720       44.940       16.426    -0.346    3.50        0.160
 HD      -34.307       45.532       17.113     0.163    2.00        0.000
  C      -33.663       44.051       15.887     0.176    4.00        0.150
  C      -32.484       44.733       15.191     0.036    4.00        0.150
  C      -33.003       45.770       14.143     0.022    4.00        0.150
  C      -33.654       45.221       12.853     0.122    4.00        0.150
  N      -34.040       46.432       11.973    -0.367    3.50        0.160
 HD      -33.877       47.332       12.375     0.162    2.00        0.000
  C      -34.391       46.390       10.712     0.143    4.00        0.150
 NA      -34.426       45.267       10.112    -0.274    3.50        0.160
 HD      -34.665       44.466       10.660     0.127    2.00        0.000
 HD      -34.928       45.349        9.251     0.127    2.00        0.000
  N      -34.583       47.507       10.009    -0.376    3.50        0.160
 HD      -34.339       48.385       10.420     0.158    2.00        0.000
 HD      -34.824       47.437        9.040     0.158    2.00        0.000
  C      -33.278       43.233       17.125     0.241    4.00        0.150
 OA      -33.475       43.641       18.237    -0.271    3.20        0.200
  N      -32.704       42.005       16.934    -0.344    3.50        0.160
 HD      -32.669       41.610       16.019     0.163    2.00        0.000
  C      -32.126       41.315       18.035     0.205    4.00        0.150
  C      -31.787       39.824       17.688     0.146    4.00        0.150
 OA      -33.067       39.177       17.450    -0.393    3.20        0.200
 HD      -33.662       39.866       17.143     0.210    2.00        0.000
  C      -31.086       39.087       18.786     0.042    4.00        0.150
  C      -30.724       41.846       18.496     0.243    4.00        0.150
 OA      -29.729       41.722       17.765    -0.271    3.20        0.200
  N      -30.652       42.432       19.672    -0.346    3.50        0.160
 HD      -31.524       42.509       20.150     0.163    2.00        0.000
  C      -29.523       43.058       20.184     0.176    4.00        0.150
  C      -29.964       44.367       20.918     0.036    4.00        0.150
  C      -30.724       45.295       20.010     0.023    4.00        0.150
  C      -30.097       45.539       18.628     0.138    4.00        0.150
  N      -30.935       46.715       18.128    -0.227    3.50        0.160
 HD      -31.933       46.650       18.147     0.177    2.00        0.000
  C      -30.574       47.889       17.601     0.665    4.00        0.150
  N      -29.283       48.243       17.446    -0.235    3.50        0.160
 HD      -28.601       47.519       17.340     0.174    2.00        0.000
 HD      -29.240       49.114       16.957     0.174    2.00        0.000
  N      -31.509       48.773       17.260    -0.235    3.50        0.160
 HD      -31.187       49.707       17.103     0.174    2.00        0.000
 HD      -32.488       48.680       17.440     0.174    2.00        0.000
  C      -28.790       42.177       21.120     0.241    4.00        0.150
 OA      -27.660       42.505       21.504    -0.271    3.20        0.200
  N      -29.398       41.053       21.604    -0.346    3.50        0.160
 HD      -30.344       40.827       21.386     0.163    2.00        0.000
  C      -28.645       40.073       22.279     0.176    4.00        0.150
  C      -28.536       40.351       23.755     0.036    4.00        0.150
  C      -27.213       40.022       24.562     0.023    4.00        0.150
  C      -25.879       40.661       24.073     0.138    4.00        0.150
  N      -25.750       41.969       24.745    -0.227    3.50        0.160
 HD      -26.171       42.248       25.609     0.177    2.00        0.000
  C      -25.117       42.941       24.133     0.665    4.00        0.150
  N      -24.195       42.826       23.213    -0.235    3.50        0.160
 HD      -23.680       41.974       23.125     0.174    2.00        0.000
 HD      -23.588       43.617       23.137     0.174    2.00        0.000
  N      -25.419       44.178       24.560    -0.235    3.50        0.160
 HD      -24.859       44.951       24.260     0.174    2.00        0.000
 HD      -26.121       44.316       25.260     0.174    2.00        0.000
  C      -29.428       38.774       22.096     0.241    4.00        0.150
 OA      -30.621       38.755       21.964    -0.271    3.20        0.200
  N      -28.689       37.632       22.107    -0.344    3.50        0.160
 HD      -27.699       37.533       22.045     0.163    2.00        0.000
  C      -29.439       36.376       22.462     0.205    4.00        0.150
  C      -29.470       35.231       21.368     0.146    4.00        0.150
 OA      -29.986       35.780       20.168    -0.393    3.20        0.200
 HD      -29.161       36.113       19.808     0.210    2.00        0.000
  C      -30.457       34.102       21.780     0.042    4.00        0.150
  C      -28.632       35.714       23.588     0.243    4.00        0.150
 OA      -27.459       35.377       23.399    -0.271    3.20        0.200
  N      -29.363       35.375       24.632    -0.346    3.50        0.160
 HD      -30.332       35.605       24.676     0.163    2.00        0.000
  C      -28.836       34.816       25.867     0.177    4.00        0.150
  C      -29.262       35.664       27.094     0.038    4.00        0.150
  C      -28.753       37.143       27.036    -0.020    4.00        0.150
  C      -29.418       37.852       28.208     0.009    4.00        0.150
  C      -27.198       37.309       27.149     0.009    4.00        0.150
  C      -29.293       33.332       26.034     0.241    4.00        0.150
 OA      -30.431       32.982       25.770    -0.271    3.20        0.200
  N      -28.324       32.456       26.388    -0.346    3.50        0.160
 HD      -27.432       32.851       26.594     0.163    2.00        0.000
  C      -28.288       31.013       26.254     0.176    4.00        0.150
  C      -27.240       30.662       25.135     0.036    4.00        0.150
  C      -27.723       31.152       23.777     0.023    4.00        0.150
  C      -26.824       30.610       22.599     0.138    4.00        0.150
  N      -27.463       30.776       21.232    -0.227    3.50        0.160
 HD      -28.097       30.063       20.932     0.177    2.00        0.000
  C      -27.506       31.945       20.597     0.665    4.00        0.150
  N      -26.829       32.970       20.937    -0.235    3.50        0.160
 HD      -26.178       32.843       21.686     0.174    2.00        0.000
 HD      -26.576       33.550       20.162     0.174    2.00        0.000
  N      -28.140       31.965       19.453    -0.235    3.50        0.160
 HD      -28.534       31.177       18.978     0.174    2.00        0.000
 HD      -27.968       32.784       18.906     0.174    2.00        0.000
  C      -27.782       30.545       27.581     0.240    4.00        0.150
 OA      -26.872       31.158       28.111    -0.271    3.20        0.200
  N      -28.368       29.542       28.237    -0.351    3.50        0.160
 HD      -29.022       28.967       27.752     0.163    2.00        0.000
  C      -27.899       29.017       29.485     0.225    4.00        0.150
  C      -28.891       28.189       30.182     0.236    4.00        0.150
 OA      -28.493       27.225       30.740    -0.272    3.20        0.200
  N      -30.211       28.477       30.106    -0.346    3.50        0.160
 HD      -30.528       29.319       29.677     0.163    2.00        0.000
  C      -31.328       27.577       30.496     0.182    4.00        0.150
  C      -32.669       28.299       30.233     0.093    4.00        0.150
  N      -32.994       30.077       31.990    -0.353    3.50        0.160
 HD      -32.899       29.434       32.750     0.166    2.00        0.000
  A      -32.880       29.759       30.656     0.030    4.00        0.150
  A      -33.202       31.425       32.015     0.207    4.00        0.150
 NA      -33.226       31.956       30.811    -0.254    3.50        0.160
  A      -33.019       30.907       29.965     0.143    4.00        0.150
  C      -31.234       26.228       29.724     0.241    4.00        0.150
 OA      -31.166       26.148       28.476    -0.271    3.20        0.200
  N      -31.396       25.050       30.392    -0.346    3.50        0.160
 HD      -31.576       25.121       31.370     0.163    2.00        0.000
  C      -31.416       23.779       29.888     0.177    4.00        0.150
  C      -31.119       22.736       30.988     0.038    4.00        0.150
  C      -29.968       23.098       31.949    -0.020    4.00        0.150
  C      -29.762       22.185       33.098     0.009    4.00        0.150
  C      -28.571       23.267       31.154     0.009    4.00        0.150
  C      -32.794       23.515       29.264     0.241    4.00        0.150
 OA      -32.965       22.598       28.443    -0.271    3.20        0.200
  N      -33.793       24.138       29.828    -0.346    3.50        0.160
 HD      -33.656       24.811       30.550     0.163    2.00        0.000
  C      -35.206       23.975       29.538     0.172    4.00        0.150
  C      -35.916       23.100       30.620     0.042    4.00        0.150
  C      -35.952       25.313       29.387     0.240    4.00        0.150
 OA      -35.398       26.427       29.593    -0.271    3.20        0.200
  N      -37.249       25.149       29.010    -0.346    3.50        0.160
 HD      -37.633       24.271       28.736     0.163    2.00        0.000
  C      -38.273       26.118       28.784     0.176    4.00        0.150
  C      -39.571       25.424       28.649     0.035    4.00        0.150
  C      -39.805       24.165       29.568     0.004    4.00        0.150
  C      -41.328       23.857       29.556     0.027    4.00        0.150
  C      -41.909       22.688       30.350     0.229    4.00        0.150
  N      -40.955       21.502       30.252    -0.079    3.50        0.160
 HD      -40.749       21.288       29.255     0.274    2.00        0.000
 HD      -41.441       20.625       30.525     0.274    2.00        0.000
 HD      -40.077       21.671       30.785     0.274    2.00        0.000
  C      -38.376       27.236       29.805     0.241    4.00        0.150
 OA      -38.680       27.032       30.945    -0.271    3.20        0.200
  N      -38.239       28.494       29.312    -0.346    3.50        0.160
 HD      -38.076       28.816       28.382     0.163    2.00        0.000
  C      -38.418       29.650       30.231     0.180    4.00        0.150
  C      -37.752       30.888       29.566     0.013    4.00        0.150
  C      -37.792       32.122       30.560     0.012    4.00        0.150
  C      -36.212       30.659       29.324     0.002    4.00        0.150
  C      -35.863       31.586       28.151     0.005    4.00        0.150
  C      -39.821       29.936       30.459     0.241    4.00        0.150
 OA      -40.613       30.096       29.591    -0.271    3.20        0.200
  N      -40.284       30.182       31.720    -0.346    3.50        0.160
 HD      -39.655       30.219       32.493     0.163    2.00        0.000
  C      -41.740       30.386       31.911     0.180    4.00        0.150
  C      -42.357       29.465       32.998     0.073    4.00        0.150
  A      -43.846       29.473       32.907    -0.056    4.00        0.150
  A      -44.481       28.422       32.289     0.010    4.00        0.150
  A      -45.864       28.317       32.231     0.037    4.00        0.150
  A      -46.576       29.286       32.943     0.065    4.00        0.150
 OA      -47.995       29.242       32.872    -0.361    3.20        0.200
 HD      -48.205       28.341       32.617     0.217    2.00        0.000
  A      -44.547       30.405       33.662     0.010    4.00        0.150
  A      -45.964       30.255       33.765     0.037    4.00        0.150
  C      -42.042       31.864       32.195     0.241    4.00        0.150
 OA      -43.104       32.376       31.853    -0.271    3.20        0.200
  N      -41.146       32.546       32.934    -0.346    3.50        0.160
 HD      -40.439       31.965       33.330     0.163    2.00        0.000
  C      -41.222       34.022       33.129     0.172    4.00        0.150
  C      -41.802       34.270       34.516     0.042    4.00        0.150
  C      -39.876       34.704       33.020     0.240    4.00        0.150
 OA      -38.800       34.064       33.041    -0.271    3.20        0.200
  N      -39.866       36.064       32.762    -0.346    3.50        0.160
 HD      -40.744       36.524       32.656     0.163    2.00        0.000
  C      -38.740       36.969       32.909     0.177    4.00        0.150
  C      -37.910       37.173       31.503     0.045    4.00        0.150
  C      -38.605       37.293       30.187     0.076    4.00        0.150
 SA      -39.781       38.672       30.272    -0.173    4.00        0.200
  C      -38.688       40.012       29.899     0.089    4.00        0.150
  C      -39.156       38.365       33.425     0.241    4.00        0.150
 OA      -40.338       38.772       33.317    -0.271    3.20        0.200
  N      -38.267       39.071       34.194    -0.346    3.50        0.160
 HD      -37.409       38.620       34.430     0.163    2.00        0.000
  C      -38.509       40.361       34.824     0.182    4.00        0.150
  C      -38.923       40.065       36.327     0.093    4.00        0.150
  N      -38.495       42.298       37.268    -0.353    3.50        0.160
 HD      -37.621       42.604       36.891     0.166    2.00        0.000
  A      -39.328       41.281       37.036     0.030    4.00        0.150
  A      -39.039       43.025       38.253     0.207    4.00        0.150
 NA      -40.206       42.550       38.611    -0.254    3.50        0.160
  A      -40.373       41.412       37.830     0.143    4.00        0.150
  C      -37.318       41.304       34.727     0.241    4.00        0.150
 OA      -36.195       40.999       35.061    -0.271    3.20        0.200
  N      -37.564       42.595       34.294    -0.346    3.50        0.160
 HD      -38.504       42.858       34.094     0.163    2.00        0.000
  C      -36.610       43.678       34.294     0.181    4.00        0.150
  C      -37.074       44.770       33.369     0.075    4.00        0.150
  A      -37.121       44.368       31.909    -0.028    4.00        0.150
  A      -38.227       44.099       31.157     0.096    4.00        0.150
  N      -37.835       44.072       29.781    -0.365    3.50        0.160
 HD      -38.394       43.888       29.003     0.165    2.00        0.000
  A      -36.498       44.297       29.695     0.042    4.00        0.150
  A      -36.004       44.563       30.966    -0.002    4.00        0.150
  A      -34.698       45.031       31.163     0.014    4.00        0.150
  A      -33.818       44.953       30.065     0.001    4.00        0.150
  A      -35.689       44.381       28.558     0.030    4.00        0.150
  A      -34.358       44.672       28.791     0.002    4.00        0.150
  C      -36.092       44.265       35.646     0.241    4.00        0.150
 OA      -36.810       44.311       36.661    -0.271    3.20        0.200
  N      -34.872       44.803       35.688    -0.351    3.50        0.160
 HD      -34.217       44.473       35.013     0.163    2.00        0.000
  C      -34.291       45.594       36.794     0.225    4.00        0.150
  C      -34.638       47.038       36.816     0.236    4.00        0.150
 OA      -35.294       47.438       35.852    -0.272    3.20        0.200
  N      -34.321       47.774       37.960    -0.344    3.50        0.160
 HD      -33.777       47.220       38.587     0.163    2.00        0.000
  C      -34.732       49.139       38.155     0.205    4.00        0.150
  C      -34.414       49.655       39.576     0.146    4.00        0.150
 OA      -34.820       50.990       39.771    -0.393    3.20        0.200
 HD      -35.773       51.097       39.724     0.210    2.00        0.000
  C      -32.986       49.369       40.004     0.042    4.00        0.150
  C      -34.429       50.220       37.105     0.243    4.00        0.150
 OA      -35.309       51.055       36.755    -0.271    3.20        0.200
  N      -33.223       50.105       36.583    -0.345    3.50        0.160
 HD      -32.492       49.477       36.839     0.163    2.00        0.000
  C      -32.696       51.082       35.664     0.186    4.00        0.150
  C      -31.518       51.828       36.421     0.147    4.00        0.150
  C      -30.453       50.850       36.980     0.175    4.00        0.150
 OA      -30.493       49.591       36.840    -0.648    3.20        0.200
 OA      -29.491       51.374       37.660    -0.648    3.20        0.200
  C      -32.249       50.442       34.286     0.241    4.00        0.150
 OA      -31.278       50.848       33.723    -0.271    3.20        0.200
  N      -33.157       49.538       33.876    -0.344    3.50        0.160
 HD      -33.887       49.340       34.527     0.163    2.00        0.000
  C      -33.292       49.195       32.486     0.200    4.00        0.150
  C      -33.475       50.315       31.463     0.199    4.00        0.150
 OA      -34.685       50.976       31.790    -0.398    3.20        0.200
 HD      -34.905       51.506       31.021     0.209    2.00        0.000
  C      -32.227       48.246       31.883     0.243    4.00        0.150
 OA      -32.102       47.996       30.679    -0.271    3.20        0.200
  N      -31.447       47.644       32.809    -0.346    3.50        0.160
 HD      -31.533       47.868       33.776     0.163    2.00        0.000
  C      -30.177       47.065       32.352     0.176    4.00        0.150
  C      -28.967       47.668       33.083     0.036    4.00        0.150
  C      -27.658       47.276       32.426     0.023    4.00        0.150
  C      -26.462       48.124       32.901     0.138    4.00        0.150
  N      -25.197       47.441       32.619    -0.227    3.50        0.160
 HD      -25.272       46.469       32.393     0.177    2.00        0.000
  C      -23.958       47.877       32.843     0.665    4.00        0.150
  N      -23.631       49.127       33.141    -0.235    3.50        0.160
 HD      -24.380       49.711       33.451     0.174    2.00        0.000
 HD      -22.679       49.233       33.428     0.174    2.00        0.000
  N      -22.910       47.024       32.592    -0.235    3.50        0.160
 HD      -23.107       46.051       32.467     0.174    2.00        0.000
 HD      -22.046       47.378       32.235     0.174    2.00        0.000
  C      -30.030       45.630       32.636     0.241    4.00        0.150
 OA      -29.471       44.817       31.872    -0.271    3.20        0.200
  N      -30.591       45.174       33.710    -0.346    3.50        0.160
 HD      -31.013       45.825       34.337     0.163    2.00        0.000
  C      -30.463       43.780       34.123     0.177    4.00        0.150
  C      -29.916       43.541       35.550     0.038    4.00        0.150
  C      -28.729       44.427       36.052    -0.020    4.00        0.150
  C      -28.038       43.788       37.274     0.009    4.00        0.150
  C      -27.590       44.647       35.045     0.009    4.00        0.150
  C      -31.843       43.158       34.080     0.241    4.00        0.150
 OA      -32.828       43.965       34.113    -0.271    3.20        0.200
  N      -31.929       41.786       33.998    -0.346    3.50        0.160
 HD      -31.103       41.234       33.919     0.163    2.00        0.000
  C      -33.240       41.162       33.904     0.177    4.00        0.150
  C      -33.755       41.048       32.434     0.038    4.00        0.150
  C      -33.025       39.982       31.559    -0.020    4.00        0.150
  C      -33.912       39.650       30.346     0.009    4.00        0.150
  C      -31.668       40.498       31.049     0.009    4.00        0.150
  C      -32.872       39.773       34.507     0.241    4.00        0.150
 OA      -31.731       39.410       34.609    -0.271    3.20        0.200
  N      -33.903       39.071       35.072    -0.346    3.50        0.160
 HD      -34.806       39.489       35.018     0.163    2.00        0.000
  C      -33.806       37.772       35.634     0.180    4.00        0.150
  C      -33.965       37.781       37.139     0.009    4.00        0.150
  C      -35.339       38.269       37.615     0.012    4.00        0.150
  C      -33.580       36.378       37.679     0.012    4.00        0.150
  C      -34.713       36.878       34.788     0.241    4.00        0.150
 OA      -35.837       37.277       34.419    -0.271    3.20        0.200
  N      -34.274       35.658       34.505    -0.344    3.50        0.160
 HD      -33.328       35.487       34.771     0.163    2.00        0.000
  C      -35.098       34.685       33.748     0.200    4.00        0.150
  C      -34.860       34.508       32.249     0.199    4.00        0.150
 OA      -33.486       34.288       32.087    -0.398    3.20        0.200
 HD      -33.368       33.511       31.535     0.209    2.00        0.000
  C      -35.325       33.403       34.464     0.243    4.00        0.150
 OA      -34.391       32.973       35.113    -0.271    3.20        0.200
  N      -36.499       32.769       34.486    -0.346    3.50        0.160
 HD      -37.316       33.153       34.063     0.163    2.00        0.000
  C      -36.889       31.679       35.265     0.172    4.00        0.150
  C      -38.110       32.081       36.112     0.042    4.00        0.150
  C      -37.287       30.408       34.402     0.240    4.00        0.150
 OA      -38.348       30.223       33.774    -0.271    3.20        0.200
  N      -36.453       29.390       34.402    -0.344    3.50        0.160
 HD      -35.643       29.402       34.983     0.163    2.00        0.000
  C      -36.629       28.293       33.439     0.200    4.00        0.150
  C      -35.368       28.045       32.529     0.199    4.00        0.150
 OA      -34.157       27.885       33.198    -0.398    3.20        0.200
 HD      -34.110       27.000       33.567     0.209    2.00        0.000
  C      -37.065       27.053       34.185     0.243    4.00        0.150
 OA      -36.869       26.867       35.363    -0.271    3.20        0.200
  N      -37.831       26.129       33.536    -0.346    3.50        0.160
 HD      -38.115       26.215       32.585     0.163    2.00        0.000
  C      -38.558       25.080       34.254     0.177    4.00        0.150
  C      -39.947       24.606       33.695     0.044    4.00        0.150
  C      -40.917       25.754       33.549     0.105    4.00        0.150
  C      -42.418       25.420       33.621     0.215    4.00        0.150
 OA      -43.022       24.724       32.794    -0.274    3.20        0.200
  N      -42.975       25.766       34.746    -0.370    3.50        0.160
 HD      -43.948       25.535       34.759     0.159    2.00        0.000
 HD      -42.441       26.375       35.332     0.159    2.00        0.000
  C      -37.681       23.866       34.431     0.241    4.00        0.150
 OA      -38.152       22.745       34.576    -0.271    3.20        0.200
  N      -36.348       24.104       34.540    -0.346    3.50        0.160
 HD      -35.970       25.016       34.396     0.163    2.00        0.000
  C      -35.301       23.156       34.822     0.186    4.00        0.150
  C      -34.144       23.335       33.800     0.147    4.00        0.150
  C      -33.672       24.793       33.558     0.175    4.00        0.150
 OA      -32.892       25.105       32.594    -0.648    3.20        0.200
 OA      -34.259       25.665       34.198    -0.648    3.20        0.200
  C      -34.653       23.484       36.190     0.241    4.00        0.150
 OA      -33.711       22.780       36.685    -0.271    3.20        0.200
  N      -35.198       24.489       36.923    -0.351    3.50        0.160
 HD      -35.847       25.100       36.475     0.163    2.00        0.000
  C      -34.667       24.926       38.217     0.225    4.00        0.150
  C      -33.630       26.063       38.125     0.236    4.00        0.150
 OA      -32.924       26.322       39.058    -0.272    3.20        0.200
  N      -33.443       26.633       36.914    -0.346    3.50        0.160
 HD      -33.999       26.400       36.120     0.163    2.00        0.000
  C      -32.513       27.727       36.714     0.176    4.00        0.150
  C      -31.764       27.521       35.401     0.035    4.00        0.150
  C      -30.349       27.099       35.430     0.004    4.00        0.150
  C      -30.124       25.766       36.257     0.027    4.00        0.150
  C      -30.959       24.531       35.652     0.229    4.00        0.150
  N      -30.767       23.285       36.464    -0.079    3.50        0.160
 HD      -31.217       22.444       36.048     0.274    2.00        0.000
 HD      -31.157       23.507       37.402     0.274    2.00        0.000
 HD      -29.757       23.051       36.541     0.274    2.00        0.000
  C      -33.196       29.113       36.835     0.241    4.00        0.150
 OA      -34.152       29.345       36.126    -0.271    3.20        0.200
  N      -32.740       29.969       37.745    -0.346    3.50        0.160
 HD      -32.047       29.627       38.377     0.163    2.00        0.000
  C      -33.044       31.397       37.774     0.177    4.00        0.150
  C      -33.859       31.623       39.073     0.038    4.00        0.150
  C      -34.263       33.111       39.376    -0.020    4.00        0.150
  C      -35.518       33.456       38.633     0.009    4.00        0.150
  C      -34.363       33.383       40.869     0.009    4.00        0.150
  C      -31.776       32.221       37.560     0.241    4.00        0.150
 OA      -30.831       32.167       38.403    -0.271    3.20        0.200
  N      -31.746       32.908       36.441    -0.346    3.50        0.160
 HD      -32.533       32.882       35.828     0.163    2.00        0.000
  C      -30.493       33.441       35.987     0.180    4.00        0.150
  C      -30.094       32.923       34.640     0.013    4.00        0.150
  C      -28.650       33.348       34.258     0.012    4.00        0.150
  C      -30.327       31.380       34.632     0.002    4.00        0.150
  C      -29.712       30.680       33.455     0.005    4.00        0.150
  C      -30.598       34.987       35.856     0.241    4.00        0.150
 OA      -31.416       35.518       35.129    -0.271    3.20        0.200
  N      -29.663       35.744       36.502    -0.346    3.50        0.160
 HD      -28.949       35.292       37.031     0.163    2.00        0.000
  C      -29.494       37.231       36.418     0.180    4.00        0.150
  C      -29.189       37.851       37.809     0.013    4.00        0.150
  C      -29.474       39.380       37.589     0.012    4.00        0.150
  C      -30.147       37.015       38.866     0.002    4.00        0.150
  C      -30.202       37.682       40.253     0.005    4.00        0.150
  C      -28.500       37.501       35.319     0.241    4.00        0.150
 OA      -27.375       36.994       35.304    -0.271    3.20        0.200
  N      -28.868       38.332       34.379    -0.346    3.50        0.160
 HD      -29.776       38.745       34.381     0.163    2.00        0.000
  C      -28.047       38.738       33.269     0.181    4.00        0.150
  C      -28.462       38.179       31.870     0.075    4.00        0.150
  A      -29.135       36.837       31.823    -0.028    4.00        0.150
  A      -30.384       36.689       32.236     0.096    4.00        0.150
  N      -30.850       35.464       31.986    -0.365    3.50        0.160
 HD      -31.760       35.137       32.124     0.165    2.00        0.000
  A      -29.887       34.695       31.384     0.042    4.00        0.150
  A      -28.742       35.537       31.283    -0.002    4.00        0.150
  A      -27.687       35.118       30.609     0.014    4.00        0.150
  A      -27.655       33.860       29.983     0.001    4.00        0.150
  A      -29.927       33.461       30.738     0.030    4.00        0.150
  A      -28.801       33.062       30.006     0.002    4.00        0.150
  C      -27.976       40.273       33.270     0.241    4.00        0.150
 OA      -28.857       40.955       33.764    -0.271    3.20        0.200
  N      -26.887       40.724       32.727    -0.345    3.50        0.160
 HD      -26.157       40.058       32.592     0.163    2.00        0.000
  C      -26.691       42.085       32.271     0.186    4.00        0.150
  C      -25.194       42.522       32.740     0.147    4.00        0.150
  C      -24.815       43.963       32.418     0.175    4.00        0.150
 OA      -25.483       44.773       31.814    -0.648    3.20        0.200
 OA      -23.598       44.270       32.722    -0.648    3.20        0.200
  C      -26.862       42.307       30.776     0.241    4.00        0.150
 OA      -26.274       41.597       29.959    -0.271    3.20        0.200
  N      -27.694       43.306       30.363    -0.344    3.50        0.160
 HD      -28.250       43.899       30.941     0.163    2.00        0.000
  C      -28.044       43.385       28.922     0.200    4.00        0.150
  C      -29.287       44.277       28.695     0.199    4.00        0.150
 OA      -30.499       43.826       29.365    -0.398    3.20        0.200
 HD      -30.363       43.983       30.303     0.209    2.00        0.000
  C      -26.936       44.039       28.044     0.243    4.00        0.150
 OA      -26.948       43.926       26.845    -0.271    3.20        0.200
  N      -26.097       44.789       28.735    -0.346    3.50        0.160
 HD      -26.082       44.840       29.731     0.163    2.00        0.000
  C      -25.103       45.604       28.077     0.180    4.00        0.150
  C      -24.695       46.929       28.735     0.073    4.00        0.150
  A      -25.781       47.936       28.953    -0.056    4.00        0.150
  A      -27.114       47.700       28.549     0.010    4.00        0.150
  A      -28.164       48.621       28.934     0.037    4.00        0.150
  A      -27.765       49.858       29.426     0.065    4.00        0.150
 OA      -28.717       50.816       29.774    -0.361    3.20        0.200
 HD      -28.263       51.614       30.054     0.217    2.00        0.000
  A      -25.464       49.254       29.291     0.010    4.00        0.150
  A      -26.440       50.176       29.640     0.037    4.00        0.150
  C      -23.789       44.708       27.951     0.241    4.00        0.150
 OA      -23.106       44.780       26.928    -0.271    3.20        0.200
  N      -23.292       43.899       28.943    -0.344    3.50        0.160
 HD      -23.800       43.688       29.775     0.163    2.00        0.000
  C      -21.984       43.274       28.822     0.205    4.00        0.150
  C      -21.145       43.358       30.119     0.146    4.00        0.150
 OA      -21.775       42.774       31.251    -0.393    3.20        0.200
 HD      -22.434       43.390       31.577     0.210    2.00        0.000
  C      -20.757       44.819       30.439     0.042    4.00        0.150
  C      -22.150       41.814       28.524     0.243    4.00        0.150
 OA      -21.157       41.094       28.474    -0.271    3.20        0.200
  N      -23.378       41.237       28.360    -0.344    3.50        0.160
 HD      -24.154       41.862       28.355     0.163    2.00        0.000
  C      -23.697       39.852       28.062     0.205    4.00        0.150
  C      -22.833       39.224       26.936     0.146    4.00        0.150
 OA      -22.662       40.104       25.835    -0.393    3.20        0.200
 HD      -22.310       40.937       26.157     0.210    2.00        0.000
  C      -23.484       37.875       26.375     0.042    4.00        0.150
  C      -23.622       38.965       29.265     0.243    4.00        0.150
 OA      -24.258       37.894       29.274    -0.271    3.20        0.200
  N      -22.727       39.273       30.278    -0.345    3.50        0.160
 HD      -22.315       40.174       30.166     0.163    2.00        0.000
  C      -22.387       38.469       31.385     0.185    4.00        0.150
  C      -21.323       39.200       32.203     0.137    4.00        0.150
  C      -20.081       39.393       31.395     0.217    4.00        0.150
 OA      -19.550       38.571       30.636    -0.274    3.20        0.200
  N      -19.487       40.601       31.478    -0.370    3.50        0.160
 HD      -18.665       40.805       30.946     0.159    2.00        0.000
 HD      -20.062       41.348       31.814     0.159    2.00        0.000
  C      -23.566       38.124       32.330     0.241    4.00        0.150
 OA      -24.504       38.857       32.746    -0.271    3.20        0.200
  N      -23.667       36.802       32.690    -0.346    3.50        0.160
 HD      -23.030       36.101       32.382     0.163    2.00        0.000
  C      -24.373       36.377       33.873     0.176    4.00        0.150
  C      -24.447       34.851       33.957     0.035    4.00        0.150
  C      -25.294       34.258       32.827     0.004    4.00        0.150
  C      -25.320       32.774       32.710     0.027    4.00        0.150
  C      -23.862       32.341       32.514     0.229    4.00        0.150
  N      -23.504       32.446       31.067    -0.079    3.50        0.160
 HD      -22.508       32.461       30.768     0.274    2.00        0.000
 HD      -23.951       33.273       30.626     0.274    2.00        0.000
 HD      -23.868       31.613       30.560     0.274    2.00        0.000
  C      -23.830       36.881       35.235     0.241    4.00        0.150
 OA      -22.637       36.840       35.530    -0.271    3.20        0.200
  N      -24.789       37.431       36.078    -0.346    3.50        0.160
 HD      -25.709       37.305       35.714     0.163    2.00        0.000
  C      -24.515       38.060       37.382     0.180    4.00        0.150
  C      -25.396       39.330       37.745     0.009    4.00        0.150
  C      -24.928       39.944       39.167     0.012    4.00        0.150
  C      -25.437       40.390       36.639     0.012    4.00        0.150
  C      -24.634       37.040       38.408     0.241    4.00        0.150
 OA      -23.750       36.880       39.280    -0.271    3.20        0.200
  N      -25.707       36.234       38.454    -0.346    3.50        0.160
 HD      -26.486       36.295       37.835     0.163    2.00        0.000
  C      -25.837       35.288       39.422     0.182    4.00        0.150
  C      -26.359       35.698       40.853     0.093    4.00        0.150
  N      -25.822       37.743       42.260    -0.353    3.50        0.160
 HD      -26.703       38.201       42.130     0.166    2.00        0.000
  A      -25.443       36.513       41.700     0.030    4.00        0.150
  A      -24.892       37.991       43.196     0.207    4.00        0.150
 NA      -24.103       36.997       43.470    -0.254    3.50        0.160
  A      -24.400       36.093       42.451     0.143    4.00        0.150
  C      -26.732       34.240       38.795     0.241    4.00        0.150
 OA      -27.688       34.517       38.062    -0.271    3.20        0.200
  N      -26.472       32.945       39.138    -0.346    3.50        0.160
 HD      -25.840       32.727       39.878     0.163    2.00        0.000
  C      -27.201       31.855       38.694     0.172    4.00        0.150
  C      -26.363       30.967       37.747     0.042    4.00        0.150
  C      -27.543       31.075       39.954     0.240    4.00        0.150
 OA      -26.685       30.573       40.617    -0.271    3.20        0.200
  N      -28.853       30.845       40.176    -0.346    3.50        0.160
 HD      -29.469       31.132       39.447     0.163    2.00        0.000
  C      -29.429       30.258       41.414     0.180    4.00        0.150
  C      -30.282       31.238       42.126     0.013    4.00        0.150
  C      -30.886       30.674       43.502     0.012    4.00        0.150
  C      -29.700       32.691       42.343     0.002    4.00        0.150
  C      -29.760       33.670       41.113     0.005    4.00        0.150
  C      -30.134       28.962       41.036     0.243    4.00        0.150
 OA      -31.148       28.968       40.315    -0.271    3.20        0.200
  N      -29.700       27.780       41.485    -0.337    3.50        0.160
  C      -28.459       27.533       42.195     0.127    4.00        0.150
  C      -30.432       26.533       41.276     0.179    4.00        0.150
  C      -29.362       25.461       41.425     0.037    4.00        0.150
  C      -28.404       26.033       42.472     0.022    4.00        0.150
  C      -31.466       26.533       42.259     0.241    4.00        0.150
 OA      -31.157       26.573       43.445    -0.271    3.20        0.200
  N      -32.750       26.503       41.872    -0.346    3.50        0.160
 HD      -33.158       26.535       40.964     0.163    2.00        0.000
  C      -33.883       26.520       42.823     0.177    4.00        0.150
  C      -35.226       27.097       42.178     0.038    4.00        0.150
  C      -35.009       28.441       41.451    -0.020    4.00        0.150
  C      -36.173       28.712       40.475     0.009    4.00        0.150
  C      -34.813       29.535       42.573     0.009    4.00        0.150
  C      -34.307       25.121       43.277     0.241    4.00        0.150
 OA      -33.978       24.152       42.585    -0.271    3.20        0.200
  N      -34.918       25.000       44.487    -0.346    3.50        0.160
 HD      -35.072       25.794       45.071     0.163    2.00        0.000
  C      -35.302       23.720       45.053     0.176    4.00        0.150
  C      -35.661       23.819       46.585     0.036    4.00        0.150
  C      -34.437       24.099       47.609     0.023    4.00        0.150
  C      -34.743       23.717       49.050     0.138    4.00        0.150
  N      -35.571       24.769       49.678    -0.227    3.50        0.160
 HD      -35.798       25.548       49.093     0.177    2.00        0.000
  C      -36.107       24.628       50.834     0.665    4.00        0.150
  N      -35.867       23.612       51.733    -0.235    3.50        0.160
 HD      -35.166       22.932       51.518     0.174    2.00        0.000
 HD      -36.473       23.615       52.528     0.174    2.00        0.000
  N      -37.083       25.424       51.308    -0.235    3.50        0.160
 HD      -37.369       25.265       52.253     0.174    2.00        0.000
 HD      -37.158       26.351       50.942     0.174    2.00        0.000
  C      -36.395       22.944       44.329     0.241    4.00        0.150
 OA      -36.393       21.724       44.325    -0.271    3.20        0.200
  N      -37.348       23.695       43.750    -0.344    3.50        0.160
 HD      -37.308       24.677       43.918     0.163    2.00        0.000
  C      -38.425       23.236       42.861     0.200    4.00        0.150
  C      -39.690       23.997       43.060     0.199    4.00        0.150
 OA      -40.737       23.653       42.208    -0.398    3.20        0.200
 HD      -41.006       22.752       42.401     0.209    2.00        0.000
  C      -37.864       23.570       41.426     0.243    4.00        0.150
 OA      -37.498       24.723       41.178    -0.271    3.20        0.200
  N      -38.009       22.561       40.517    -0.344    3.50        0.160
 HD      -38.296       21.695       40.920     0.163    2.00        0.000
  C      -37.838       22.665       39.096     0.200    4.00        0.150
  C      -37.894       21.251       38.416     0.199    4.00        0.150
 OA      -37.319       21.276       37.098    -0.398    3.20        0.200
 HD      -37.863       21.882       36.591     0.209    2.00        0.000
  C      -38.914       23.490       38.407     0.243    4.00        0.150
 OA      -38.747       24.033       37.336    -0.271    3.20        0.200
  N      -40.101       23.473       39.027    -0.346    3.50        0.160
 HD      -40.219       23.273       39.996     0.163    2.00        0.000
  C      -41.359       23.916       38.524     0.181    4.00        0.150
  C      -42.517       23.056       38.867     0.075    4.00        0.150
  A      -42.293       21.670       38.484    -0.028    4.00        0.150
  A      -42.352       20.508       39.236     0.096    4.00        0.150
  N      -41.881       19.448       38.483    -0.365    3.50        0.160
 HD      -41.905       18.505       38.730     0.165    2.00        0.000
  A      -41.651       19.882       37.182     0.042    4.00        0.150
  A      -41.965       21.244       37.119    -0.002    4.00        0.150
  A      -41.921       21.914       35.867     0.014    4.00        0.150
  A      -41.506       21.129       34.789     0.001    4.00        0.150
  A      -41.244       19.162       36.096     0.030    4.00        0.150
  A      -41.201       19.783       34.897     0.002    4.00        0.150
  C      -41.684       25.315       38.894     0.241    4.00        0.150
 OA      -42.745       25.714       39.358    -0.271    3.20        0.200
  N      -40.693       26.249       38.544    -0.346    3.50        0.160
 HD      -39.767       25.934       38.357     0.163    2.00        0.000
  C      -40.840       27.749       38.790     0.180    4.00        0.150
  C      -39.529       28.404       38.627     0.009    4.00        0.150
  C      -38.829       28.073       37.316     0.012    4.00        0.150
  C      -39.623       29.932       38.934     0.012    4.00        0.150
  C      -41.772       28.303       37.713     0.241    4.00        0.150
 OA      -41.823       27.775       36.587    -0.271    3.20        0.200
  N      -42.568       29.248       38.082    -0.346    3.50        0.160
 HD      -42.602       29.420       39.064     0.163    2.00        0.000
  C      -43.572       29.889       37.123     0.177    4.00        0.150
  C      -45.000       29.245       37.338     0.045    4.00        0.150
  C      -45.061       27.824       36.778     0.076    4.00        0.150
 SA      -46.661       27.014       37.169    -0.173    4.00        0.200
  C      -47.747       27.672       35.851     0.089    4.00        0.150
  C      -43.500       31.442       37.171     0.241    4.00        0.150
 OA      -44.184       32.190       36.509    -0.271    3.20        0.200
  N      -42.651       31.944       38.118    -0.344    3.50        0.160
 HD      -42.231       31.422       38.856     0.163    2.00        0.000
  C      -42.620       33.403       38.309     0.205    4.00        0.150
  C      -43.873       33.901       39.193     0.146    4.00        0.150
 OA      -43.934       35.365       39.206    -0.393    3.20        0.200
 HD      -43.754       35.602       38.293     0.210    2.00        0.000
  C      -43.854       33.332       40.541     0.042    4.00        0.150
  C      -41.272       33.842       38.837     0.243    4.00        0.150
 OA      -40.593       33.127       39.602    -0.271    3.20        0.200
  N      -40.858       35.046       38.372    -0.345    3.50        0.160
 HD      -41.365       35.569       37.692     0.163    2.00        0.000
  C      -39.782       35.818       39.021     0.185    4.00        0.150
  C      -38.390       35.505       38.436     0.105    4.00        0.150
 SA      -38.381       35.982       36.640    -0.180    4.00        0.200
 HD      -38.442       37.305       36.702     0.101    2.00        0.000
  C      -40.149       37.267       39.111     0.241    4.00        0.150
 OA      -40.981       37.781       38.393    -0.271    3.20        0.200
  N      -39.565       38.000       40.060    -0.346    3.50        0.160
 HD      -39.077       37.530       40.792     0.163    2.00        0.000
  C      -39.683       39.441       40.315     0.172    4.00        0.150
  C      -40.893       39.691       41.121     0.042    4.00        0.150
  C      -38.474       40.012       41.009     0.240    4.00        0.150
 OA      -37.804       39.334       41.753    -0.271    3.20        0.200
  N      -38.122       41.300       40.808    -0.346    3.50        0.160
 HD      -38.681       41.924       40.269     0.163    2.00        0.000
  C      -36.782       41.748       41.129     0.180    4.00        0.150
  C      -36.138       42.264       39.821     0.073    4.00        0.150
  A      -34.618       42.386       39.770    -0.056    4.00        0.150
  A      -33.823       42.372       38.546     0.010    4.00        0.150
  A      -32.482       42.421       38.602     0.037    4.00        0.150
  A      -31.862       42.355       39.817     0.065    4.00        0.150
 OA      -30.451       42.246       39.786    -0.361    3.20        0.200
 HD      -30.120       42.256       40.686     0.217    2.00        0.000
  A      -33.936       42.429       40.972     0.010    4.00        0.150
  A      -32.533       42.382       41.016     0.037    4.00        0.150
  C      -37.035       42.905       41.947     0.241    4.00        0.150
 OA      -37.651       43.903       41.538    -0.271    3.20        0.200
  N      -36.690       42.904       43.257    -0.346    3.50        0.160
 HD      -35.938       42.337       43.584     0.163    2.00        0.000
  C      -37.023       44.045       44.058     0.172    4.00        0.150
  C      -36.703       43.803       45.555     0.042    4.00        0.150
  C      -36.372       45.458       43.666     0.243    4.00        0.150
 OA      -35.234       45.405       43.219    -0.271    3.20        0.200
  N      -37.122       46.580       43.681    -0.337    3.50        0.160
  C      -38.535       46.592       44.236     0.127    4.00        0.150
  C      -36.646       47.904       43.426     0.179    4.00        0.150
  C      -37.744       48.768       44.113     0.037    4.00        0.150
  C      -39.010       47.939       43.844     0.022    4.00        0.150
  C      -35.266       48.255       43.825     0.241    4.00        0.150
 OA      -34.573       48.874       43.033    -0.271    3.20        0.200
  N      -34.873       47.893       45.030    -0.344    3.50        0.160
 HD      -35.488       47.452       45.679     0.163    2.00        0.000
  C      -33.637       48.233       45.604     0.200    4.00        0.150
  C      -33.547       47.617       47.038     0.199    4.00        0.150
 OA      -33.965       46.248       46.999    -0.398    3.20        0.200
 HD      -34.921       46.314       46.942     0.209    2.00        0.000
  C      -32.425       47.736       44.790     0.242    4.00        0.150
 OA      -31.417       48.363       44.692    -0.271    3.20        0.200
  N      -32.536       46.533       44.238    -0.350    3.50        0.160
 HD      -33.456       46.171       44.370     0.163    2.00        0.000
  C      -31.512       45.670       43.642     0.225    4.00        0.150
  C      -31.054       44.577       44.526     0.236    4.00        0.150
 OA      -30.135       43.809       44.234    -0.272    3.20        0.200
  N      -31.693       44.493       45.731    -0.346    3.50        0.160
 HD      -32.228       45.264       46.067     0.163    2.00        0.000
  C      -31.215       43.550       46.718     0.185    4.00        0.150
  C      -31.455       43.953       48.164     0.137    4.00        0.150
  C      -31.023       45.356       48.482     0.217    4.00        0.150
 OA      -30.095       45.924       47.858    -0.274    3.20        0.200
  N      -31.593       45.975       49.529    -0.370    3.50        0.160
 HD      -32.393       45.597       49.993     0.159    2.00        0.000
 HD      -31.298       46.906       49.748     0.159    2.00        0.000
  C      -31.601       42.122       46.495     0.241    4.00        0.150
 OA      -30.824       41.193       46.789    -0.271    3.20        0.200
  N      -32.765       41.882       45.943    -0.346    3.50        0.160
 HD      -33.224       42.677       45.556     0.163    2.00        0.000
  C      -33.438       40.625       46.020     0.180    4.00        0.150
  C      -34.584       40.693       47.039     0.073    4.00        0.150
  A      -34.299       41.207       48.413    -0.056    4.00        0.150
  A      -34.805       42.389       48.824     0.010    4.00        0.150
  A      -34.746       42.774       50.227     0.037    4.00        0.150
  A      -34.304       41.748       51.139     0.065    4.00        0.150
 OA      -34.133       42.050       52.532    -0.361    3.20        0.200
 HD      -34.427       42.941       52.731     0.217    2.00        0.000
  A      -33.741       40.354       49.373     0.010    4.00        0.150
  A      -33.859       40.557       50.721     0.037    4.00        0.150
  C      -34.121       40.250       44.698     0.241    4.00        0.150
 OA      -34.622       41.169       44.078    -0.271    3.20        0.200
  N      -34.086       38.953       44.338    -0.346    3.50        0.160
 HD      -33.533       38.323       44.877     0.163    2.00        0.000
  C      -34.964       38.411       43.332     0.180    4.00        0.150
  C      -34.285       37.627       42.209     0.009    4.00        0.150
  C      -33.564       38.593       41.297     0.012    4.00        0.150
  C      -33.375       36.469       42.678     0.012    4.00        0.150
  C      -35.863       37.440       44.148     0.241    4.00        0.150
 OA      -35.473       36.538       44.917    -0.271    3.20        0.200
  N      -37.129       37.630       43.984    -0.346    3.50        0.160
 HD      -37.411       38.384       43.396     0.163    2.00        0.000
  C      -38.223       36.720       44.440     0.172    4.00        0.150
  C      -39.615       37.409       44.720     0.042    4.00        0.150
  C      -38.576       35.747       43.271     0.240    4.00        0.150
 OA      -38.270       35.978       42.099    -0.271    3.20        0.200
  N      -39.060       34.544       43.587    -0.345    3.50        0.160
 HD      -39.022       34.488       44.582     0.163    2.00        0.000
  C      -39.372       33.492       42.682     0.185    4.00        0.150
  C      -38.131       32.772       42.194     0.105    4.00        0.150
 SA      -37.089       32.112       43.598    -0.180    4.00        0.200
 HD      -37.858       31.058       43.831     0.101    2.00        0.000
  C      -40.387       32.496       43.235     0.241    4.00        0.150
 OA      -40.768       32.567       44.418    -0.271    3.20        0.200
  N      -40.777       31.425       42.495    -0.351    3.50        0.160
 HD      -40.349       31.199       41.623     0.163    2.00        0.000
  C      -41.894       30.585       42.974     0.225    4.00        0.150
  C      -42.615       29.984       41.830     0.235    4.00        0.150
 OA      -42.462       30.304       40.679    -0.272    3.20        0.200
  N      -43.560       29.025       42.162    -0.351    3.50        0.160
 HD      -43.540       28.601       43.064     0.163    2.00        0.000
  C      -44.487       28.431       41.199     0.225    4.00        0.150
  C      -45.284       27.318       41.852     0.236    4.00        0.150
 OA      -46.050       27.465       42.741    -0.272    3.20        0.200
  N      -45.042       26.102       41.401    -0.346    3.50        0.160
 HD      -44.321       25.890       40.745     0.163    2.00        0.000
  C      -45.838       24.895       41.590     0.177    4.00        0.150
  C      -45.886       24.012       40.262     0.038    4.00        0.150
  C      -46.800       22.785       40.209    -0.020    4.00        0.150
  C      -48.321       22.981       40.368     0.009    4.00        0.150
  C      -46.733       22.137       38.778     0.009    4.00        0.150
  C      -45.391       24.156       42.848     0.241    4.00        0.150
 OA      -45.863       23.061       43.165    -0.271    3.20        0.200
  N      -44.528       24.815       43.670    -0.346    3.50        0.160
 HD      -44.114       25.699       43.468     0.163    2.00        0.000
  C      -44.050       24.336       44.941     0.186    4.00        0.150
  C      -42.568       24.713       45.060     0.147    4.00        0.150
  C      -42.183       26.206       44.983     0.175    4.00        0.150
 OA      -42.907       27.090       44.445    -0.648    3.20        0.200
 OA      -40.938       26.354       45.282    -0.648    3.20        0.200
  C      -44.893       24.918       46.027     0.241    4.00        0.150
 OA      -44.811       24.555       47.159    -0.271    3.20        0.200
  N      -45.871       25.858       45.622    -0.346    3.50        0.160
 HD      -45.989       26.107       44.665     0.163    2.00        0.000
  C      -46.810       26.401       46.582     0.185    4.00        0.150
  C      -47.596       25.365       47.453     0.137    4.00        0.150
  C      -48.153       24.192       46.669     0.217    4.00        0.150
 OA      -47.822       23.018       46.891    -0.274    3.20        0.200
  N      -48.943       24.475       45.601    -0.370    3.50        0.160
 HD      -49.115       23.677       45.022     0.159    2.00        0.000
 HD      -49.112       25.451       45.462     0.159    2.00        0.000
  C      -46.255       27.561       47.362     0.241    4.00        0.150
 OA      -46.877       27.961       48.383    -0.271    3.20        0.200
  N      -45.108       28.126       46.929    -0.346    3.50        0.160
 HD      -44.800       27.911       46.006     0.163    2.00        0.000
  C      -44.298       28.877       47.889     0.180    4.00        0.150
  C      -43.335       27.848       48.585     0.013    4.00        0.150
  C      -41.959       28.485       48.920     0.012    4.00        0.150
  C      -43.998       27.337       49.844     0.002    4.00        0.150
  C      -43.063       26.315       50.574     0.005    4.00        0.150
  C      -43.610       30.087       47.131     0.241    4.00        0.150
 OA      -43.072       29.961       46.011    -0.271    3.20        0.200
  N      -43.587       31.310       47.711    -0.345    3.50        0.160
 HD      -43.958       31.417       48.630     0.163    2.00        0.000
  C      -42.729       32.390       47.131     0.185    4.00        0.150
  C      -43.487       33.819       47.225     0.105    4.00        0.150
 SA      -43.031       35.111       46.032    -0.180    4.00        0.200
 HD      -41.730       34.879       45.954     0.101    2.00        0.000
  C      -41.352       32.335       47.823     0.242    4.00        0.150
 OA      -41.234       32.499       49.018    -0.271    3.20        0.200
  N      -40.263       32.154       47.102    -0.344    3.50        0.160
 HD      -40.391       32.003       46.125     0.163    2.00        0.000
  C      -38.898       32.253       47.567     0.200    4.00        0.150
  C      -37.904       31.207       46.994     0.199    4.00        0.150
 OA      -38.426       29.863       47.430    -0.398    3.20        0.200
 HD      -39.327       29.802       47.103     0.209    2.00        0.000
  C      -38.268       33.634       47.319     0.243    4.00        0.150
 OA      -38.311       34.102       46.197    -0.271    3.20        0.200
  N      -37.636       34.276       48.321    -0.346    3.50        0.160
 HD      -37.777       34.067       49.285     0.163    2.00        0.000
  C      -36.909       35.485       48.161     0.180    4.00        0.150
  C      -37.625       36.533       49.028     0.013    4.00        0.150
  C      -36.771       37.788       49.079     0.012    4.00        0.150
  C      -39.109       36.847       48.637     0.002    4.00        0.150
  C      -40.229       35.991       49.297     0.005    4.00        0.150
  C      -35.464       35.249       48.459     0.241    4.00        0.150
 OA      -35.132       34.818       49.537    -0.271    3.20        0.200
  N      -34.572       35.575       47.564    -0.346    3.50        0.160
 HD      -34.749       36.034       46.697     0.163    2.00        0.000
  C      -33.161       35.254       47.728     0.180    4.00        0.150
  C      -32.561       34.413       46.544     0.073    4.00        0.150
  A      -32.913       32.891       46.607    -0.056    4.00        0.150
  A      -34.146       32.455       46.121     0.010    4.00        0.150
  A      -34.459       31.040       46.053     0.037    4.00        0.150
  A      -33.375       30.146       46.366     0.065    4.00        0.150
 OA      -33.451       28.772       46.254    -0.361    3.20        0.200
 HD      -34.315       28.462       45.974     0.217    2.00        0.000
  A      -31.925       31.989       46.900     0.010    4.00        0.150
  A      -32.144       30.586       46.803     0.037    4.00        0.150
  C      -32.330       36.563       47.988     0.241    4.00        0.150
 OA      -32.693       37.613       47.423    -0.271    3.20        0.200
  N      -31.259       36.515       48.843    -0.346    3.50        0.160
 HD      -30.853       35.678       49.199     0.163    2.00        0.000
  C      -30.507       37.733       49.150     0.185    4.00        0.150
  C      -30.268       37.865       50.671     0.137    4.00        0.150
  C      -29.670       39.153       51.093     0.217    4.00        0.150
 OA      -29.589       40.191       50.447    -0.274    3.20        0.200
  N      -29.138       39.154       52.351    -0.370    3.50        0.160
 HD      -28.672       39.978       52.673     0.159    2.00        0.000
 HD      -29.116       38.321       52.904     0.159    2.00        0.000
  C      -29.158       37.764       48.447     0.241    4.00        0.150
 OA      -28.272       36.905       48.632    -0.271    3.20        0.200
  N      -29.046       38.729       47.469    -0.346    3.50        0.160
 HD      -29.770       39.330       47.139     0.163    2.00        0.000
  C      -27.907       38.850       46.682     0.177    4.00        0.150
  C      -28.311       39.538       45.349     0.038    4.00        0.150
  C      -29.439       38.846       44.520    -0.020    4.00        0.150
  C      -29.650       39.615       43.191     0.009    4.00        0.150
  C      -29.155       37.344       44.191     0.009    4.00        0.150
  C      -26.882       39.645       47.267     0.241    4.00        0.150
 OA      -25.643       39.525       47.108    -0.271    3.20        0.200
  N      -27.189       40.559       48.186    -0.346    3.50        0.160
 HD      -28.104       40.571       48.582     0.163    2.00        0.000
  C      -26.320       41.538       48.821     0.176    4.00        0.150
  C      -27.161       42.869       48.945     0.035    4.00        0.150
  C      -27.385       43.524       47.581     0.004    4.00        0.150
  C      -26.213       44.427       47.213     0.027    4.00        0.150
  C      -26.514       45.436       46.181     0.229    4.00        0.150
  N      -25.347       46.349       45.953    -0.079    3.50        0.160
 HD      -24.429       45.872       45.853     0.274    2.00        0.000
 HD      -25.278       46.936       46.809     0.274    2.00        0.000
 HD      -25.448       46.948       45.110     0.274    2.00        0.000
  C      -25.744       41.070       50.183     0.241    4.00        0.150
 OA      -25.614       41.871       51.109    -0.271    3.20        0.200
  N      -25.491       39.738       50.268    -0.344    3.50        0.160
 HD      -25.767       39.077       49.575     0.163    2.00        0.000
  C      -25.017       38.995       51.424     0.205    4.00        0.150
  C      -25.144       37.449       51.203     0.146    4.00        0.150
 OA      -24.812       37.045       49.898    -0.393    3.20        0.200
 HD      -24.830       36.086       49.953     0.210    2.00        0.000
  C      -26.584       37.030       51.406     0.042    4.00        0.150
  C      -23.546       39.273       51.735     0.243    4.00        0.150
 OA      -22.695       39.344       50.910    -0.271    3.20        0.200
  N      -23.258       39.437       53.064    -0.346    3.50        0.160
 HD      -23.940       39.649       53.761     0.163    2.00        0.000
  C      -21.944       39.795       53.479     0.176    4.00        0.150
  C      -21.970       40.050       55.011     0.036    4.00        0.150
  C      -20.662       40.513       55.689     0.023    4.00        0.150
  C      -20.853       41.127       57.132     0.138    4.00        0.150
  N      -21.800       42.272       57.126    -0.227    3.50        0.160
 HD      -22.466       42.375       56.387     0.177    2.00        0.000
  C      -21.918       43.113       58.121     0.665    4.00        0.150
  N      -21.189       43.128       59.226    -0.235    3.50        0.160
 HD      -20.364       42.567       59.300     0.174    2.00        0.000
 HD      -21.316       43.995       59.705     0.174    2.00        0.000
  N      -22.865       44.059       58.021    -0.235    3.50        0.160
 HD      -23.640       43.835       57.431     0.174    2.00        0.000
 HD      -22.976       44.557       58.882     0.174    2.00        0.000
  C      -20.828       38.802       53.100     0.241    4.00        0.150
 OA      -19.656       39.123       52.863    -0.271    3.20        0.200
  N      -21.171       37.498       53.120    -0.346    3.50        0.160
 HD      -22.087       37.235       53.413     0.163    2.00        0.000
  C      -20.285       36.357       52.951     0.177    4.00        0.150
  C      -21.026       35.057       53.465     0.045    4.00        0.150
  C      -22.189       34.610       52.581     0.116    4.00        0.150
  C      -23.065       33.542       53.264     0.172    4.00        0.150
 OA      -22.695       32.357       53.140    -0.648    3.20        0.200
 OA      -23.970       33.864       54.030    -0.648    3.20        0.200
  C      -19.835       36.108       51.572     0.240    4.00        0.150
 OA      -18.855       35.428       51.266    -0.271    3.20        0.200
  N      -20.563       36.717       50.546    -0.351    3.50        0.160
 HD      -21.332       37.267       50.864     0.163    2.00        0.000
  C      -20.281       36.555       49.057     0.225    4.00        0.150
  C      -20.872       35.225       48.658     0.236    4.00        0.150
 OA      -20.266       34.506       47.785    -0.272    3.20        0.200
  N      -22.069       34.956       49.187    -0.346    3.50        0.160
 HD      -22.377       35.442       50.001     0.163    2.00        0.000
  C      -22.806       33.826       48.746     0.185    4.00        0.150
  C      -22.444       32.515       49.538     0.137    4.00        0.150
  C      -22.755       31.305       48.645     0.217    4.00        0.150
 OA      -23.298       31.323       47.556    -0.274    3.20        0.200
  N      -22.345       30.078       49.173    -0.370    3.50        0.160
 HD      -22.343       29.235       48.635     0.159    2.00        0.000
 HD      -22.030       30.034       50.121     0.159    2.00        0.000
  C      -24.196       34.001       48.765     0.241    4.00        0.150
 OA      -24.840       34.395       49.742    -0.271    3.20        0.200
  N      -24.813       33.867       47.606    -0.346    3.50        0.160
 HD      -24.267       33.515       46.848     0.163    2.00        0.000
  C      -26.283       33.892       47.521     0.180    4.00        0.150
  C      -26.741       33.807       46.073     0.009    4.00        0.150
  C      -28.300       33.851       46.045     0.012    4.00        0.150
  C      -26.195       35.046       45.369     0.012    4.00        0.150
  C      -27.064       32.860       48.362     0.241    4.00        0.150
 OA      -27.006       31.685       48.166    -0.271    3.20        0.200
  N      -27.905       33.385       49.296    -0.346    3.50        0.160
 HD      -27.865       34.373       49.430     0.163    2.00        0.000
  C      -28.700       32.547       50.231     0.176    4.00        0.150
  C      -28.140       32.644       51.651     0.036    4.00        0.150
  C      -26.649       32.220       51.945     0.023    4.00        0.150
  C      -26.285       30.714       51.722     0.138    4.00        0.150
  N      -24.826       30.595       52.033    -0.227    3.50        0.160
 HD      -24.356       31.423       52.340     0.177    2.00        0.000
  C      -24.180       29.508       52.309     0.665    4.00        0.150
  N      -22.990       29.684       52.897    -0.235    3.50        0.160
 HD      -22.616       30.576       53.149     0.174    2.00        0.000
 HD      -22.516       28.895       53.290     0.174    2.00        0.000
  N      -24.670       28.333       52.192    -0.235    3.50        0.160
 HD      -25.507       28.092       51.702     0.174    2.00        0.000
 HD      -24.039       27.608       52.468     0.174    2.00        0.000
  C      -30.133       33.020       50.303     0.241    4.00        0.150
 OA      -30.470       34.200       50.122    -0.271    3.20        0.200
  N      -31.080       32.146       50.630    -0.346    3.50        0.160
 HD      -30.825       31.248       50.982     0.163    2.00        0.000
  C      -32.417       32.555       50.998     0.180    4.00        0.150
  C      -33.254       31.285       51.307     0.009    4.00        0.150
  C      -34.663       31.559       51.853     0.012    4.00        0.150
  C      -33.397       30.397       50.034     0.012    4.00        0.150
  C      -32.624       33.516       52.107     0.241    4.00        0.150
 OA      -31.958       33.489       53.118    -0.271    3.20        0.200
  N      -33.545       34.481       51.893    -0.344    3.50        0.160
 HD      -34.103       34.575       51.072     0.163    2.00        0.000
  C      -33.968       35.378       52.927     0.200    4.00        0.150
  C      -34.185       36.821       52.256     0.199    4.00        0.150
 OA      -34.075       37.868       53.243    -0.398    3.20        0.200
 HD      -34.818       37.925       53.849     0.209    2.00        0.000
  C      -35.303       34.947       53.454     0.243    4.00        0.150
 OA      -35.558       34.982       54.626    -0.271    3.20        0.200
  N      -36.292       34.673       52.598    -0.346    3.50        0.160
 HD      -36.124       34.524       51.626     0.163    2.00        0.000
  C      -37.661       34.304       53.087     0.176    4.00        0.150
  C      -38.408       35.603       53.221     0.036    4.00        0.150
  C      -39.623       35.629       54.174     0.023    4.00        0.150
  C      -39.277       35.397       55.693     0.138    4.00        0.150
  N      -40.309       34.496       56.348    -0.227    3.50        0.160
 HD      -40.871       33.927       55.750     0.177    2.00        0.000
  C      -40.436       34.213       57.649     0.665    4.00        0.150
  N      -39.742       34.885       58.582    -0.235    3.50        0.160
 HD      -39.660       35.864       58.393     0.174    2.00        0.000
 HD      -39.906       34.630       59.533     0.174    2.00        0.000
  N      -41.283       33.252       57.934    -0.235    3.50        0.160
 HD      -41.820       32.806       57.218     0.174    2.00        0.000
 HD      -41.693       33.215       58.845     0.174    2.00        0.000
  C      -38.363       33.370       52.106     0.241    4.00        0.150
 OA      -38.141       33.354       50.860    -0.271    3.20        0.200
  N      -39.202       32.536       52.637    -0.346    3.50        0.160
 HD      -39.321       32.442       53.623     0.163    2.00        0.000
  C      -40.040       31.557       51.906     0.177    4.00        0.150
  C      -39.429       30.137       51.959     0.045    4.00        0.150
  C      -38.127       30.012       51.211     0.116    4.00        0.150
  C      -37.628       28.557       51.338     0.172    4.00        0.150
 OA      -37.584       27.822       50.314    -0.648    3.20        0.200
 OA      -37.241       28.174       52.516    -0.648    3.20        0.200
  C      -41.474       31.707       52.374     0.241    4.00        0.150
 OA      -41.877       31.229       53.433    -0.271    3.20        0.200
  N      -42.358       32.303       51.567    -0.346    3.50        0.160
 HD      -42.066       32.459       50.627     0.163    2.00        0.000
  C      -43.733       32.713       51.920     0.177    4.00        0.150
  C      -44.238       33.823       50.932     0.038    4.00        0.150
  C      -43.408       35.052       50.916    -0.020    4.00        0.150
  C      -44.006       36.263       50.101     0.009    4.00        0.150
  C      -43.086       35.644       52.257     0.009    4.00        0.150
  C      -44.702       31.476       51.711     0.241    4.00        0.150
 OA      -44.821       31.008       50.613    -0.271    3.20        0.200
  N      -45.449       31.092       52.722    -0.346    3.50        0.160
 HD      -45.431       31.540       53.612     0.163    2.00        0.000
  C      -46.378       29.999       52.708     0.172    4.00        0.150
  C      -45.817       28.937       53.633     0.042    4.00        0.150
  C      -47.770       30.565       53.261     0.240    4.00        0.150
 OA      -47.833       31.382       54.162    -0.271    3.20        0.200
  N      -48.847       30.078       52.687    -0.351    3.50        0.160
 HD      -48.782       29.243       52.145     0.163    2.00        0.000
  C      -50.220       30.604       52.806     0.225    4.00        0.150
  C      -51.024       30.344       51.498     0.236    4.00        0.150
 OA      -52.232       30.365       51.623    -0.272    3.20        0.200
  N      -50.403       29.995       50.301    -0.346    3.50        0.160
 HD      -49.434       30.204       50.192     0.163    2.00        0.000
  C      -51.155       29.598       49.118     0.182    4.00        0.150
  C      -50.407       30.039       47.844     0.093    4.00        0.150
  N      -51.906       32.084       47.374    -0.353    3.50        0.160
 HD      -52.789       31.620       47.432     0.166    2.00        0.000
  A      -50.662       31.528       47.463     0.030    4.00        0.150
  A      -51.821       33.437       47.116     0.207    4.00        0.150
 NA      -50.525       33.804       47.059    -0.254    3.50        0.160
  A      -49.808       32.570       47.200     0.143    4.00        0.150
  C      -51.313       28.126       49.126     0.241    4.00        0.150
 OA      -50.473       27.386       49.673    -0.271    3.20        0.200
  N      -52.380       27.637       48.520    -0.344    3.50        0.160
 HD      -53.015       28.158       47.954     0.163    2.00        0.000
  C      -52.593       26.160       48.351     0.205    4.00        0.150
  C      -54.056       25.825       48.683     0.146    4.00        0.150
 OA      -55.046       26.458       47.875    -0.393    3.20        0.200
 HD      -54.544       27.227       47.596     0.210    2.00        0.000
  C      -54.213       26.268       50.093     0.042    4.00        0.150
  C      -52.196       25.683       46.931     0.243    4.00        0.150
 OA      -51.584       24.625       46.805    -0.271    3.20        0.200
  N      -52.548       26.483       45.924    -0.350    3.50        0.160
 HD      -53.131       27.271       46.102     0.163    2.00        0.000
  C      -52.267       26.194       44.455     0.225    4.00        0.150
  C      -50.940       26.811       44.055     0.236    4.00        0.150
 OA      -50.145       27.324       44.850    -0.272    3.20        0.200
  N      -50.686       26.927       42.707    -0.346    3.50        0.160
 HD      -51.442       26.765       42.077     0.163    2.00        0.000
  C      -49.364       27.396       42.101     0.180    4.00        0.150
  C      -49.180       26.759       40.719     0.073    4.00        0.150
  A      -50.186       27.104       39.725    -0.056    4.00        0.150
  A      -51.302       26.276       39.511     0.010    4.00        0.150
  A      -52.381       26.708       38.685     0.037    4.00        0.150
  A      -52.251       27.785       37.833     0.065    4.00        0.150
 OA      -53.270       28.290       36.903    -0.361    3.20        0.200
 HD      -54.034       27.712       36.833     0.217    2.00        0.000
  A      -50.002       28.239       38.895     0.010    4.00        0.150
  A      -51.082       28.568       37.922     0.037    4.00        0.150
  C      -49.355       28.878       41.915     0.241    4.00        0.150
 OA      -50.374       29.545       41.570    -0.271    3.20        0.200
  N      -48.171       29.564       42.018    -0.346    3.50        0.160
 HD      -47.326       29.093       42.264     0.163    2.00        0.000
  C      -48.083       30.952       41.800     0.177    4.00        0.150
  C      -46.767       31.552       42.448     0.038    4.00        0.150
  C      -46.513       31.207       43.937    -0.020    4.00        0.150
  C      -45.486       32.127       44.574     0.009    4.00        0.150
  C      -47.778       31.193       44.722     0.009    4.00        0.150
  C      -48.006       31.244       40.321     0.241    4.00        0.150
 OA      -47.102       30.785       39.619    -0.271    3.20        0.200
  N      -48.928       32.081       39.840    -0.344    3.50        0.160
 HD      -49.616       32.426       40.476     0.163    2.00        0.000
  C      -49.028       32.376       38.423     0.200    4.00        0.150
  C      -50.465       32.455       37.909     0.199    4.00        0.150
 OA      -51.230       33.569       38.414    -0.398    3.20        0.200
 HD      -52.135       33.272       38.287     0.209    2.00        0.000
  C      -48.319       33.687       38.170     0.243    4.00        0.150
 OA      -48.062       33.933       36.997    -0.271    3.20        0.200
  N      -47.982       34.446       39.179    -0.345    3.50        0.160
 HD      -48.230       34.205       40.114     0.163    2.00        0.000
  C      -47.343       35.763       39.039     0.185    4.00        0.150
  C      -48.037       36.870       38.094     0.105    4.00        0.150
 SA      -47.129       38.366       37.782    -0.180    4.00        0.200
 HD      -47.589       38.867       38.918     0.101    2.00        0.000
  C      -47.085       36.302       40.434     0.241    4.00        0.150
 OA      -47.638       35.861       41.406    -0.271    3.20        0.200
  N      -46.122       37.271       40.521    -0.345    3.50        0.160
 HD      -45.549       37.464       39.729     0.163    2.00        0.000
  C      -45.763       37.910       41.749     0.185    4.00        0.150
  C      -44.705       37.037       42.639     0.105    4.00        0.150
 SA      -43.055       36.744       41.913    -0.180    4.00        0.200
 HD      -43.429       35.705       41.178     0.101    2.00        0.000
  C      -45.078       39.214       41.309     0.241    4.00        0.150
 OA      -44.379       39.278       40.251    -0.271    3.20        0.200
  N      -45.273       40.304       41.995    -0.346    3.50        0.160
 HD      -45.807       40.287       42.837     0.163    2.00        0.000
  C      -44.709       41.578       41.620     0.176    4.00        0.150
  C      -45.655       42.526       40.782     0.036    4.00        0.150
  C      -45.826       41.944       39.375     0.023    4.00        0.150
  C      -44.509       41.951       38.524     0.138    4.00        0.150
  N      -44.782       41.304       37.193    -0.227    3.50        0.160
 HD      -45.306       41.791       36.494     0.177    2.00        0.000
  C      -44.386       40.076       36.862     0.665    4.00        0.150
  N      -43.715       39.262       37.655    -0.235    3.50        0.160
 HD      -43.756       39.481       38.630     0.174    2.00        0.000
 HD      -43.040       38.595       37.338     0.174    2.00        0.000
  N      -44.778       39.664       35.671    -0.235    3.50        0.160
 HD      -45.425       40.236       35.168     0.174    2.00        0.000
 HD      -44.642       38.718       35.376     0.174    2.00        0.000
  C      -44.377       42.342       42.900     0.241    4.00        0.150
 OA      -45.107       42.089       43.872    -0.271    3.20        0.200
  N      -43.331       43.157       42.935    -0.346    3.50        0.160
 HD      -42.744       43.391       42.164     0.163    2.00        0.000
  C      -43.122       43.968       44.043     0.180    4.00        0.150
  C      -41.570       44.220       44.344     0.073    4.00        0.150
  A      -40.731       43.120       44.958    -0.056    4.00        0.150
  A      -40.563       42.989       46.335     0.007    4.00        0.150
  A      -39.944       41.878       46.878     0.001    4.00        0.150
  A      -39.290       40.975       46.048     0.000    4.00        0.150
  A      -40.070       42.200       44.119     0.007    4.00        0.150
  A      -39.297       41.151       44.643     0.001    4.00        0.150
  C      -43.742       45.353       43.777     0.241    4.00        0.150
 OA      -43.524       46.027       42.755    -0.271    3.20        0.200
  N      -44.459       45.908       44.767    -0.346    3.50        0.160
 HD      -44.599       45.555       45.689     0.163    2.00        0.000
  C      -44.804       47.275       44.706     0.177    4.00        0.150
  C      -46.259       47.426       45.227     0.038    4.00        0.150
  C      -46.666       46.672       46.510    -0.020    4.00        0.150
  C      -47.749       47.320       47.293     0.009    4.00        0.150
  C      -47.058       45.182       46.278     0.009    4.00        0.150
  C      -44.023       48.159       45.681     0.241    4.00        0.150
 OA      -44.170       49.399       45.667    -0.271    3.20        0.200
  N      -43.206       47.537       46.591    -0.346    3.50        0.160
 HD      -43.138       46.544       46.647     0.163    2.00        0.000
  C      -42.185       48.196       47.393     0.186    4.00        0.150
  C      -42.946       48.943       48.586     0.147    4.00        0.150
  C      -42.061       49.969       49.292     0.175    4.00        0.150
 OA      -42.614       50.808       50.049    -0.648    3.20        0.200
 OA      -40.827       50.013       48.992    -0.648    3.20        0.200
  C      -41.188       47.095       47.759     0.241    4.00        0.150
 OA      -41.491       45.943       47.379    -0.271    3.20        0.200
  N      -39.989       47.350       48.308    -0.345    3.50        0.160
 HD      -39.821       48.311       48.513     0.163    2.00        0.000
  C      -39.035       46.253       48.546     0.186    4.00        0.150
  C      -37.739       46.864       48.975     0.147    4.00        0.150
  C      -37.128       47.760       47.892     0.175    4.00        0.150
 OA      -36.373       47.203       47.101    -0.648    3.20        0.200
 OA      -37.414       49.010       47.874    -0.648    3.20        0.200
  C      -39.478       45.192       49.615     0.241    4.00        0.150
 OA      -38.897       44.065       49.659    -0.271    3.20        0.200
  N      -40.389       45.455       50.535    -0.346    3.50        0.160
 HD      -40.557       46.430       50.658     0.163    2.00        0.000
  C      -40.838       44.560       51.595     0.185    4.00        0.150
  C      -40.681       45.383       52.952     0.137    4.00        0.150
  C      -41.182       44.541       54.133     0.217    4.00        0.150
 OA      -40.795       43.432       54.414    -0.274    3.20        0.200
  N      -42.167       44.944       54.884    -0.370    3.50        0.160
 HD      -42.254       44.469       55.760     0.159    2.00        0.000
 HD      -42.483       45.893       54.880     0.159    2.00        0.000
  C      -42.299       44.169       51.335     0.241    4.00        0.150
 OA      -42.949       43.482       52.103    -0.271    3.20        0.200
  N      -42.894       44.664       50.184    -0.346    3.50        0.160
 HD      -42.392       45.291       49.593     0.163    2.00        0.000
  C      -44.253       44.413       49.849     0.177    4.00        0.150
  C      -45.083       45.794       49.744     0.044    4.00        0.150
  C      -45.231       46.739       50.968     0.105    4.00        0.150
  C      -45.859       46.184       52.183     0.215    4.00        0.150
 OA      -46.985       46.616       52.509    -0.274    3.20        0.200
  N      -45.430       45.108       52.825    -0.370    3.50        0.160
 HD      -44.582       44.694       52.495     0.159    2.00        0.000
 HD      -46.153       44.646       53.341     0.159    2.00        0.000
  C      -44.317       43.686       48.444     0.241    4.00        0.150
 OA      -44.104       44.477       47.488    -0.271    3.20        0.200
  N      -44.671       42.444       48.469    -0.346    3.50        0.160
 HD      -44.964       42.012       49.317     0.163    2.00        0.000
  C      -44.801       41.600       47.295     0.180    4.00        0.150
  C      -43.817       40.466       47.311     0.013    4.00        0.150
  C      -44.379       39.309       48.167     0.012    4.00        0.150
  C      -43.411       40.100       45.801     0.002    4.00        0.150
  C      -42.347       39.065       45.605     0.005    4.00        0.150
  C      -46.298       41.222       47.238     0.241    4.00        0.150
 OA      -46.991       41.013       48.248    -0.271    3.20        0.200
  N      -46.838       41.225       45.978    -0.346    3.50        0.160
 HD      -46.311       41.384       45.146     0.163    2.00        0.000
  C      -48.191       40.859       45.722     0.180    4.00        0.150
  C      -49.028       42.061       45.181     0.009    4.00        0.150
  C      -48.248       42.729       44.073     0.012    4.00        0.150
  C      -50.414       41.691       44.617     0.012    4.00        0.150
  C      -48.201       39.635       44.702     0.241    4.00        0.150
 OA      -47.517       39.605       43.672    -0.271    3.20        0.200
  N      -48.991       38.548       44.975    -0.344    3.50        0.160
 HD      -49.502       38.612       45.829     0.163    2.00        0.000
  C      -48.918       37.157       44.402     0.205    4.00        0.150
  C      -48.414       36.162       45.444     0.146    4.00        0.150
 OA      -49.161       36.132       46.645    -0.393    3.20        0.200
 HD      -49.813       35.428       46.678     0.210    2.00        0.000
  C      -47.004       36.571       45.958     0.042    4.00        0.150
  C      -50.302       36.781       43.929     0.243    4.00        0.150
 OA      -51.295       36.954       44.634    -0.271    3.20        0.200
  N      -50.469       36.277       42.702    -0.344    3.50        0.160
 HD      -49.726       36.115       42.057     0.163    2.00        0.000
  C      -51.666       35.698       42.184     0.200    4.00        0.150
  C      -52.036       36.206       40.790     0.199    4.00        0.150
 OA      -50.913       36.235       39.842    -0.398    3.20        0.200
 HD      -50.857       35.350       39.475     0.209    2.00        0.000
  C      -51.350       34.239       42.158     0.243    4.00        0.150
 OA      -50.490       33.731       41.448    -0.271    3.20        0.200
  N      -52.236       33.478       42.791    -0.344    3.50        0.160
 HD      -52.926       33.861       43.399     0.163    2.00        0.000
  C      -52.180       32.025       42.740     0.200    4.00        0.150
  C      -52.115       31.555       44.197     0.199    4.00        0.150
 OA      -52.210       30.146       44.440    -0.398    3.20        0.200
 HD      -53.060       30.023       44.870     0.209    2.00        0.000
  C      -53.262       31.276       41.918     0.242    4.00        0.150
 OA      -54.396       31.698       41.850    -0.271    3.20        0.200
  N      -52.962       30.184       41.280    -0.350    3.50        0.160
 HD      -52.037       29.813       41.314     0.163    2.00        0.000
  C      -54.022       29.474       40.573     0.225    4.00        0.150
  C      -55.121       28.758       41.329     0.236    4.00        0.150
 OA      -56.106       28.266       40.783    -0.272    3.20        0.200
  N      -55.111       28.814       42.684    -0.346    3.50        0.160
 HD      -54.445       29.288       43.255     0.163    2.00        0.000
  C      -56.224       28.408       43.558     0.186    4.00        0.150
  C      -55.739       27.936       44.974     0.147    4.00        0.150
  C      -54.920       28.964       45.672     0.175    4.00        0.150
 OA      -55.106       30.190       45.380    -0.648    3.20        0.200
 OA      -54.139       28.552       46.545    -0.648    3.20        0.200
  C      -57.358       29.410       43.661     0.241    4.00        0.150
 OA      -58.423       29.035       44.164    -0.271    3.20        0.200
  N      -57.130       30.654       43.097    -0.344    3.50        0.160
 HD      -56.256       30.781       42.635     0.163    2.00        0.000
  C      -57.990       31.705       42.835     0.205    4.00        0.150
  C      -59.563       31.513       42.849     0.146    4.00        0.150
 OA      -60.171       31.022       44.025    -0.393    3.20        0.200
 HD      -59.750       30.174       44.184     0.210    2.00        0.000
  C      -59.929       30.611       41.594     0.042    4.00        0.150
  C      -57.710       32.968       43.640     0.243    4.00        0.150
 OA      -58.496       33.853       43.775    -0.271    3.20        0.200
  N      -56.572       32.978       44.314    -0.344    3.50        0.160
 HD      -55.919       32.246       44.133     0.163    2.00        0.000
  C      -56.292       33.868       45.368     0.205    4.00        0.150
  C      -56.082       33.181       46.727     0.146    4.00        0.150
 OA      -54.926       32.319       46.834    -0.393    3.20        0.200
 HD      -55.130       31.678       46.149     0.210    2.00        0.000
  C      -57.296       32.287       47.113     0.042    4.00        0.150
  C      -55.224       34.854       45.008     0.243    4.00        0.150
 OA      -54.203       34.529       44.411    -0.271    3.20        0.200
  N      -55.421       36.129       45.402    -0.345    3.50        0.160
 HD      -56.134       36.418       46.037     0.163    2.00        0.000
  C      -54.369       37.091       45.275     0.185    4.00        0.150
  C      -54.690       38.280       44.324     0.105    4.00        0.150
 SA      -55.265       37.972       42.652    -0.180    4.00        0.200
 HD      -54.161       37.247       42.533     0.101    2.00        0.000
  C      -53.978       37.405       46.684     0.241    4.00        0.150
 OA      -54.817       37.376       47.535    -0.271    3.20        0.200
  N      -52.757       37.924       46.895    -0.346    3.50        0.160
 HD      -51.965       37.929       46.289     0.163    2.00        0.000
  C      -52.430       38.277       48.235     0.172    4.00        0.150
  C      -52.017       37.105       49.087     0.042    4.00        0.150
  C      -51.319       39.301       48.302     0.240    4.00        0.150
 OA      -50.370       39.331       47.501    -0.271    3.20        0.200
  N      -51.329       40.128       49.414    -0.346    3.50        0.160
 HD      -52.022       40.068       50.128     0.163    2.00        0.000
  C      -50.189       41.017       49.710     0.177    4.00        0.150
  C      -50.758       42.421       49.878     0.038    4.00        0.150
  C      -49.859       43.626       50.352    -0.020    4.00        0.150
  C      -48.981       44.090       49.199     0.009    4.00        0.150
  C      -50.671       44.755       50.998     0.009    4.00        0.150
  C      -49.415       40.652       50.926     0.241    4.00        0.150
 OA      -50.020       40.148       51.891    -0.271    3.20        0.200
  N      -48.062       40.834       50.938    -0.346    3.50        0.160
 HD      -47.579       41.143       50.122     0.163    2.00        0.000
  C      -47.249       40.273       52.073     0.181    4.00        0.150
  C      -46.454       38.955       51.585     0.075    4.00        0.150
  A      -47.309       37.925       50.882    -0.028    4.00        0.150
  A      -47.917       38.106       49.643     0.096    4.00        0.150
  N      -48.408       36.907       49.264    -0.365    3.50        0.160
 HD      -48.894       36.748       48.431     0.165    2.00        0.000
  A      -48.151       35.929       50.143     0.042    4.00        0.150
  A      -47.461       36.576       51.214    -0.002    4.00        0.150
  A      -47.124       35.796       52.302     0.014    4.00        0.150
  A      -47.481       34.400       52.250     0.001    4.00        0.150
  A      -48.363       34.620       50.002     0.030    4.00        0.150
  A      -47.920       33.824       51.075     0.002    4.00        0.150
  C      -46.238       41.328       52.468     0.241    4.00        0.150
 OA      -45.622       42.036       51.704    -0.271    3.20        0.200
  N      -46.071       41.448       53.776    -0.345    3.50        0.160
 HD      -46.660       40.918       54.381     0.163    2.00        0.000
  C      -45.006       42.118       54.478     0.186    4.00        0.150
  C      -45.641       42.865       55.659     0.147    4.00        0.150
  C      -44.735       43.295       56.775     0.175    4.00        0.150
 OA      -45.179       44.070       57.661    -0.648    3.20        0.200
 OA      -43.522       42.995       56.937    -0.648    3.20        0.200
  C      -44.014       41.084       54.699     0.241    4.00        0.150
 OA      -44.225       40.148       55.453    -0.271    3.20        0.200
  N      -42.827       41.216       54.048    -0.346    3.50        0.160
 HD      -42.564       42.012       53.508     0.163    2.00        0.000
  C      -41.739       40.179       54.147     0.180    4.00        0.150
  C      -40.694       40.425       53.005     0.013    4.00        0.150
  C      -39.452       39.581       53.163     0.012    4.00        0.150
  C      -41.300       40.143       51.566     0.002    4.00        0.150
  C      -40.467       40.412       50.311     0.005    4.00        0.150
  C      -41.096       40.129       55.500     0.241    4.00        0.150
 OA      -40.859       39.058       56.096    -0.271    3.20        0.200
  N      -40.817       41.321       56.083    -0.346    3.50        0.160
 HD      -40.911       42.251       55.737     0.163    2.00        0.000
  C      -40.171       41.550       57.331     0.177    4.00        0.150
  C      -39.961       43.020       57.543     0.045    4.00        0.150
  C      -38.805       43.522       58.420     0.116    4.00        0.150
  C      -38.538       44.974       58.314     0.172    4.00        0.150
 OA      -39.317       45.749       58.860    -0.648    3.20        0.200
 OA      -37.456       45.392       57.724    -0.648    3.20        0.200
  C      -40.968       40.894       58.473     0.241    4.00        0.150
 OA      -40.426       40.116       59.276    -0.271    3.20        0.200
  N      -42.310       41.108       58.606    -0.344    3.50        0.160
 HD      -42.657       41.810       57.988     0.163    2.00        0.000
  C      -43.161       40.402       59.497     0.205    4.00        0.150
  C      -44.563       40.923       59.555     0.146    4.00        0.150
 OA      -44.568       42.263       59.919    -0.393    3.20        0.200
 HD      -44.229       42.811       59.208     0.210    2.00        0.000
  C      -45.302       40.131       60.618     0.042    4.00        0.150
  C      -43.163       38.911       59.129     0.243    4.00        0.150
 OA      -42.959       38.057       59.977    -0.271    3.20        0.200
  N      -43.358       38.612       57.839    -0.350    3.50        0.160
 HD      -43.319       39.321       57.140     0.163    2.00        0.000
  C      -43.207       37.253       57.308     0.225    4.00        0.150
  C      -44.519       36.614       56.973     0.236    4.00        0.150
 OA      -44.676       35.405       56.999    -0.272    3.20        0.200
  N      -45.559       37.348       56.779    -0.346    3.50        0.160
 HD      -45.590       38.345       56.803     0.163    2.00        0.000
  C      -46.938       36.787       56.599     0.177    4.00        0.150
  C      -47.739       36.776       57.912     0.044    4.00        0.150
  C      -47.946       38.143       58.628     0.105    4.00        0.150
  C      -48.660       37.768       59.962     0.215    4.00        0.150
 OA      -48.883       36.604       60.386    -0.274    3.20        0.200
  N      -49.050       38.865       60.646    -0.370    3.50        0.160
 HD      -49.557       38.652       61.481     0.159    2.00        0.000
 HD      -48.911       39.811       60.351     0.159    2.00        0.000
  C      -47.724       37.715       55.637     0.241    4.00        0.150
 OA      -47.467       38.875       55.345    -0.271    3.20        0.200
  N      -48.764       37.240       55.024    -0.346    3.50        0.160
 HD      -48.901       36.256       55.108     0.163    2.00        0.000
  C      -49.820       38.004       54.377     0.177    4.00        0.150
  C      -50.975       37.176       53.765     0.044    4.00        0.150
  C      -50.562       36.319       52.583     0.105    4.00        0.150
  C      -51.698       35.496       52.007     0.215    4.00        0.150
 OA      -52.899       35.513       52.396    -0.274    3.20        0.200
  N      -51.332       34.633       50.940    -0.370    3.50        0.160
 HD      -52.079       34.218       50.420     0.159    2.00        0.000
 HD      -50.387       34.475       50.653     0.159    2.00        0.000
  C      -50.505       39.047       55.273     0.241    4.00        0.150
 OA      -50.662       38.735       56.450    -0.271    3.20        0.200
  N      -50.883       40.174       54.744    -0.344    3.50        0.160
 HD      -50.441       40.424       53.886     0.163    2.00        0.000
  C      -51.479       41.256       55.496     0.205    4.00        0.150
  C      -50.606       42.545       55.467     0.146    4.00        0.150
 OA      -50.533       43.168       54.147    -0.393    3.20        0.200
 HD      -49.848       43.834       54.239     0.210    2.00        0.000
  C      -49.173       42.297       55.796     0.042    4.00        0.150
  C      -52.799       41.503       54.825     0.243    4.00        0.150
 OA      -53.741       41.913       55.450    -0.271    3.20        0.200
  N      -52.951       41.095       53.527    -0.344    3.50        0.160
 HD      -52.193       40.682       53.028     0.163    2.00        0.000
  C      -54.215       41.339       52.780     0.205    4.00        0.150
  C      -54.238       42.524       51.899     0.146    4.00        0.150
 OA      -53.667       43.623       52.548    -0.393    3.20        0.200
 HD      -52.932       43.311       53.081     0.210    2.00        0.000
  C      -55.661       43.003       51.513     0.042    4.00        0.150
  C      -54.301       40.087       51.871     0.243    4.00        0.150
 OA      -53.313       39.658       51.277    -0.271    3.20        0.200
  N      -55.496       39.503       51.724    -0.344    3.50        0.160
 HD      -56.172       39.722       52.424     0.163    2.00        0.000
  C      -55.813       38.416       50.806     0.205    4.00        0.150
  C      -55.410       37.090       51.353     0.146    4.00        0.150
 OA      -55.327       36.061       50.411    -0.393    3.20        0.200
 HD      -54.870       35.411       50.950     0.210    2.00        0.000
  C      -56.399       36.540       52.320     0.042    4.00        0.150
  C      -57.223       38.483       50.198     0.243    4.00        0.150
 OA      -58.205       38.785       50.906    -0.271    3.20        0.200
  N      -57.221       38.379       48.835    -0.346    3.50        0.160
 HD      -56.403       38.117       48.330     0.163    2.00        0.000
  C      -58.286       38.619       47.934     0.180    4.00        0.150
  C      -57.847       39.671       46.793     0.073    4.00        0.150
  A      -57.065       40.830       47.320    -0.056    4.00        0.150
  A      -57.738       42.125       47.425     0.007    4.00        0.150
  A      -57.031       43.231       47.799     0.001    4.00        0.150
  A      -55.636       43.161       47.997     0.000    4.00        0.150
  A      -55.684       40.754       47.501     0.007    4.00        0.150
  A      -54.977       41.932       47.905     0.001    4.00        0.150
  C      -58.728       37.401       47.282     0.241    4.00        0.150
 OA      -57.915       36.522       47.029    -0.271    3.20        0.200
  N      -60.095       37.295       46.975    -0.344    3.50        0.160
 HD      -60.720       38.012       47.274     0.163    2.00        0.000
  C      -60.633       36.200       46.158     0.205    4.00        0.150
  C      -60.970       35.005       47.028     0.146    4.00        0.150
 OA      -61.728       34.015       46.411    -0.393    3.20        0.200
 HD      -61.667       33.215       46.940     0.210    2.00        0.000
  C      -61.748       35.368       48.329     0.042    4.00        0.150
  C      -61.816       36.740       45.300     0.243    4.00        0.150
 OA      -62.405       37.730       45.743    -0.271    3.20        0.200
  N      -62.115       36.219       44.083    -0.350    3.50        0.160
 HD      -61.538       35.498       43.706     0.163    2.00        0.000
  C      -63.381       36.642       43.391     0.225    4.00        0.150
  C      -63.616       35.851       42.104     0.236    4.00        0.150
 OA      -64.741       35.513       41.718    -0.272    3.20        0.200
  N      -62.494       35.593       41.396    -0.346    3.50        0.160
 HD      -61.619       35.837       41.806     0.163    2.00        0.000
  C      -62.459       34.743       40.213     0.182    4.00        0.150
  C      -61.111       34.751       39.528     0.093    4.00        0.150
  N      -61.333       36.451       37.732    -0.353    3.50        0.160
 HD      -61.663       35.820       37.030     0.166    2.00        0.000
  A      -60.761       36.016       38.869     0.030    4.00        0.150
  A      -60.845       37.654       37.505     0.207    4.00        0.150
 NA      -59.859       38.051       38.395    -0.254    3.50        0.160
  A      -59.918       37.016       39.281     0.143    4.00        0.150
  C      -62.821       33.308       40.529     0.241    4.00        0.150
 OA      -62.467       32.851       41.592    -0.271    3.20        0.200
  N      -63.469       32.620       39.581    -0.344    3.50        0.160
 HD      -63.864       33.100       38.802     0.163    2.00        0.000
  C      -63.854       31.244       39.869     0.205    4.00        0.150
  C      -65.322       30.984       39.565     0.146    4.00        0.150
 OA      -65.694       31.330       38.251    -0.393    3.20        0.200
 HD      -65.822       32.280       38.193     0.210    2.00        0.000
  C      -66.073       31.751       40.618     0.042    4.00        0.150
  C      -63.049       30.276       39.096     0.243    4.00        0.150
 OA      -63.128       29.092       39.270    -0.271    3.20        0.200
  N      -62.156       30.799       38.198    -0.350    3.50        0.160
 HD      -62.131       31.765       37.952     0.163    2.00        0.000
  C      -61.115       30.018       37.636     0.225    4.00        0.150
  C      -59.779       30.475       38.016     0.236    4.00        0.150
 OA      -59.629       31.674       38.270    -0.272    3.20        0.200
  N      -58.706       29.597       38.099    -0.346    3.50        0.160
 HD      -58.699       28.608       37.965     0.163    2.00        0.000
  C      -57.272       30.011       38.195     0.186    4.00        0.150
  C      -56.339       28.965       37.446     0.147    4.00        0.150
  C      -56.483       27.477       37.784     0.175    4.00        0.150
 OA      -57.492       27.093       38.512    -0.648    3.20        0.200
 OA      -55.676       26.636       37.344    -0.648    3.20        0.200
  C      -57.004       31.457       37.754     0.241    4.00        0.150
 OA      -57.124       31.791       36.594    -0.271    3.20        0.200
  N      -56.272       32.266       38.592    -0.346    3.50        0.160
 HD      -55.935       31.978       39.484     0.163    2.00        0.000
  C      -55.741       33.557       38.180     0.180    4.00        0.150
  C      -55.582       34.543       39.316     0.009    4.00        0.150
  C      -54.977       35.897       39.051     0.012    4.00        0.150
  C      -57.027       34.787       39.857     0.012    4.00        0.150
  C      -54.419       33.395       37.579     0.241    4.00        0.150
 OA      -53.591       32.589       38.004    -0.271    3.20        0.200
  N      -54.152       34.047       36.518    -0.346    3.50        0.160
 HD      -54.690       34.799       36.145     0.163    2.00        0.000
  C      -52.977       33.898       35.692     0.177    4.00        0.150
  C      -53.450       33.617       34.203     0.045    4.00        0.150
  C      -54.052       32.194       34.097     0.076    4.00        0.150
 SA      -53.001       30.903       34.818    -0.173    4.00        0.200
  C      -51.611       31.105       33.675     0.089    4.00        0.150
  C      -51.974       34.991       35.497     0.241    4.00        0.150
 OA      -50.885       34.757       35.012    -0.271    3.20        0.200
  N      -52.310       36.214       35.876    -0.344    3.50        0.160
 HD      -53.213       36.526       36.162     0.163    2.00        0.000
  C      -51.515       37.406       35.653     0.200    4.00        0.150
  C      -51.607       37.792       34.145     0.199    4.00        0.150
 OA      -50.748       38.808       33.756    -0.398    3.20        0.200
 HD      -49.841       38.579       33.972     0.209    2.00        0.000
  C      -52.057       38.544       36.472     0.243    4.00        0.150
 OA      -53.242       38.602       36.748    -0.271    3.20        0.200
  N      -51.165       39.402       37.012    -0.346    3.50        0.160
 HD      -50.194       39.238       36.848     0.163    2.00        0.000
  C      -51.601       40.590       37.794     0.177    4.00        0.150
  C      -51.406       40.329       39.320     0.038    4.00        0.150
  C      -49.944       40.586       39.849    -0.020    4.00        0.150
  C      -49.788       41.839       40.670     0.009    4.00        0.150
  C      -49.494       39.374       40.774     0.009    4.00        0.150
  C      -50.778       41.754       37.267     0.241    4.00        0.150
 OA      -49.608       41.509       36.823    -0.271    3.20        0.200
  N      -51.343       42.954       37.283    -0.344    3.50        0.160
 HD      -52.332       42.991       37.405     0.163    2.00        0.000
  C      -50.553       44.120       36.854     0.200    4.00        0.150
  C      -50.761       44.489       35.369     0.199    4.00        0.150
 OA      -49.949       45.563       34.981    -0.398    3.20        0.200
 HD      -49.089       45.259       34.679     0.209    2.00        0.000
  C      -50.804       45.297       37.847     0.243    4.00        0.150
 OA      -51.959       45.541       38.256    -0.271    3.20        0.200
  N      -49.758       46.075       38.290    -0.346    3.50        0.160
 HD      -48.822       45.922       37.984     0.163    2.00        0.000
  C      -49.890       47.180       39.249     0.177    4.00        0.150
  C      -48.695       47.226       40.234     0.038    4.00        0.150
  C      -48.640       46.085       41.279    -0.020    4.00        0.150
  C      -47.156       45.746       41.562     0.009    4.00        0.150
  C      -49.437       46.440       42.565     0.009    4.00        0.150
  C      -49.906       48.548       38.668     0.241    4.00        0.150
 OA      -49.034       49.014       37.908    -0.271    3.20        0.200
  N      -50.898       49.305       39.109    -0.346    3.50        0.160
 HD      -51.577       48.927       39.733     0.163    2.00        0.000
  C      -50.908       50.791       38.971     0.172    4.00        0.150
  C      -52.243       51.350       39.571     0.042    4.00        0.150
  C      -49.710       51.501       39.597     0.243    4.00        0.150
 OA      -49.192       51.012       40.581    -0.271    3.20        0.200
  N      -49.331       52.642       39.031    -0.337    3.50        0.160
  C      -49.880       53.151       37.775     0.127    4.00        0.150
  C      -48.049       53.307       39.336     0.179    4.00        0.150
  C      -47.777       54.083       38.027     0.037    4.00        0.150
  C      -49.120       54.359       37.288     0.022    4.00        0.150
  C      -48.087       54.226       40.535     0.241    4.00        0.150
 OA      -47.110       54.916       40.813    -0.271    3.20        0.200
  N      -49.175       54.304       41.277    -0.346    3.50        0.160
 HD      -50.005       53.924       40.878     0.163    2.00        0.000
  C      -49.259       54.756       42.662     0.186    4.00        0.150
  C      -50.456       55.753       42.883     0.147    4.00        0.150
  C      -51.805       55.223       42.435     0.175    4.00        0.150
 OA      -52.015       54.006       42.273    -0.648    3.20        0.200
 OA      -52.738       56.051       42.159    -0.648    3.20        0.200
  C      -49.246       53.568       43.573     0.241    4.00        0.150
 OA      -49.212       53.720       44.767    -0.271    3.20        0.200
  N      -49.219       52.330       43.049    -0.344    3.50        0.160
 HD      -49.211       52.339       42.052     0.163    2.00        0.000
  C      -49.382       51.102       43.746     0.205    4.00        0.150
  C      -48.086       50.645       44.464     0.146    4.00        0.150
 OA      -47.705       51.553       45.470    -0.393    3.20        0.200
 HD      -47.906       52.440       45.162     0.210    2.00        0.000
  C      -46.961       50.694       43.464     0.042    4.00        0.150
  C      -50.595       50.991       44.672     0.243    4.00        0.150
 OA      -50.657       50.191       45.612    -0.271    3.20        0.200
  N      -51.699       51.775       44.394    -0.346    3.50        0.160
 HD      -51.708       52.423       43.637     0.163    2.00        0.000
  C      -52.839       51.689       45.249     0.176    4.00        0.150
  C      -53.449       53.142       45.465     0.036    4.00        0.150
  C      -52.428       54.261       45.900     0.022    4.00        0.150
  C      -51.532       53.929       47.154     0.122    4.00        0.150
  N      -50.557       55.008       47.562    -0.367    3.50        0.160
 HD      -50.918       55.937       47.643     0.162    2.00        0.000
  C      -49.540       54.841       48.366     0.143    4.00        0.150
  N      -49.011       53.671       48.651    -0.376    3.50        0.160
 HD      -49.379       52.798       48.332     0.158    2.00        0.000
 HD      -48.233       53.659       49.279     0.158    2.00        0.000
 NA      -48.998       55.865       48.927    -0.274    3.50        0.160
 HD      -49.008       56.669       48.332     0.127    2.00        0.000
 HD      -48.117       55.647       49.346     0.127    2.00        0.000
  C      -53.970       50.923       44.567     0.241    4.00        0.150
 OA      -55.088       50.849       45.160    -0.271    3.20        0.200
  N      -53.814       50.425       43.396    -0.346    3.50        0.160
 HD      -52.943       50.456       42.913     0.163    2.00        0.000
  C      -54.808       49.673       42.692     0.177    4.00        0.150
  C      -55.604       50.388       41.527     0.038    4.00        0.150
  C      -56.562       51.519       41.847    -0.020    4.00        0.150
  C      -56.929       52.212       40.597     0.009    4.00        0.150
  C      -57.843       51.035       42.554     0.009    4.00        0.150
  C      -53.998       48.595       41.964     0.241    4.00        0.150
 OA      -52.819       48.787       41.644    -0.271    3.20        0.200
  N      -54.677       47.439       41.713    -0.346    3.50        0.160
 HD      -55.621       47.315       42.007     0.163    2.00        0.000
  C      -54.119       46.445       40.757     0.180    4.00        0.150
  C      -53.229       45.429       41.578     0.073    4.00        0.150
  A      -53.924       44.327       42.307    -0.056    4.00        0.150
  A      -54.430       44.491       43.619     0.007    4.00        0.150
  A      -55.061       43.457       44.274     0.001    4.00        0.150
  A      -55.240       42.178       43.618     0.000    4.00        0.150
  A      -54.072       43.030       41.685     0.007    4.00        0.150
  A      -54.709       41.942       42.341     0.001    4.00        0.150
  C      -55.194       45.804       40.025     0.241    4.00        0.150
 OA      -56.388       45.840       40.378    -0.271    3.20        0.200
  N      -54.925       45.122       38.849    -0.346    3.50        0.160
 HD      -54.006       44.848       38.576     0.163    2.00        0.000
  C      -55.867       44.414       37.984     0.180    4.00        0.150
  C      -55.989       45.159       36.654     0.009    4.00        0.150
  C      -56.625       46.507       36.811     0.012    4.00        0.150
  C      -54.568       45.206       35.957     0.012    4.00        0.150
  C      -55.357       42.983       37.662     0.241    4.00        0.150
 OA      -54.109       42.768       37.677    -0.271    3.20        0.200
  N      -56.378       41.993       37.506    -0.344    3.50        0.160
 HD      -57.322       42.315       37.530     0.163    2.00        0.000
  C      -56.085       40.577       37.217     0.200    4.00        0.150
  C      -56.621       39.632       38.338     0.199    4.00        0.150
 OA      -57.896       40.086       38.824    -0.398    3.20        0.200
 HD      -58.549       39.398       38.676     0.209    2.00        0.000
  C      -56.579       39.997       35.907     0.242    4.00        0.150
 OA      -57.513       40.574       35.385    -0.271    3.20        0.200
  N      -55.924       38.911       35.358    -0.350    3.50        0.160
 HD      -55.052       38.619       35.743     0.163    2.00        0.000
  C      -56.424       38.001       34.288     0.225    4.00        0.150
  C      -56.801       36.737       35.009     0.236    4.00        0.150
 OA      -56.141       36.437       36.021    -0.272    3.20        0.200
  N      -57.773       35.901       34.438    -0.347    3.50        0.160
 HD      -58.338       36.268       33.703     0.163    2.00        0.000
  C      -58.151       34.674       35.115     0.172    4.00        0.150
  C      -58.960       34.961       36.379     0.042    4.00        0.150
  C      -58.882       33.666       34.202     0.240    4.00        0.150
 OA      -59.331       33.914       33.125    -0.271    3.20        0.200
  N      -59.071       32.443       34.727    -0.345    3.50        0.160
 HD      -58.649       32.185       35.594     0.163    2.00        0.000
  C      -59.531       31.339       33.889     0.185    4.00        0.150
  C      -58.776       29.980       34.174     0.105    4.00        0.150
 SA      -56.991       30.055       33.738    -0.180    4.00        0.200
 HD      -57.087       30.154       32.420     0.101    2.00        0.000
  C      -61.025       31.175       34.114     0.241    4.00        0.150
 OA      -61.584       30.145       33.829    -0.271    3.20        0.200
  N      -61.677       32.222       34.654    -0.345    3.50        0.160
 HD      -61.244       33.071       34.945     0.163    2.00        0.000
  C      -63.049       32.400       34.387     0.186    4.00        0.150
  C      -63.712       32.750       35.696     0.147    4.00        0.150
  C      -63.287       34.021       36.361     0.175    4.00        0.150
 OA      -62.331       34.648       35.971    -0.648    3.20        0.200
 OA      -63.938       34.347       37.424    -0.648    3.20        0.200
  C      -63.270       33.453       33.329     0.241    4.00        0.150
 OA      -64.436       33.731       33.043    -0.271    3.20        0.200
  N      -62.169       34.080       32.748    -0.346    3.50        0.160
 HD      -61.262       33.931       33.134     0.163    2.00        0.000
  C      -62.188       34.844       31.630     0.172    4.00        0.150
  C      -62.890       34.277       30.378     0.042    4.00        0.150
  C      -62.636       36.219       31.982     0.240    4.00        0.150
 OA      -63.087       37.006       31.171    -0.271    3.20        0.200
  N      -62.600       36.482       33.346    -0.344    3.50        0.160
 HD      -62.289       35.795       33.999     0.163    2.00        0.000
  C      -62.855       37.796       33.880     0.200    4.00        0.150
  C      -63.744       37.636       35.117     0.199    4.00        0.150
 OA      -64.223       38.823       35.727    -0.398    3.20        0.200
 HD      -64.416       39.464       35.039     0.209    2.00        0.000
  C      -61.607       38.500       34.215     0.243    4.00        0.150
 OA      -60.599       37.923       34.470    -0.271    3.20        0.200
  N      -61.593       39.775       34.208    -0.346    3.50        0.160
 HD      -62.405       40.311       33.988     0.163    2.00        0.000
  C      -60.550       40.618       34.799     0.172    4.00        0.150
  C      -60.059       41.513       33.688     0.042    4.00        0.150
  C      -61.285       41.467       35.848     0.240    4.00        0.150
 OA      -62.430       41.867       35.690    -0.271    3.20        0.200
  N      -60.591       41.871       36.908    -0.346    3.50        0.160
 HD      -59.600       41.770       36.855     0.163    2.00        0.000
  C      -61.222       42.593       37.985     0.176    4.00        0.150
  C      -61.511       41.739       39.229     0.035    4.00        0.150
  C      -62.889       41.077       39.155     0.004    4.00        0.150
  C      -62.996       40.001       40.195     0.027    4.00        0.150
  C      -64.384       39.368       40.357     0.229    4.00        0.150
  N      -65.358       40.230       41.074    -0.079    3.50        0.160
 HD      -65.470       41.133       40.569     0.274    2.00        0.000
 HD      -64.941       40.369       42.017     0.274    2.00        0.000
 HD      -66.238       39.703       41.242     0.274    2.00        0.000
  C      -60.318       43.725       38.440     0.241    4.00        0.150
 OA      -59.100       43.592       38.332    -0.271    3.20        0.200
  N      -60.942       44.761       39.049    -0.346    3.50        0.160
 HD      -61.936       44.716       39.013     0.163    2.00        0.000
  C      -60.224       45.957       39.472     0.177    4.00        0.150
  C      -60.863       47.324       39.084     0.038    4.00        0.150
  C      -60.262       48.591       39.683    -0.020    4.00        0.150
  C      -58.729       48.681       39.418     0.009    4.00        0.150
  C      -60.998       49.825       39.114     0.009    4.00        0.150
  C      -60.225       45.875       40.982     0.241    4.00        0.150
 OA      -61.267       45.748       41.616    -0.271    3.20        0.200
  N      -59.053       46.109       41.560    -0.346    3.50        0.160
 HD      -58.207       46.195       41.039     0.163    2.00        0.000
  C      -58.783       45.808       42.948     0.181    4.00        0.150
  C      -57.812       44.604       43.135     0.075    4.00        0.150
  A      -58.260       43.392       42.476    -0.028    4.00        0.150
  A      -57.841       42.870       41.230     0.096    4.00        0.150
  N      -58.331       41.583       41.149    -0.365    3.50        0.160
 HD      -58.267       41.058       40.329     0.165    2.00        0.000
  A      -59.098       41.322       42.217     0.042    4.00        0.150
  A      -59.157       42.457       43.046    -0.002    4.00        0.150
  A      -59.830       42.403       44.328     0.014    4.00        0.150
  A      -60.661       41.313       44.545     0.001    4.00        0.150
  A      -59.969       40.278       42.496     0.030    4.00        0.150
  A      -60.747       40.248       43.646     0.002    4.00        0.150
  C      -58.119       46.933       43.637     0.241    4.00        0.150
 OA      -57.270       47.561       43.073    -0.271    3.20        0.200
  N      -58.630       47.301       44.843    -0.345    3.50        0.160
 HD      -59.515       46.972       45.165     0.163    2.00        0.000
  C      -58.019       48.237       45.657     0.186    4.00        0.150
  C      -59.000       49.329       46.007     0.147    4.00        0.150
  C      -58.572       50.392       46.958     0.175    4.00        0.150
 OA      -58.993       51.511       46.722    -0.648    3.20        0.200
 OA      -57.824       50.160       47.908    -0.648    3.20        0.200
  C      -57.141       47.679       46.841     0.241    4.00        0.150
 OA      -57.640       47.027       47.764    -0.271    3.20        0.200
  N      -55.835       47.955       46.714    -0.346    3.50        0.160
 HD      -55.503       48.479       45.933     0.163    2.00        0.000
  C      -54.715       47.334       47.521     0.180    4.00        0.150
  C      -53.367       47.970       47.143     0.009    4.00        0.150
  C      -52.188       47.623       48.146     0.012    4.00        0.150
  C      -53.002       47.479       45.761     0.012    4.00        0.150
  C      -54.893       47.537       49.011     0.241    4.00        0.150
 OA      -54.722       46.595       49.825    -0.271    3.20        0.200
  N      -55.080       48.799       49.416    -0.346    3.50        0.160
 HD      -55.265       49.513       48.744     0.163    2.00        0.000
  C      -54.980       49.187       50.818     0.176    4.00        0.150
  C      -54.794       50.683       50.979     0.036    4.00        0.150
  C      -53.318       51.120       50.725     0.023    4.00        0.150
  C      -52.913       52.520       51.266     0.138    4.00        0.150
  N      -51.423       52.680       51.166    -0.227    3.50        0.160
 HD      -50.854       51.932       50.823     0.177    2.00        0.000
  C      -50.770       53.692       51.662     0.665    4.00        0.150
  N      -51.347       54.697       52.343    -0.235    3.50        0.160
 HD      -52.347       54.749       52.333     0.174    2.00        0.000
 HD      -50.776       55.518       52.340     0.174    2.00        0.000
  N      -49.466       53.752       51.551    -0.235    3.50        0.160
 HD      -48.928       52.954       51.276     0.174    2.00        0.000
 HD      -49.076       54.396       52.209     0.174    2.00        0.000
  C      -56.316       48.835       51.483     0.241    4.00        0.150
 OA      -56.316       48.537       52.685    -0.271    3.20        0.200
  N      -57.425       48.740       50.767    -0.346    3.50        0.160
 HD      -57.391       48.915       49.787     0.163    2.00        0.000
  C      -58.755       48.606       51.359     0.177    4.00        0.150
  C      -59.737       49.651       50.828     0.045    4.00        0.150
  C      -61.084       49.461       51.562     0.116    4.00        0.150
  C      -61.951       50.647       51.253     0.172    4.00        0.150
 OA      -61.926       51.560       52.042    -0.648    3.20        0.200
 OA      -62.632       50.700       50.147    -0.648    3.20        0.200
  C      -59.338       47.147       51.426     0.240    4.00        0.150
 OA      -60.147       46.756       52.237    -0.271    3.20        0.200
  N      -58.794       46.334       50.536    -0.351    3.50        0.160
 HD      -58.192       46.715       49.838     0.163    2.00        0.000
  C      -59.087       44.934       50.527     0.225    4.00        0.150
  C      -60.422       44.701       49.755     0.236    4.00        0.150
 OA      -61.193       43.861       50.225    -0.272    3.20        0.200
  N      -60.741       45.335       48.646    -0.346    3.50        0.160
 HD      -60.038       45.788       48.103     0.163    2.00        0.000
  C      -61.998       45.255       47.991     0.177    4.00        0.150
  C      -62.717       46.580       48.133     0.045    4.00        0.150
  C      -63.340       46.743       49.523     0.076    4.00        0.150
 SA      -64.908       45.867       49.647    -0.173    4.00        0.200
  C      -64.786       45.284       51.339     0.089    4.00        0.150
  C      -61.824       45.074       46.429     0.241    4.00        0.150
 OA      -60.828       45.573       45.857    -0.271    3.20        0.200
  N      -62.811       44.392       45.889    -0.345    3.50        0.160
 HD      -63.554       43.999       46.425     0.163    2.00        0.000
  C      -62.984       44.475       44.471     0.185    4.00        0.150
  C      -63.589       43.147       43.782     0.105    4.00        0.150
 SA      -63.249       42.953       42.069    -0.180    4.00        0.200
 HD      -61.934       42.795       42.075     0.101    2.00        0.000
  C      -63.889       45.630       44.103     0.241    4.00        0.150
 OA      -64.780       46.083       44.857    -0.271    3.20        0.200
  N      -63.638       46.322       43.024    -0.346    3.50        0.160
 HD      -62.895       46.067       42.409     0.163    2.00        0.000
  C      -64.274       47.488       42.454     0.176    4.00        0.150
  C      -63.285       48.599       42.187     0.036    4.00        0.150
  C      -63.790       49.898       41.611     0.023    4.00        0.150
  C      -64.864       50.646       42.357     0.138    4.00        0.150
  N      -64.355       50.816       43.740    -0.227    3.50        0.160
 HD      -64.562       50.084       44.388     0.177    2.00        0.000
  C      -63.360       51.593       44.145     0.665    4.00        0.150
  N      -62.781       52.443       43.357    -0.235    3.50        0.160
 HD      -63.251       52.690       42.509     0.174    2.00        0.000
 HD      -61.872       52.783       43.596     0.174    2.00        0.000
  N      -62.695       51.310       45.213    -0.235    3.50        0.160
 HD      -63.042       50.757       45.971     0.174    2.00        0.000
 HD      -62.018       51.972       45.537     0.174    2.00        0.000
  C      -65.100       47.406       41.103     0.241    4.00        0.150
 OA      -66.251       47.804       40.959    -0.271    3.20        0.200
  N      -64.617       46.846       40.035    -0.346    3.50        0.160
 HD      -63.718       46.460       40.233     0.163    2.00        0.000
  C      -65.277       46.585       38.813     0.177    4.00        0.150
  C      -64.902       47.582       37.698     0.044    4.00        0.150
  C      -65.342       49.028       37.992     0.105    4.00        0.150
  C      -64.565       49.908       36.999     0.215    4.00        0.150
 OA      -63.527       50.452       37.420    -0.274    3.20        0.200
  N      -65.092       50.145       35.788    -0.370    3.50        0.160
 HD      -65.864       49.583       35.491     0.159    2.00        0.000
 HD      -64.490       50.697       35.212     0.159    2.00        0.000
  C      -64.870       45.273       38.295     0.241    4.00        0.150
 OA      -63.717       44.899       38.354    -0.271    3.20        0.200
  N      -65.854       44.459       37.883    -0.344    3.50        0.160
 HD      -66.783       44.567       38.230     0.163    2.00        0.000
  C      -65.639       43.166       37.206     0.205    4.00        0.150
  C      -66.565       42.102       37.765     0.146    4.00        0.150
 OA      -66.412       42.022       39.145    -0.393    3.20        0.200
 HD      -66.995       42.749       39.372     0.210    2.00        0.000
  C      -66.282       40.650       37.296     0.042    4.00        0.150
  C      -65.981       43.325       35.738     0.243    4.00        0.150
 OA      -67.008       43.920       35.447    -0.271    3.20        0.200
  N      -65.155       42.784       34.876    -0.346    3.50        0.160
 HD      -64.353       42.334       35.260     0.163    2.00        0.000
  C      -65.216       42.780       33.449     0.180    4.00        0.150
  C      -63.970       43.614       32.947     0.073    4.00        0.150
  A      -63.792       44.909       33.630    -0.056    4.00        0.150
  A      -64.486       46.032       33.180     0.007    4.00        0.150
  A      -64.221       47.326       33.750     0.001    4.00        0.150
  A      -63.231       47.448       34.727     0.000    4.00        0.150
  A      -62.822       45.102       34.684     0.007    4.00        0.150
  A      -62.570       46.351       35.208     0.001    4.00        0.150
  C      -65.216       41.382       32.962     0.241    4.00        0.150
 OA      -64.889       40.471       33.688    -0.271    3.20        0.200
  N      -65.692       41.156       31.671    -0.344    3.50        0.160
 HD      -65.942       41.889       31.043     0.163    2.00        0.000
  C      -65.393       39.832       31.012     0.205    4.00        0.150
  C      -66.542       38.834       31.088     0.146    4.00        0.150
 OA      -67.707       39.219       30.509    -0.393    3.20        0.200
 HD      -68.125       39.781       31.165     0.210    2.00        0.000
  C      -66.806       38.460       32.528     0.042    4.00        0.150
  C      -64.809       40.016       29.583     0.243    4.00        0.150
 OA      -63.629       40.205       29.494    -0.271    3.20        0.200
  N      -65.692       39.818       28.633    -0.350    3.50        0.160
 HD      -66.605       39.606       28.971     0.163    2.00        0.000
  C      -65.518       40.055       27.240     0.225    4.00        0.150
  C      -64.915       38.932       26.437     0.236    4.00        0.150
 OA      -65.605       38.294       25.681    -0.272    3.20        0.200
  N      -63.628       38.616       26.628    -0.346    3.50        0.160
 HD      -63.117       39.222       27.233     0.163    2.00        0.000
  C      -62.956       37.434       26.104     0.182    4.00        0.150
  C      -61.492       37.346       26.700     0.093    4.00        0.150
  N      -59.874       38.153       24.944    -0.353    3.50        0.160
 HD      -60.119       37.407       24.323     0.166    2.00        0.000
  A      -60.492       38.322       26.142     0.030    4.00        0.150
  A      -58.925       39.119       24.900     0.207    4.00        0.150
 NA      -58.855       39.861       25.989    -0.254    3.50        0.160
  A      -59.825       39.343       26.812     0.143    4.00        0.150
  C      -63.723       36.115       26.272     0.241    4.00        0.150
 OA      -64.498       35.898       27.174    -0.271    3.20        0.200
  N      -63.538       35.255       25.278    -0.346    3.50        0.160
 HD      -62.913       35.404       24.516     0.163    2.00        0.000
  C      -64.285       33.920       25.248     0.177    4.00        0.150
  C      -64.550       33.503       23.795     0.045    4.00        0.150
  C      -65.289       34.370       22.795     0.116    4.00        0.150
  C      -65.422       33.624       21.467     0.172    4.00        0.150
 OA      -65.191       32.342       21.360    -0.648    3.20        0.200
 OA      -65.861       34.298       20.504    -0.648    3.20        0.200
  C      -63.803       32.726       26.017     0.241    4.00        0.150
 OA      -64.434       31.653       26.127    -0.271    3.20        0.200
  N      -62.552       32.844       26.499    -0.344    3.50        0.160
 HD      -62.194       33.764       26.631     0.163    2.00        0.000
  C      -61.770       31.819       27.192     0.200    4.00        0.150
  C      -61.061       30.907       26.172     0.199    4.00        0.150
 OA      -60.606       29.664       26.722    -0.398    3.20        0.200
 HD      -61.123       28.897       26.464     0.209    2.00        0.000
  C      -60.842       32.578       28.120     0.243    4.00        0.150
 OA      -60.874       33.827       28.136    -0.271    3.20        0.200
  N      -60.064       31.857       28.898    -0.345    3.50        0.160
 HD      -60.155       30.866       28.832     0.163    2.00        0.000
  C      -58.972       32.314       29.817     0.186    4.00        0.150
  C      -58.054       31.125       29.967     0.147    4.00        0.150
  C      -58.648       29.900       30.628     0.175    4.00        0.150
 OA      -59.894       29.887       30.917    -0.648    3.20        0.200
 OA      -57.860       28.879       30.854    -0.648    3.20        0.200
  C      -58.243       33.680       29.514     0.241    4.00        0.150
 OA      -57.715       33.960       28.434    -0.271    3.20        0.200
  N      -58.202       34.644       30.463    -0.346    3.50        0.160
 HD      -58.623       34.622       31.367     0.163    2.00        0.000
  C      -57.302       35.785       30.333     0.180    4.00        0.150
  C      -57.860       37.050       30.946     0.013    4.00        0.150
  C      -56.855       38.238       30.795     0.012    4.00        0.150
  C      -59.186       37.392       30.201     0.002    4.00        0.150
  C      -59.817       38.720       30.670     0.005    4.00        0.150
  C      -55.915       35.491       30.929     0.241    4.00        0.150
 OA      -55.679       35.215       32.098    -0.271    3.20        0.200
  N      -54.909       35.584       30.002    -0.346    3.50        0.160
 HD      -55.062       35.906       29.071     0.163    2.00        0.000
  C      -53.639       34.987       30.195     0.185    4.00        0.150
  C      -53.046       34.366       28.891     0.137    4.00        0.150
  C      -53.866       33.085       28.477     0.217    4.00        0.150
 OA      -54.709       32.477       29.089    -0.274    3.20        0.200
  N      -53.460       32.717       27.270    -0.370    3.50        0.160
 HD      -53.825       31.867       26.889     0.159    2.00        0.000
 HD      -52.970       33.412       26.743     0.159    2.00        0.000
  C      -52.719       35.985       30.674     0.241    4.00        0.150
 OA      -51.723       35.687       31.280    -0.271    3.20        0.200
  N      -53.068       37.224       30.361    -0.346    3.50        0.160
 HD      -53.958       37.449       29.970     0.163    2.00        0.000
  C      -52.170       38.329       30.493     0.172    4.00        0.150
  C      -51.425       38.422       29.075     0.042    4.00        0.150
  C      -52.963       39.594       30.713     0.240    4.00        0.150
 OA      -54.111       39.666       30.340    -0.271    3.20        0.200
  N      -52.341       40.505       31.468    -0.346    3.50        0.160
 HD      -51.395       40.336       31.736     0.163    2.00        0.000
  C      -52.874       41.825       31.705     0.180    4.00        0.150
  C      -53.820       41.845       32.959     0.013    4.00        0.150
  C      -53.088       41.420       34.248     0.012    4.00        0.150
  C      -54.696       43.121       33.058     0.002    4.00        0.150
  C      -56.160       42.956       33.607     0.005    4.00        0.150
  C      -51.744       42.824       31.885     0.241    4.00        0.150
 OA      -50.678       42.527       32.466    -0.271    3.20        0.200
  N      -51.936       44.066       31.432    -0.345    3.50        0.160
 HD      -52.719       44.378       30.901     0.163    2.00        0.000
  C      -50.926       45.064       31.802     0.185    4.00        0.150
  C      -49.775       45.128       30.681     0.105    4.00        0.150
 SA      -48.417       46.294       31.004    -0.180    4.00        0.200
 HD      -49.229       47.342       31.000     0.101    2.00        0.000
  C      -51.616       46.464       31.959     0.241    4.00        0.150
 OA      -52.381       46.797       31.099    -0.271    3.20        0.200
  N      -51.258       47.215       32.983    -0.346    3.50        0.160
 HD      -50.625       46.975       33.714     0.163    2.00        0.000
  C      -51.629       48.618       33.023     0.180    4.00        0.150
  C      -51.226       49.185       34.397     0.073    4.00        0.150
  A      -52.452       49.156       35.268    -0.056    4.00        0.150
  A      -53.418       50.167       35.112     0.007    4.00        0.150
  A      -54.429       50.305       36.086     0.001    4.00        0.150
  A      -54.562       49.451       37.231     0.000    4.00        0.150
  A      -52.498       48.349       36.396     0.007    4.00        0.150
  A      -53.494       48.474       37.369     0.001    4.00        0.150
  C      -51.143       49.470       31.802     0.241    4.00        0.150
 OA      -50.004       49.377       31.391    -0.271    3.20        0.200
  N      -52.048       50.338       31.284    -0.346    3.50        0.160
 HD      -53.010       50.355       31.544     0.163    2.00        0.000
  C      -51.736       51.282       30.255     0.181    4.00        0.150
  C      -53.087       51.699       29.620     0.073    4.00        0.150
  A      -52.997       52.640       28.412    -0.056    4.00        0.150
  A      -53.157       52.117       27.120     0.007    4.00        0.150
  A      -53.189       52.883       25.963     0.001    4.00        0.150
  A      -52.892       54.277       26.078     0.000    4.00        0.150
  A      -52.838       54.033       28.473     0.007    4.00        0.150
  A      -52.626       54.846       27.378     0.001    4.00        0.150
  C      -50.894       52.359       31.015     0.243    4.00        0.150
 OA      -51.127       52.561       32.181    -0.271    3.20        0.200
  N      -49.995       53.011       30.494    -0.337    3.50        0.160
  C      -49.450       52.582       29.177     0.127    4.00        0.150
  C      -49.048       53.872       31.211     0.179    4.00        0.150
  C      -47.860       54.004       30.281     0.037    4.00        0.150
  C      -48.445       53.693       28.898     0.022    4.00        0.150
  C      -49.623       55.204       31.714     0.241    4.00        0.150
 OA      -48.814       56.044       32.093    -0.271    3.20        0.200
  N      -51.013       55.414       31.672    -0.346    3.50        0.160
 HD      -51.641       54.765       31.250     0.163    2.00        0.000
  C      -51.801       56.455       32.404     0.185    4.00        0.150
  C      -52.860       57.150       31.514     0.137    4.00        0.150
  C      -54.159       56.387       31.243     0.217    4.00        0.150
 OA      -54.294       55.166       31.511    -0.274    3.20        0.200
  N      -55.206       57.202       30.973    -0.370    3.50        0.160
 HD      -54.962       58.134       30.709     0.159    2.00        0.000
 HD      -56.040       56.713       30.717     0.159    2.00        0.000
  C      -52.289       55.905       33.764     0.241    4.00        0.150
 OA      -52.600       56.604       34.704    -0.271    3.20        0.200
  N      -52.333       54.551       33.844    -0.351    3.50        0.160
 HD      -51.839       54.109       33.100     0.163    2.00        0.000
  C      -52.880       53.809       35.021     0.225    4.00        0.150
  C      -54.371       53.794       35.142     0.236    4.00        0.150
 OA      -54.868       53.375       36.160    -0.272    3.20        0.200
  N      -55.080       54.252       34.118    -0.346    3.50        0.160
 HD      -54.672       54.658       33.304     0.163    2.00        0.000
  C      -56.527       54.226       34.233     0.185    4.00        0.150
  C      -57.148       55.604       34.271     0.137    4.00        0.150
  C      -56.281       56.651       35.029     0.217    4.00        0.150
 OA      -55.790       57.608       34.416    -0.274    3.20        0.200
  N      -56.214       56.608       36.308    -0.370    3.50        0.160
 HD      -55.668       57.255       36.841     0.159    2.00        0.000
 HD      -56.703       55.907       36.826     0.159    2.00        0.000
  C      -57.181       53.383       33.116     0.241    4.00        0.150
 OA      -58.330       53.622       32.707    -0.271    3.20        0.200
  N      -56.502       52.353       32.626    -0.346    3.50        0.160
 HD      -55.584       52.244       32.999     0.163    2.00        0.000
  C      -56.889       51.428       31.579     0.172    4.00        0.150
  C      -56.791       52.286       30.270     0.042    4.00        0.150
  C      -56.017       50.159       31.637     0.240    4.00        0.150
 OA      -54.961       50.097       32.232    -0.271    3.20        0.200
  N      -56.312       49.095       30.908    -0.346    3.50        0.160
 HD      -57.088       49.094       30.281     0.163    2.00        0.000
  C      -55.664       47.837       30.974     0.180    4.00        0.150
  C      -56.217       47.063       32.211     0.073    4.00        0.150
  A      -57.656       46.510       32.118    -0.056    4.00        0.150
  A      -58.764       47.188       32.697     0.007    4.00        0.150
  A      -60.006       46.654       32.794     0.001    4.00        0.150
  A      -60.258       45.360       32.269     0.000    4.00        0.150
  A      -57.920       45.277       31.512     0.007    4.00        0.150
  A      -59.236       44.752       31.582     0.001    4.00        0.150
  C      -55.815       47.078       29.656     0.241    4.00        0.150
 OA      -56.914       47.111       29.069    -0.271    3.20        0.200
  N      -54.796       46.407       29.139    -0.346    3.50        0.160
 HD      -53.881       46.594       29.486     0.163    2.00        0.000
  C      -54.837       45.503       27.979     0.172    4.00        0.150
  C      -53.517       45.652       27.179     0.042    4.00        0.150
  C      -54.832       44.079       28.450     0.240    4.00        0.150
 OA      -54.209       43.808       29.497    -0.271    3.20        0.200
  N      -55.406       43.128       27.739    -0.344    3.50        0.160
 HD      -55.851       43.362       26.877     0.163    2.00        0.000
  C      -55.449       41.783       28.009     0.205    4.00        0.150
  C      -56.919       41.344       28.435     0.146    4.00        0.150
 OA      -57.731       41.810       27.388    -0.393    3.20        0.200
 HD      -57.864       41.106       26.750     0.210    2.00        0.000
  C      -57.512       42.077       29.706     0.042    4.00        0.150
  C      -54.964       41.007       26.741     0.243    4.00        0.150
 OA      -55.015       41.406       25.592    -0.271    3.20        0.200
  N      -54.428       39.821       27.026    -0.350    3.50        0.160
 HD      -54.242       39.621       27.985     0.163    2.00        0.000
  C      -54.329       38.754       26.051     0.225    4.00        0.150
  C      -54.886       37.465       26.602     0.236    4.00        0.150
 OA      -55.087       37.386       27.790    -0.272    3.20        0.200
  N      -55.326       36.523       25.733    -0.344    3.50        0.160
 HD      -55.222       36.715       24.761     0.163    2.00        0.000
  C      -56.255       35.478       26.092     0.200    4.00        0.150
  C      -57.709       35.867       25.787     0.199    4.00        0.150
 OA      -58.784       35.049       26.183    -0.398    3.20        0.200
 HD      -58.623       34.792       27.093     0.209    2.00        0.000
  C      -55.963       34.244       25.251     0.243    4.00        0.150
 OA      -55.260       34.224       24.286    -0.271    3.20        0.200
  N      -56.684       33.163       25.715    -0.345    3.50        0.160
 HD      -57.196       33.173       26.570     0.163    2.00        0.000
  C      -56.785       31.920       25.025     0.186    4.00        0.150
  C      -57.044       30.752       25.946     0.147    4.00        0.150
  C      -55.772       30.156       26.597     0.175    4.00        0.150
 OA      -54.652       30.559       26.269    -0.648    3.20        0.200
 OA      -55.902       29.229       27.408    -0.648    3.20        0.200
  C      -57.960       31.900       24.013     0.241    4.00        0.150
 OA      -58.138       30.983       23.212    -0.271    3.20        0.200
  N      -58.569       33.065       23.886    -0.345    3.50        0.160
 HD      -58.536       33.838       24.516     0.163    2.00        0.000
  C      -59.443       33.298       22.662     0.186    4.00        0.150
  C      -60.774       34.063       23.029     0.147    4.00        0.150
  C      -60.694       35.577       23.084     0.175    4.00        0.150
 OA      -61.782       36.208       23.400    -0.648    3.20        0.200
 OA      -59.581       36.096       23.010    -0.648    3.20        0.200
  C      -58.728       33.883       21.425     0.241    4.00        0.150
 OA      -59.325       34.022       20.374    -0.271    3.20        0.200
  N      -57.449       34.222       21.696    -0.346    3.50        0.160
 HD      -57.116       34.361       22.626     0.163    2.00        0.000
  C      -56.507       34.517       20.665     0.172    4.00        0.150
  C      -56.449       33.648       19.400     0.042    4.00        0.150
  C      -56.606       35.947       20.239     0.240    4.00        0.150
 OA      -56.014       36.340       19.240    -0.271    3.20        0.200
  N      -57.413       36.726       21.039    -0.344    3.50        0.160
 HD      -58.081       36.289       21.636     0.163    2.00        0.000
  C      -57.602       38.176       20.963     0.205    4.00        0.150
  C      -59.009       38.694       20.709     0.146    4.00        0.150
 OA      -59.831       38.611       21.894    -0.393    3.20        0.200
 HD      -59.800       37.724       22.259     0.210    2.00        0.000
  C      -59.676       37.807       19.649     0.042    4.00        0.150
  C      -56.768       38.938       21.889     0.243    4.00        0.150
 OA      -56.397       38.482       22.977    -0.271    3.20        0.200
  N      -56.437       40.154       21.495    -0.345    3.50        0.160
 HD      -56.637       40.499       20.582     0.163    2.00        0.000
  C      -55.860       41.114       22.403     0.185    4.00        0.150
  C      -54.403       41.504       21.937     0.105    4.00        0.150
 SA      -53.643       42.649       23.066    -0.180    4.00        0.200
 HD      -53.657       41.825       24.104     0.101    2.00        0.000
  C      -56.830       42.295       22.388     0.241    4.00        0.150
 OA      -57.455       42.628       21.443    -0.271    3.20        0.200
  N      -57.073       42.878       23.605    -0.346    3.50        0.160
 HD      -56.597       42.704       24.464     0.163    2.00        0.000
  C      -58.087       43.884       23.694     0.176    4.00        0.150
  C      -59.477       43.432       24.172     0.036    4.00        0.150
  C      -60.079       42.200       23.550     0.023    4.00        0.150
  C      -61.387       41.819       24.137     0.138    4.00        0.150
  N      -61.723       40.500       23.515    -0.227    3.50        0.160
 HD      -61.123       39.705       23.610     0.177    2.00        0.000
  C      -62.839       40.139       22.893     0.665    4.00        0.150
  N      -63.682       41.043       22.496    -0.235    3.50        0.160
 HD      -63.492       42.013       22.648     0.174    2.00        0.000
 HD      -64.468       40.743       21.953     0.174    2.00        0.000
  N      -63.102       38.883       22.598    -0.235    3.50        0.160
 HD      -64.090       38.783       22.481     0.174    2.00        0.000
 HD      -62.562       38.099       22.904     0.174    2.00        0.000
  C      -57.551       44.989       24.555     0.241    4.00        0.150
 OA      -56.504       44.769       25.199    -0.271    3.20        0.200
  N      -58.260       46.136       24.565    -0.346    3.50        0.160
 HD      -59.079       46.175       23.997     0.163    2.00        0.000
  C      -57.967       47.268       25.424     0.177    4.00        0.150
  C      -57.318       48.426       24.720     0.038    4.00        0.150
  C      -57.269       49.788       25.468    -0.020    4.00        0.150
  C      -56.388       49.601       26.695     0.009    4.00        0.150
  C      -56.693       50.870       24.548     0.009    4.00        0.150
  C      -59.298       47.738       26.148     0.241    4.00        0.150
 OA      -60.396       47.836       25.549    -0.271    3.20        0.200
  N      -59.207       47.842       27.478    -0.346    3.50        0.160
 HD      -58.353       47.526       27.883     0.163    2.00        0.000
  C      -60.303       48.198       28.448     0.180    4.00        0.150
  C      -60.664       47.104       29.466     0.073    4.00        0.150
  A      -61.520       46.090       28.874    -0.056    4.00        0.150
  A      -61.002       45.088       28.093     0.007    4.00        0.150
  A      -61.799       44.126       27.503     0.001    4.00        0.150
  A      -63.168       44.094       27.856     0.000    4.00        0.150
  A      -62.892       46.090       29.096     0.007    4.00        0.150
  A      -63.729       45.045       28.623     0.001    4.00        0.150
  C      -59.959       49.497       29.191     0.241    4.00        0.150
 OA      -58.861       49.592       29.686    -0.271    3.20        0.200
  N      -60.961       50.404       29.263    -0.345    3.50        0.160
 HD      -61.911       50.225       29.018     0.163    2.00        0.000
  C      -60.748       51.539       30.112     0.186    4.00        0.150
  C      -60.898       52.872       29.289     0.147    4.00        0.150
  C      -60.572       54.197       30.024     0.175    4.00        0.150
 OA      -60.759       54.389       31.260    -0.648    3.20        0.200
 OA      -60.098       55.063       29.273    -0.648    3.20        0.200
  C      -61.616       51.626       31.357     0.241    4.00        0.150
 OA      -62.842       51.442       31.311    -0.271    3.20        0.200
  N      -60.993       51.784       32.546    -0.346    3.50        0.160
 HD      -60.014       51.962       32.607     0.163    2.00        0.000
  C      -61.618       51.663       33.826     0.177    4.00        0.150
  C      -60.505       51.790       34.871     0.038    4.00        0.150
  C      -59.401       50.744       34.921    -0.020    4.00        0.150
  C      -58.274       51.014       35.886     0.009    4.00        0.150
  C      -59.941       49.316       35.108     0.009    4.00        0.150
  C      -62.733       52.700       34.089     0.241    4.00        0.150
 OA      -63.750       52.462       34.663    -0.271    3.20        0.200
  N      -62.530       53.940       33.595    -0.346    3.50        0.160
 HD      -61.699       54.142       33.083     0.163    2.00        0.000
  C      -63.448       55.064       33.658     0.176    4.00        0.150
  C      -62.739       56.348       33.062     0.036    4.00        0.150
  C      -61.296       56.599       33.643     0.023    4.00        0.150
  C      -60.586       57.658       32.884     0.138    4.00        0.150
  N      -60.546       57.245       31.435    -0.227    3.50        0.160
 HD      -60.475       56.286       31.161     0.177    2.00        0.000
  C      -60.219       58.103       30.488     0.665    4.00        0.150
  N      -60.530       59.385       30.665    -0.235    3.50        0.160
 HD      -60.735       59.695       31.595     0.174    2.00        0.000
 HD      -60.188       60.146       30.113     0.174    2.00        0.000
  N      -59.845       57.641       29.350    -0.235    3.50        0.160
 HD      -60.035       56.664       29.245     0.174    2.00        0.000
 HD      -59.712       58.396       28.709     0.174    2.00        0.000
  C      -64.698       54.847       32.830     0.241    4.00        0.150
 OA      -65.850       54.956       33.269    -0.271    3.20        0.200
  N      -64.506       54.408       31.568    -0.346    3.50        0.160
 HD      -63.586       54.083       31.363     0.163    2.00        0.000
  C      -65.491       54.090       30.641     0.172    4.00        0.150
  C      -64.652       53.900       29.327     0.042    4.00        0.150
  C      -66.261       52.776       30.849     0.240    4.00        0.150
 OA      -67.442       52.646       30.499    -0.271    3.20        0.200
  N      -65.509       51.827       31.421    -0.346    3.50        0.160
 HD      -64.545       51.991       31.617     0.163    2.00        0.000
  C      -66.043       50.715       32.096     0.186    4.00        0.150
  C      -67.370       50.908       33.003     0.147    4.00        0.150
  C      -67.861       49.760       33.862     0.175    4.00        0.150
 OA      -69.062       49.700       34.108    -0.648    3.20        0.200
 OA      -67.000       48.941       34.296    -0.648    3.20        0.200
  C      -66.140       49.487       31.153     0.241    4.00        0.150
 OA      -66.854       48.521       31.368    -0.271    3.20        0.200
  N      -65.496       49.594       29.983    -0.346    3.50        0.160
 HD      -64.925       50.394       29.814     0.163    2.00        0.000
  C      -65.761       48.752       28.821     0.177    4.00        0.150
  C      -67.069       49.115       28.127     0.044    4.00        0.150
  C      -67.053       50.551       27.488     0.105    4.00        0.150
  C      -68.557       51.006       27.332     0.215    4.00        0.150
 OA      -69.206       50.522       26.357    -0.274    3.20        0.200
  N      -69.053       51.807       28.290    -0.370    3.50        0.160
 HD      -69.997       52.107       28.151     0.159    2.00        0.000
 HD      -68.483       52.262       28.975     0.159    2.00        0.000
  C      -64.637       48.728       27.851     0.241    4.00        0.150
 OA      -63.724       49.528       27.976    -0.271    3.20        0.200
  N      -64.662       47.754       26.899    -0.346    3.50        0.160
 HD      -65.462       47.159       26.906     0.163    2.00        0.000
  C      -63.718       47.603       25.735     0.177    4.00        0.150
  C      -64.053       46.343       24.909     0.045    4.00        0.150
  C      -63.629       46.209       23.389     0.116    4.00        0.150
  C      -64.413       45.066       22.752     0.172    4.00        0.150
 OA      -65.265       45.313       21.821    -0.648    3.20        0.200
 OA      -64.117       43.885       23.098    -0.648    3.20        0.200
  C      -63.610       48.856       24.983     0.241    4.00        0.150
 OA      -64.630       49.416       24.668    -0.271    3.20        0.200
  N      -62.407       49.300       24.623    -0.346    3.50        0.160
 HD      -61.640       48.864       25.088     0.163    2.00        0.000
  C      -62.173       50.468       23.753     0.177    4.00        0.150
  C      -61.237       51.479       24.346     0.038    4.00        0.150
  C      -61.529       52.156       25.704    -0.020    4.00        0.150
  C      -60.506       53.294       25.927     0.009    4.00        0.150
  C      -62.969       52.684       25.763     0.009    4.00        0.150
  C      -61.726       49.967       22.378     0.241    4.00        0.150
 OA      -62.210       50.433       21.333    -0.271    3.20        0.200
  N      -60.827       48.966       22.339    -0.346    3.50        0.160
 HD      -60.640       48.569       23.233     0.163    2.00        0.000
  C      -60.394       48.328       21.092     0.177    4.00        0.150
  C      -59.035       48.869       20.596     0.045    4.00        0.150
  C      -59.209       49.931       19.584     0.076    4.00        0.150
 SA      -59.408       49.459       17.794    -0.173    4.00        0.200
  C      -59.195       51.165       17.112     0.089    4.00        0.150
  C      -60.273       46.821       21.319     0.241    4.00        0.150
 OA      -59.905       46.445       22.373    -0.271    3.20        0.200
  N      -60.476       46.051       20.178    -0.344    3.50        0.160
 HD      -60.916       46.417       19.361     0.163    2.00        0.000
  C      -60.127       44.695       19.978     0.205    4.00        0.150
  C      -61.288       43.723       19.541     0.146    4.00        0.150
 OA      -62.283       43.757       20.535    -0.393    3.20        0.200
 HD      -62.395       44.654       20.859     0.210    2.00        0.000
  C      -60.749       42.274       19.450     0.042    4.00        0.150
  C      -59.091       44.418       18.770     0.243    4.00        0.150
 OA      -59.328       44.635       17.570    -0.271    3.20        0.200
  N      -57.894       43.930       19.076    -0.346    3.50        0.160
 HD      -57.736       43.652       20.020     0.163    2.00        0.000
  C      -56.833       43.798       18.121     0.180    4.00        0.150
  C      -55.474       44.228       18.762     0.073    4.00        0.150
  A      -55.496       45.493       19.524    -0.056    4.00        0.150
  A      -55.639       45.481       20.907     0.010    4.00        0.150
  A      -55.803       46.711       21.581     0.037    4.00        0.150
  A      -55.882       47.949       20.910     0.065    4.00        0.150
 OA      -56.042       49.199       21.623    -0.361    3.20        0.200
 HD      -55.981       49.967       21.051     0.217    2.00        0.000
  A      -55.553       46.675       18.790     0.010    4.00        0.150
  A      -55.712       47.912       19.470     0.037    4.00        0.150
  C      -56.674       42.318       17.885     0.241    4.00        0.150
 OA      -56.341       41.584       18.831    -0.271    3.20        0.200
  N      -56.940       41.767       16.664    -0.344    3.50        0.160
 HD      -57.260       42.339       15.912     0.163    2.00        0.000
  C      -56.933       40.404       16.400     0.200    4.00        0.150
  C      -58.322       39.796       16.886     0.199    4.00        0.150
 OA      -59.524       40.427       16.374    -0.398    3.20        0.200
 HD      -60.064       39.656       16.188     0.209    2.00        0.000
  C      -56.705       40.163       14.851     0.243    4.00        0.150
 OA      -56.762       41.105       14.048    -0.271    3.20        0.200
  N      -56.340       38.907       14.492    -0.346    3.50        0.160
 HD      -56.234       38.216       15.204     0.163    2.00        0.000
  C      -56.144       38.446       13.076     0.182    4.00        0.150
  C      -54.613       38.099       12.860     0.093    4.00        0.150
  N      -52.406       39.319       13.110    -0.353    3.50        0.160
 HD      -51.997       38.857       13.897     0.166    2.00        0.000
  A      -53.714       39.330       12.704     0.030    4.00        0.150
  A      -51.827       40.463       12.693     0.207    4.00        0.150
 NA      -52.660       41.175       12.014    -0.254    3.50        0.160
  A      -53.914       40.474       12.088     0.143    4.00        0.150
  C      -56.944       37.215       12.745     0.241    4.00        0.150
 OA      -56.949       36.272       13.515    -0.271    3.20        0.200
  N      -57.535       37.234       11.509    -0.345    3.50        0.160
 HD      -57.215       37.864       10.807     0.163    2.00        0.000
  C      -58.568       36.271       11.165     0.186    4.00        0.150
  C      -59.148       36.509        9.696     0.147    4.00        0.150
  C      -59.818       37.920        9.832     0.175    4.00        0.150
 OA      -60.720       38.094       10.723    -0.648    3.20        0.200
 OA      -59.617       38.793        8.948    -0.648    3.20        0.200
  C      -58.041       34.771       11.236     0.241    4.00        0.150
 OA      -58.726       33.838       11.683    -0.271    3.20        0.200
  N      -56.833       34.411       10.800    -0.346    3.50        0.160
 HD      -56.316       35.101       10.298     0.163    2.00        0.000
  C      -56.326       32.977       10.805     0.185    4.00        0.150
  C      -55.199       32.899        9.715     0.137    4.00        0.150
  C      -55.946       32.812        8.358     0.217    4.00        0.150
 OA      -57.074       32.371        8.298    -0.274    3.20        0.200
  N      -55.420       33.270        7.227    -0.370    3.50        0.160
 HD      -55.947       33.496        6.407     0.159    2.00        0.000
 HD      -54.434       33.434        7.202     0.159    2.00        0.000
  C      -55.729       32.496       12.115     0.241    4.00        0.150
 OA      -55.305       31.305       12.180    -0.271    3.20        0.200
  N      -55.729       33.291       13.232    -0.346    3.50        0.160
 HD      -56.420       34.005       13.323     0.163    2.00        0.000
  C      -54.835       32.958       14.327     0.180    4.00        0.150
  C      -54.108       34.279       14.765     0.013    4.00        0.150
  C      -53.409       34.290       16.088     0.012    4.00        0.150
  C      -53.050       34.638       13.639     0.002    4.00        0.150
  C      -51.791       33.671       13.440     0.005    4.00        0.150
  C      -55.622       32.594       15.492     0.241    4.00        0.150
 OA      -56.320       33.361       16.172    -0.271    3.20        0.200
  N      -55.602       31.322       15.857    -0.346    3.50        0.160
 HD      -54.986       30.624       15.501     0.163    2.00        0.000
  C      -56.366       30.763       17.011     0.180    4.00        0.150
  C      -57.129       29.477       16.645     0.013    4.00        0.150
  C      -58.328       29.770       15.736     0.012    4.00        0.150
  C      -56.248       28.443       15.943     0.002    4.00        0.150
  C      -56.865       27.027       15.992     0.005    4.00        0.150
  C      -55.423       30.466       18.107     0.241    4.00        0.150
 OA      -55.796       29.994       19.213    -0.271    3.20        0.200
  N      -54.143       30.701       17.923    -0.345    3.50        0.160
 HD      -53.871       31.103       17.052     0.163    2.00        0.000
  C      -53.186       30.486       18.951     0.185    4.00        0.150
  C      -51.708       30.459       18.536     0.105    4.00        0.150
 SA      -51.090       31.893       17.717    -0.180    4.00        0.200
 HD      -50.760       31.277       16.592     0.101    2.00        0.000
  C      -53.244       31.363       20.124     0.241    4.00        0.150
 OA      -53.501       32.535       19.976    -0.271    3.20        0.200
  N      -52.902       30.839       21.379    -0.351    3.50        0.160
 HD      -52.641       29.895       21.563     0.163    2.00        0.000
  C      -52.992       31.715       22.535     0.225    4.00        0.150
  C      -52.018       32.907       22.585     0.236    4.00        0.150
 OA      -50.993       32.917       21.878    -0.272    3.20        0.200
  N      -52.418       33.846       23.455    -0.346    3.50        0.160
 HD      -53.280       33.794       23.951     0.163    2.00        0.000
  C      -51.555       34.957       23.780     0.180    4.00        0.150
  C      -52.266       36.311       23.689     0.013    4.00        0.150
  C      -51.362       37.443       24.200     0.012    4.00        0.150
  C      -52.828       36.508       22.323     0.002    4.00        0.150
  C      -53.310       37.972       22.115     0.005    4.00        0.150
  C      -51.060       34.763       25.179     0.241    4.00        0.150
 OA      -51.781       34.628       26.153    -0.271    3.20        0.200
  N      -49.694       34.678       25.417    -0.344    3.50        0.160
 HD      -49.064       35.000       24.714     0.163    2.00        0.000
  C      -49.132       34.463       26.730     0.205    4.00        0.150
  C      -47.779       33.797       26.531     0.146    4.00        0.150
 OA      -46.817       34.561       25.860    -0.393    3.20        0.200
 HD      -46.197       33.912       25.520     0.210    2.00        0.000
  C      -47.857       32.566       25.577     0.042    4.00        0.150
  C      -48.908       35.785       27.545     0.243    4.00        0.150
 OA      -48.897       35.683       28.766    -0.271    3.20        0.200
  N      -48.752       36.987       26.940    -0.344    3.50        0.160
 HD      -48.881       37.027       25.952     0.163    2.00        0.000
  C      -48.238       38.154       27.618     0.200    4.00        0.150
  C      -46.705       38.101       27.810     0.199    4.00        0.150
 OA      -46.133       37.592       26.628    -0.398    3.20        0.200
 HD      -46.576       36.761       26.445     0.209    2.00        0.000
  C      -48.547       39.357       26.844     0.243    4.00        0.150
 OA      -48.511       39.282       25.660    -0.271    3.20        0.200
  N      -48.804       40.523       27.482    -0.346    3.50        0.160
 HD      -48.667       40.623       28.464     0.163    2.00        0.000
  C      -48.977       41.773       26.775     0.180    4.00        0.150
  C      -50.465       42.215       26.635     0.009    4.00        0.150
  C      -51.249       41.231       25.746     0.012    4.00        0.150
  C      -51.152       42.344       28.053     0.012    4.00        0.150
  C      -48.166       42.850       27.511     0.241    4.00        0.150
 OA      -47.767       42.572       28.710    -0.271    3.20        0.200
  N      -47.663       43.884       26.840    -0.344    3.50        0.160
 HD      -48.019       44.086       25.931     0.163    2.00        0.000
  C      -46.913       44.982       27.453     0.200    4.00        0.150
  C      -45.536       44.462       27.915     0.199    4.00        0.150
 OA      -44.909       45.536       28.754    -0.398    3.20        0.200
 HD      -45.329       45.457       29.614     0.209    2.00        0.000
  C      -46.939       46.215       26.566     0.243    4.00        0.150
 OA      -47.145       46.142       25.362    -0.271    3.20        0.200
  N      -46.815       47.382       27.159    -0.346    3.50        0.160
 HD      -46.738       47.385       28.153     0.163    2.00        0.000
  C      -46.870       48.661       26.564     0.180    4.00        0.150
  C      -47.927       49.489       27.247     0.073    4.00        0.150
  A      -49.323       49.188       26.929    -0.056    4.00        0.150
  A      -49.850       49.656       25.689     0.007    4.00        0.150
  A      -51.265       49.584       25.431     0.001    4.00        0.150
  A      -52.096       48.885       26.365     0.000    4.00        0.150
  A      -50.231       48.766       27.944     0.007    4.00        0.150
  A      -51.571       48.574       27.632     0.001    4.00        0.150
  C      -45.514       49.364       26.674     0.241    4.00        0.150
 OA      -44.865       49.309       27.717    -0.271    3.20        0.200
  N      -45.091       49.994       25.598    -0.344    3.50        0.160
 HD      -45.556       49.856       24.727     0.163    2.00        0.000
  C      -44.124       51.015       25.767     0.200    4.00        0.150
  C      -43.326       51.227       24.469     0.199    4.00        0.150
 OA      -42.158       52.036       24.634    -0.398    3.20        0.200
 HD      -42.159       52.698       23.939     0.209    2.00        0.000
  C      -44.762       52.314       26.130     0.243    4.00        0.150
 OA      -45.983       52.472       26.150    -0.271    3.20        0.200
  N      -43.878       53.170       26.600    -0.346    3.50        0.160
 HD      -42.925       52.937       26.422     0.163    2.00        0.000
  C      -44.141       54.435       27.372     0.176    4.00        0.150
  C      -42.765       55.067       27.652     0.035    4.00        0.150
  C      -42.682       56.510       28.148     0.004    4.00        0.150
  C      -41.208       57.000       28.194     0.027    4.00        0.150
  C      -40.910       58.452       28.553     0.229    4.00        0.150
  N      -39.484       58.653       28.638    -0.079    3.50        0.160
 HD      -39.005       58.021       27.966     0.274    2.00        0.000
 HD      -39.083       58.300       29.530     0.274    2.00        0.000
 HD      -39.185       59.637       28.480     0.274    2.00        0.000
  C      -45.187       55.412       26.744     0.241    4.00        0.150
 OA      -45.864       56.113       27.508    -0.271    3.20        0.200
  N      -45.326       55.475       25.440    -0.344    3.50        0.160
 HD      -44.737       55.006       24.785     0.163    2.00        0.000
  C      -46.378       56.225       24.828     0.200    4.00        0.150
  C      -46.230       56.420       23.155     0.199    4.00        0.150
 OA      -46.019       55.111       22.538    -0.398    3.20        0.200
 HD      -45.100       54.907       22.720     0.209    2.00        0.000
  C      -47.863       55.621       24.965     0.242    4.00        0.150
 OA      -48.900       56.232       24.855    -0.271    3.20        0.200
  N      -48.045       54.330       25.306    -0.350    3.50        0.160
 HD      -47.311       53.693       25.529     0.163    2.00        0.000
  C      -49.356       53.774       25.218     0.225    4.00        0.150
  C      -49.892       53.434       23.815     0.236    4.00        0.150
 OA      -51.079       53.096       23.613    -0.272    3.20        0.200
  N      -48.991       53.581       22.735    -0.346    3.50        0.160
 HD      -48.027       53.783       22.889     0.163    2.00        0.000
  C      -49.591       53.477       21.373     0.176    4.00        0.150
  C      -49.024       54.586       20.517     0.036    4.00        0.150
  C      -49.412       54.867       19.080     0.023    4.00        0.150
  C      -50.965       55.184       18.802     0.138    4.00        0.150
  N      -51.218       55.027       17.336    -0.227    3.50        0.160
 HD      -51.401       54.133       16.926     0.177    2.00        0.000
  C      -51.366       55.919       16.373     0.665    4.00        0.150
  N      -51.263       57.228       16.525    -0.235    3.50        0.160
 HD      -50.901       57.572       17.391     0.174    2.00        0.000
 HD      -51.269       57.873       15.761     0.174    2.00        0.000
  N      -51.441       55.579       15.114    -0.235    3.50        0.160
 HD      -51.390       54.601       14.915     0.174    2.00        0.000
 HD      -51.637       56.281       14.429     0.174    2.00        0.000
  C      -49.180       52.268       20.598     0.241    4.00        0.150
 OA      -49.716       51.876       19.502    -0.271    3.20        0.200
  N      -48.183       51.645       21.164    -0.346    3.50        0.160
 HD      -47.834       51.791       22.087     0.163    2.00        0.000
  C      -47.555       50.466       20.616     0.177    4.00        0.150
  C      -46.052       50.638       20.256     0.038    4.00        0.150
  C      -45.701       51.595       19.116    -0.020    4.00        0.150
  C      -44.270       51.602       18.775     0.009    4.00        0.150
  C      -46.471       51.348       17.816     0.009    4.00        0.150
  C      -47.816       49.450       21.653     0.241    4.00        0.150
 OA      -47.362       49.617       22.797    -0.271    3.20        0.200
  N      -48.473       48.346       21.343    -0.346    3.50        0.160
 HD      -48.605       48.231       20.361     0.163    2.00        0.000
  C      -49.004       47.374       22.333     0.177    4.00        0.150
  C      -50.481       47.396       22.569     0.038    4.00        0.150
  C      -51.265       46.137       23.111    -0.020    4.00        0.150
  C      -50.824       45.534       24.379     0.009    4.00        0.150
  C      -52.701       46.552       23.268     0.009    4.00        0.150
  C      -48.486       46.064       21.920     0.241    4.00        0.150
 OA      -48.686       45.640       20.771    -0.271    3.20        0.200
  N      -47.790       45.384       22.766    -0.346    3.50        0.160
 HD      -47.603       45.732       23.682     0.163    2.00        0.000
  C      -47.064       44.223       22.428     0.177    4.00        0.150
  C      -45.614       44.294       22.853     0.038    4.00        0.150
  C      -44.665       45.283       22.149    -0.020    4.00        0.150
  C      -44.634       46.615       22.958     0.009    4.00        0.150
  C      -43.231       44.612       21.850     0.009    4.00        0.150
  C      -47.705       43.042       23.060     0.241    4.00        0.150
 OA      -48.108       43.103       24.226    -0.271    3.20        0.200
  N      -47.779       41.955       22.259    -0.346    3.50        0.160
 HD      -47.375       41.978       21.347     0.163    2.00        0.000
  C      -48.534       40.745       22.586     0.172    4.00        0.150
  C      -49.951       40.765       21.994     0.042    4.00        0.150
  C      -47.725       39.460       22.121     0.240    4.00        0.150
 OA      -47.311       39.297       20.977    -0.271    3.20        0.200
  N      -47.414       38.495       23.085    -0.351    3.50        0.160
 HD      -47.747       38.668       24.008     0.163    2.00        0.000
  C      -46.771       37.229       22.850     0.225    4.00        0.150
  C      -47.698       36.129       22.576     0.236    4.00        0.150
 OA      -48.651       36.011       23.267    -0.272    3.20        0.200
  N      -47.367       35.240       21.600    -0.346    3.50        0.160
 HD      -46.468       35.321       21.176     0.163    2.00        0.000
  C      -48.191       34.096       21.255     0.180    4.00        0.150
  C      -48.383       34.116       19.654     0.073    4.00        0.150
  A      -49.318       35.314       19.422    -0.056    4.00        0.150
  A      -48.750       36.504       18.980     0.010    4.00        0.150
  A      -49.614       37.631       18.816     0.037    4.00        0.150
  A      -51.007       37.501       18.831     0.065    4.00        0.150
 OA      -51.659       38.640       18.354    -0.361    3.20        0.200
 HD      -52.594       38.570       18.561     0.217    2.00        0.000
  A      -50.719       35.101       19.403     0.010    4.00        0.150
  A      -51.554       36.232       19.045     0.037    4.00        0.150
  C      -47.583       32.746       21.593     0.241    4.00        0.150
 OA      -46.384       32.641       21.764    -0.271    3.20        0.200
  N      -48.365       31.694       21.722    -0.345    3.50        0.160
 HD      -49.309       31.992       21.837     0.163    2.00        0.000
  C      -48.036       30.299       21.845     0.186    4.00        0.150
  C      -49.366       29.409       21.864     0.147    4.00        0.150
  C      -49.971       29.452       23.190     0.175    4.00        0.150
 OA      -49.343       29.923       24.228    -0.648    3.20        0.200
 OA      -51.075       28.910       23.432    -0.648    3.20        0.200
  C      -47.220       29.917       20.637     0.241    4.00        0.150
 OA      -46.277       29.131       20.706    -0.271    3.20        0.200
  N      -47.693       30.308       19.417    -0.345    3.50        0.160
 HD      -48.531       30.843       19.344     0.163    2.00        0.000
  C      -47.101       29.892       18.142     0.186    4.00        0.150
  C      -48.078       29.938       16.918     0.147    4.00        0.150
  C      -49.060       28.862       16.996     0.175    4.00        0.150
 OA      -48.890       27.852       17.771    -0.648    3.20        0.200
 OA      -50.005       28.886       16.158    -0.648    3.20        0.200
  C      -45.890       30.866       17.885     0.241    4.00        0.150
 OA      -45.861       31.616       16.919    -0.271    3.20        0.200
  N      -44.833       30.729       18.691    -0.346    3.50        0.160
 HD      -45.142       30.200       19.477     0.163    2.00        0.000
  C      -43.467       31.089       18.501     0.180    4.00        0.150
  C      -42.591       30.083       17.729     0.073    4.00        0.150
  A      -43.089       29.778       16.301    -0.056    4.00        0.150
  A      -43.793       28.592       15.886     0.007    4.00        0.150
  A      -44.128       28.513       14.499     0.001    4.00        0.150
  A      -43.695       29.421       13.571     0.000    4.00        0.150
  A      -42.732       30.690       15.319     0.007    4.00        0.150
  A      -42.990       30.553       14.029     0.001    4.00        0.150
  C      -43.009       32.472       18.437     0.241    4.00        0.150
 OA      -41.843       32.834       18.517    -0.271    3.20        0.200
  N      -43.978       33.355       18.149    -0.346    3.50        0.160
 HD      -44.905       33.000       18.050     0.163    2.00        0.000
  C      -43.802       34.831       17.818     0.185    4.00        0.150
  C      -44.160       35.169       16.316     0.137    4.00        0.150
  C      -43.222       34.627       15.341     0.217    4.00        0.150
 OA      -42.101       34.217       15.674    -0.274    3.20        0.200
  N      -43.594       34.631       14.024    -0.370    3.50        0.160
 HD      -42.887       34.435       13.344     0.159    2.00        0.000
 HD      -44.450       35.009       13.670     0.159    2.00        0.000
  C      -44.471       35.805       18.820     0.241    4.00        0.150
 OA      -45.376       35.474       19.618    -0.271    3.20        0.200
  N      -44.017       37.096       18.671    -0.345    3.50        0.160
 HD      -43.231       37.265       18.082     0.163    2.00        0.000
  C      -44.600       38.261       19.349     0.185    4.00        0.150
  C      -43.782       38.613       20.675     0.105    4.00        0.150
 SA      -43.646       40.401       21.183    -0.180    4.00        0.200
 HD      -42.461       40.448       20.592     0.101    2.00        0.000
  C      -44.770       39.282       18.258     0.241    4.00        0.150
 OA      -44.078       39.310       17.231    -0.271    3.20        0.200
  N      -45.639       40.276       18.554    -0.346    3.50        0.160
 HD      -45.943       40.366       19.500     0.163    2.00        0.000
  C      -46.141       41.298       17.581     0.185    4.00        0.150
  C      -47.398       40.951       16.906     0.137    4.00        0.150
  C      -47.308       39.870       15.907     0.217    4.00        0.150
 OA      -47.226       40.209       14.742    -0.274    3.20        0.200
  N      -47.400       38.545       16.190    -0.370    3.50        0.160
 HD      -47.219       37.948       15.409     0.159    2.00        0.000
 HD      -47.914       38.198       16.975     0.159    2.00        0.000
  C      -46.373       42.583       18.362     0.241    4.00        0.150
 OA      -46.524       42.584       19.576    -0.271    3.20        0.200
  N      -46.337       43.693       17.602    -0.346    3.50        0.160
 HD      -46.118       43.540       16.641     0.163    2.00        0.000
  C      -46.644       45.044       18.023     0.180    4.00        0.150
  C      -45.536       45.983       17.730     0.009    4.00        0.150
  C      -45.756       47.373       18.316     0.012    4.00        0.150
  C      -44.220       45.441       18.201     0.012    4.00        0.150
  C      -47.904       45.455       17.253     0.241    4.00        0.150
 OA      -47.937       45.334       16.049    -0.271    3.20        0.200
  N      -48.918       46.004       17.994    -0.346    3.50        0.160
 HD      -48.803       46.034       18.984     0.163    2.00        0.000
  C      -50.239       46.468       17.555     0.181    4.00        0.150
  C      -51.339       45.749       18.305     0.075    4.00        0.150
  A      -51.384       44.325       18.006    -0.028    4.00        0.150
  A      -50.920       43.218       18.754     0.096    4.00        0.150
  N      -51.448       42.081       18.217    -0.365    3.50        0.160
 HD      -51.193       41.158       18.408     0.165    2.00        0.000
  A      -52.040       42.445       17.098     0.042    4.00        0.150
  A      -52.076       43.833       16.924    -0.002    4.00        0.150
  A      -52.694       44.412       15.834     0.014    4.00        0.150
  A      -53.466       43.559       15.034     0.001    4.00        0.150
  A      -52.752       41.573       16.262     0.030    4.00        0.150
  A      -53.448       42.158       15.186     0.002    4.00        0.150
  C      -50.173       48.025       17.658     0.241    4.00        0.150
 OA      -49.650       48.499       18.726    -0.271    3.20        0.200
  N      -50.674       48.713       16.671    -0.345    3.50        0.160
 HD      -50.973       48.275       15.826     0.163    2.00        0.000
  C      -51.029       50.136       16.813     0.186    4.00        0.150
  C      -51.168       50.807       15.391     0.147    4.00        0.150
  C      -51.588       52.253       15.428     0.175    4.00        0.150
 OA      -52.366       52.710       16.350    -0.648    3.20        0.200
 OA      -51.178       53.035       14.523    -0.648    3.20        0.200
  C      -52.269       50.274       17.785     0.241    4.00        0.150
 OA      -53.314       49.778       17.428    -0.271    3.20        0.200
  N      -52.172       50.793       19.025    -0.346    3.50        0.160
 HD      -51.252       50.948       19.379     0.163    2.00        0.000
  C      -53.244       50.861       19.993     0.172    4.00        0.150
  C      -52.605       51.451       21.185     0.042    4.00        0.150
  C      -54.482       51.685       19.571     0.240    4.00        0.150
 OA      -55.628       51.421       19.931    -0.271    3.20        0.200
  N      -54.315       52.717       18.789    -0.346    3.50        0.160
 HD      -53.438       52.817       18.327     0.163    2.00        0.000
  C      -55.309       53.619       18.451     0.177    4.00        0.150
  C      -54.788       55.122       18.407     0.038    4.00        0.150
  C      -54.390       55.757       19.690    -0.020    4.00        0.150
  C      -54.233       57.257       19.473     0.009    4.00        0.150
  C      -55.341       55.441       20.778     0.009    4.00        0.150
  C      -55.861       53.399       17.038     0.241    4.00        0.150
 OA      -56.939       53.925       16.731    -0.271    3.20        0.200
  N      -55.175       52.736       16.075    -0.346    3.50        0.160
 HD      -54.187       52.618       16.140     0.163    2.00        0.000
  C      -55.645       52.519       14.765     0.176    4.00        0.150
  C      -54.746       53.102       13.744     0.035    4.00        0.150
  C      -54.528       54.598       13.769     0.004    4.00        0.150
  C      -55.684       55.542       13.354     0.027    4.00        0.150
  C      -56.222       55.224       11.917     0.229    4.00        0.150
  N      -57.448       55.933       11.655    -0.079    3.50        0.160
 HD      -57.917       55.633       10.776     0.274    2.00        0.000
 HD      -57.271       56.956       11.599     0.274    2.00        0.000
 HD      -58.127       55.657       12.394     0.274    2.00        0.000
  C      -55.869       51.001       14.456     0.241    4.00        0.150
 OA      -56.482       50.699       13.419    -0.271    3.20        0.200
  N      -55.403       50.109       15.307    -0.346    3.50        0.160
 HD      -54.956       50.390       16.152     0.163    2.00        0.000
  C      -55.587       48.707       15.274     0.172    4.00        0.150
  C      -57.003       48.128       15.524     0.042    4.00        0.150
  C      -54.841       47.988       14.147     0.240    4.00        0.150
 OA      -55.218       46.891       13.707    -0.271    3.20        0.200
  N      -53.756       48.552       13.591    -0.346    3.50        0.160
 HD      -53.572       49.507       13.810     0.163    2.00        0.000
  C      -52.840       47.871       12.674     0.186    4.00        0.150
  C      -52.448       48.880       11.560     0.147    4.00        0.150
  C      -51.627       48.302       10.411     0.175    4.00        0.150
 OA      -52.174       47.389        9.732    -0.648    3.20        0.200
 OA      -50.554       48.871       10.109    -0.648    3.20        0.200
  C      -51.581       47.268       13.239     0.241    4.00        0.150
 OA      -51.083       47.642       14.262    -0.271    3.20        0.200
  N      -50.988       46.293       12.550    -0.346    3.50        0.160
 HD      -51.435       45.803       11.805     0.163    2.00        0.000
  C      -49.980       45.521       13.124     0.176    4.00        0.150
  C      -50.153       44.001       12.640     0.036    4.00        0.150
  C      -49.368       43.007       13.502     0.023    4.00        0.150
  C      -47.932       42.773       13.000     0.138    4.00        0.150
  N      -47.939       42.335       11.542    -0.227    3.50        0.160
 HD      -47.859       42.996       10.796     0.177    2.00        0.000
  C      -48.071       41.062       11.177     0.665    4.00        0.150
  N      -48.056       40.089       12.124    -0.235    3.50        0.160
 HD      -47.913       40.245       13.101     0.174    2.00        0.000
 HD      -47.945       39.167       11.753     0.174    2.00        0.000
  N      -48.075       40.763        9.844    -0.235    3.50        0.160
 HD      -47.984       41.462        9.134     0.174    2.00        0.000
 HD      -48.257       39.841        9.500     0.174    2.00        0.000
  C      -48.664       46.057       12.810     0.241    4.00        0.150
 OA      -48.237       45.891       11.649    -0.271    3.20        0.200
  N      -48.104       46.899       13.673    -0.346    3.50        0.160
 HD      -48.620       47.026       14.517     0.163    2.00        0.000
  C      -46.962       47.733       13.428     0.172    4.00        0.150
  C      -46.791       48.667       14.660     0.042    4.00        0.150
  C      -45.633       46.969       13.230     0.240    4.00        0.150
 OA      -44.742       47.309       12.478    -0.271    3.20        0.200
  N      -45.446       45.905       13.999    -0.351    3.50        0.160
 HD      -46.245       45.559       14.482     0.163    2.00        0.000
  C      -44.224       45.222       14.053     0.225    4.00        0.150
  C      -44.247       43.840       14.498     0.236    4.00        0.150
 OA      -45.136       43.375       15.205    -0.272    3.20        0.200
  N      -43.167       43.022       14.202    -0.346    3.50        0.160
 HD      -42.370       43.446       13.779     0.163    2.00        0.000
  C      -43.085       41.580       14.471     0.180    4.00        0.150
  C      -43.530       40.656       13.359     0.009    4.00        0.150
  C      -42.608       40.515       12.128     0.012    4.00        0.150
  C      -43.914       39.361       13.877     0.012    4.00        0.150
  C      -41.735       41.222       14.907     0.241    4.00        0.150
 OA      -40.718       41.383       14.266    -0.271    3.20        0.200
  N      -41.623       40.634       16.110    -0.346    3.50        0.160
 HD      -42.432       40.332       16.609     0.163    2.00        0.000
  C      -40.399       40.222       16.683     0.177    4.00        0.150
  C      -40.276       40.672       18.204     0.038    4.00        0.150
  C      -40.398       42.154       18.590    -0.020    4.00        0.150
  C      -41.860       42.571       18.610     0.009    4.00        0.150
  C      -39.870       42.305       20.053     0.009    4.00        0.150
  C      -40.386       38.654       16.653     0.241    4.00        0.150
 OA      -40.797       37.931       17.594    -0.271    3.20        0.200
  N      -39.835       38.068       15.601    -0.346    3.50        0.160
 HD      -39.382       38.653       14.933     0.163    2.00        0.000
  C      -39.740       36.693       15.328     0.172    4.00        0.150
  C      -40.414       36.315       13.974     0.042    4.00        0.150
  C      -38.233       36.340       15.281     0.240    4.00        0.150
 OA      -37.433       36.936       14.561    -0.271    3.20        0.200
  N      -37.931       35.304       16.027    -0.351    3.50        0.160
 HD      -38.661       34.853       16.535     0.163    2.00        0.000
  C      -36.598       34.779       16.211     0.225    4.00        0.150
  C      -36.574       33.456       17.017     0.236    4.00        0.150
 OA      -35.748       32.633       16.759    -0.272    3.20        0.200
  N      -37.609       33.117       17.861    -0.346    3.50        0.160
 HD      -38.364       33.721       18.101     0.163    2.00        0.000
  C      -37.589       31.855       18.623     0.182    4.00        0.150
  C      -38.308       32.061       20.015     0.093    4.00        0.150
  N      -36.520       32.862       21.697    -0.353    3.50        0.160
 HD      -35.762       32.223       21.564     0.166    2.00        0.000
  A      -37.650       33.102       20.888     0.030    4.00        0.150
  A      -36.377       33.943       22.498     0.207    4.00        0.150
 NA      -37.297       34.836       22.273    -0.254    3.50        0.160
  A      -38.104       34.279       21.311     0.143    4.00        0.150
  C      -38.373       30.782       17.870     0.241    4.00        0.150
 OA      -39.192       31.010       17.015    -0.271    3.20        0.200
  N      -38.115       29.447       18.033    -0.345    3.50        0.160
 HD      -37.388       29.243       18.684     0.163    2.00        0.000
  C      -38.732       28.385       17.272     0.186    4.00        0.150
  C      -37.607       27.209       16.953     0.147    4.00        0.150
  C      -36.295       27.693       16.261     0.175    4.00        0.150
 OA      -36.370       28.655       15.404    -0.648    3.20        0.200
 OA      -35.204       27.130       16.518    -0.648    3.20        0.200
  C      -39.831       27.677       17.999     0.241    4.00        0.150
 OA      -40.330       26.655       17.473    -0.271    3.20        0.200
  N      -40.290       28.072       19.180    -0.346    3.50        0.160
 HD      -39.975       28.966       19.489     0.163    2.00        0.000
  C      -41.253       27.368       19.924     0.185    4.00        0.150
  C      -40.524       26.248       20.734     0.137    4.00        0.150
  C      -41.545       25.367       21.429     0.217    4.00        0.150
 OA      -42.761       25.469       21.224    -0.274    3.20        0.200
  N      -41.100       24.526       22.387    -0.370    3.50        0.160
 HD      -40.111       24.514       22.530     0.159    2.00        0.000
 HD      -41.811       23.922       22.750     0.159    2.00        0.000
  C      -41.757       28.580       20.741     0.241    4.00        0.150
 OA      -41.070       29.600       20.690    -0.271    3.20        0.200
  N      -42.953       28.434       21.470    -0.346    3.50        0.160
 HD      -43.422       27.556       21.409     0.163    2.00        0.000
  C      -43.634       29.451       22.242     0.176    4.00        0.150
  C      -44.412       28.722       23.391     0.036    4.00        0.150
  C      -45.044       29.603       24.485     0.023    4.00        0.150
  C      -45.685       28.754       25.549     0.138    4.00        0.150
  N      -47.142       28.422       25.254    -0.227    3.50        0.160
 HD      -47.714       29.130       24.840     0.177    2.00        0.000
  C      -47.844       27.446       25.810     0.665    4.00        0.150
  N      -47.297       26.421       26.468    -0.235    3.50        0.160
 HD      -47.946       25.867       26.991     0.174    2.00        0.000
 HD      -46.478       25.963       26.125     0.174    2.00        0.000
  N      -49.119       27.634       25.837    -0.235    3.50        0.160
 HD      -49.458       28.507       25.484     0.174    2.00        0.000
 HD      -49.731       26.865       25.656     0.174    2.00        0.000
  C      -42.777       30.581       22.761     0.241    4.00        0.150
 OA      -41.780       30.376       23.530    -0.271    3.20        0.200
  N      -43.178       31.797       22.431    -0.346    3.50        0.160
 HD      -43.806       31.942       21.672     0.163    2.00        0.000
  C      -42.790       32.993       23.159     0.180    4.00        0.150
  C      -42.767       34.216       22.222     0.009    4.00        0.150
  C      -42.700       35.552       22.889     0.012    4.00        0.150
  C      -41.518       33.921       21.358     0.012    4.00        0.150
  C      -43.604       33.098       24.375     0.241    4.00        0.150
 OA      -44.742       33.470       24.450    -0.271    3.20        0.200
  N      -43.068       32.652       25.513    -0.344    3.50        0.160
 HD      -42.092       32.471       25.606     0.163    2.00        0.000
  C      -43.829       32.476       26.728     0.200    4.00        0.150
  C      -43.080       31.445       27.614     0.199    4.00        0.150
 OA      -41.699       31.810       27.775    -0.398    3.20        0.200
 HD      -41.364       31.312       28.524     0.209    2.00        0.000
  C      -43.982       33.705       27.565     0.243    4.00        0.150
 OA      -44.864       33.828       28.395    -0.271    3.20        0.200
  N      -43.041       34.710       27.367    -0.345    3.50        0.160
 HD      -42.271       34.675       26.735     0.163    2.00        0.000
  C      -42.983       35.850       28.235     0.185    4.00        0.150
  C      -42.392       35.542       29.608     0.105    4.00        0.150
 SA      -40.977       34.536       29.495    -0.180    4.00        0.200
 HD      -41.313       33.631       28.586     0.101    2.00        0.000
  C      -42.272       37.052       27.639     0.241    4.00        0.150
 OA      -41.279       36.956       26.909    -0.271    3.20        0.200
  N      -42.819       38.259       27.990    -0.346    3.50        0.160
 HD      -43.554       38.223       28.662     0.163    2.00        0.000
  C      -42.441       39.542       27.366     0.177    4.00        0.150
  C      -43.637       39.886       26.322     0.038    4.00        0.150
  C      -43.627       41.287       25.742    -0.020    4.00        0.150
  C      -42.479       41.578       24.742     0.009    4.00        0.150
  C      -44.997       41.567       25.120     0.009    4.00        0.150
  C      -42.390       40.609       28.410     0.240    4.00        0.150
 OA      -43.183       40.735       29.287    -0.271    3.20        0.200
  N      -41.324       41.421       28.421    -0.351    3.50        0.160
 HD      -40.575       41.365       27.767     0.163    2.00        0.000
  C      -41.274       42.665       29.187     0.225    4.00        0.150
  C      -40.841       43.822       28.409     0.236    4.00        0.150
 OA      -40.024       43.626       27.529    -0.272    3.20        0.200
  N      -41.333       44.976       28.820    -0.346    3.50        0.160
 HD      -42.078       44.998       29.483     0.163    2.00        0.000
  C      -40.814       46.233       28.235     0.180    4.00        0.150
  C      -41.920       47.057       27.564     0.009    4.00        0.150
  C      -41.341       48.391       27.070     0.012    4.00        0.150
  C      -42.652       46.242       26.431     0.012    4.00        0.150
  C      -40.308       47.017       29.431     0.241    4.00        0.150
 OA      -41.012       47.161       30.444    -0.271    3.20        0.200
  N      -39.040       47.553       29.388    -0.344    3.50        0.160
 HD      -38.477       47.502       28.567     0.163    2.00        0.000
  C      -38.531       48.520       30.365     0.205    4.00        0.150
  C      -37.176       49.084       29.996     0.146    4.00        0.150
 OA      -37.155       49.634       28.673    -0.393    3.20        0.200
 HD      -36.803       50.517       28.802     0.210    2.00        0.000
  C      -36.257       47.867       30.034     0.042    4.00        0.150
  C      -39.509       49.639       30.678     0.243    4.00        0.150
 OA      -40.257       50.094       29.849    -0.271    3.20        0.200
  N      -39.457       50.288       31.891    -0.345    3.50        0.160
 HD      -38.865       49.985       32.633     0.163    2.00        0.000
  C      -40.202       51.425       32.334     0.186    4.00        0.150
  C      -39.828       51.838       33.755     0.147    4.00        0.150
  C      -40.136       50.776       34.812     0.175    4.00        0.150
 OA      -40.902       49.771       34.637    -0.648    3.20        0.200
 OA      -39.699       51.008       35.972    -0.648    3.20        0.200
  C      -40.074       52.699       31.486     0.241    4.00        0.150
 OA      -40.914       53.569       31.548    -0.271    3.20        0.200
  N      -38.976       52.786       30.755    -0.345    3.50        0.160
 HD      -38.186       52.183       30.818     0.163    2.00        0.000
  C      -38.605       53.899       29.938     0.186    4.00        0.150
  C      -37.101       54.299       30.182     0.147    4.00        0.150
  C      -36.026       53.239       29.880     0.175    4.00        0.150
 OA      -36.314       52.138       29.470    -0.648    3.20        0.200
 OA      -34.816       53.606       30.031    -0.648    3.20        0.200
  C      -38.886       53.512       28.491     0.241    4.00        0.150
 OA      -38.942       54.337       27.550    -0.271    3.20        0.200
  N      -39.111       52.184       28.228    -0.351    3.50        0.160
 HD      -39.377       51.493       28.897     0.163    2.00        0.000
  C      -39.400       51.709       26.887     0.225    4.00        0.150
  C      -38.210       51.391       25.957     0.236    4.00        0.150
 OA      -38.509       51.027       24.829    -0.272    3.20        0.200
  N      -36.978       51.618       26.413    -0.346    3.50        0.160
 HD      -36.818       51.773       27.385     0.163    2.00        0.000
  C      -35.752       51.453       25.663     0.177    4.00        0.150
  C      -34.494       51.870       26.375     0.045    4.00        0.150
  C      -33.243       51.714       25.419     0.076    4.00        0.150
 SA      -33.241       52.912       23.980    -0.173    4.00        0.200
  C      -33.127       54.404       25.009     0.089    4.00        0.150
  C      -35.600       50.069       25.118     0.241    4.00        0.150
 OA      -35.134       49.867       23.975    -0.271    3.20        0.200
  N      -35.905       49.058       25.821    -0.346    3.50        0.160
 HD      -36.240       49.212       26.747     0.163    2.00        0.000
  C      -35.609       47.688       25.425     0.172    4.00        0.150
  C      -34.234       47.280       26.064     0.042    4.00        0.150
  C      -36.770       46.769       25.779     0.240    4.00        0.150
 OA      -37.423       46.827       26.832    -0.271    3.20        0.200
  N      -36.977       45.782       24.890    -0.346    3.50        0.160
 HD      -36.502       45.854       24.017     0.163    2.00        0.000
  C      -38.026       44.748       24.943     0.180    4.00        0.150
  C      -38.988       44.797       23.787     0.009    4.00        0.150
  C      -39.989       43.640       23.730     0.012    4.00        0.150
  C      -39.862       46.074       23.867     0.012    4.00        0.150
  C      -37.291       43.423       24.948     0.241    4.00        0.150
 OA      -36.307       43.266       24.248    -0.271    3.20        0.200
  N      -37.699       42.555       25.809    -0.346    3.50        0.160
 HD      -38.436       42.863       26.405     0.163    2.00        0.000
  C      -37.130       41.221       25.767     0.172    4.00        0.150
  C      -36.248       40.977       27.019     0.042    4.00        0.150
  C      -38.222       40.113       25.716     0.240    4.00        0.150
 OA      -39.256       40.216       26.348    -0.271    3.20        0.200
  N      -37.992       39.073       24.977    -0.344    3.50        0.160
 HD      -37.369       39.126       24.200     0.163    2.00        0.000
  C      -38.787       37.921       24.901     0.205    4.00        0.150
  C      -39.345       37.672       23.491     0.146    4.00        0.150
 OA      -38.385       37.466       22.477    -0.393    3.20        0.200
 HD      -38.032       36.577       22.551     0.210    2.00        0.000
  C      -40.121       38.967       23.148     0.042    4.00        0.150
  C      -38.017       36.732       25.460     0.243    4.00        0.150
 OA      -36.878       36.445       25.072    -0.271    3.20        0.200
  N      -38.724       35.884       26.261    -0.350    3.50        0.160
 HD      -39.623       36.151       26.601     0.163    2.00        0.000
  C      -38.231       34.530       26.605     0.225    4.00        0.150
  C      -39.104       33.501       25.970     0.236    4.00        0.150
 OA      -40.016       33.863       25.229    -0.272    3.20        0.200
  N      -38.937       32.170       26.204    -0.344    3.50        0.160
 HD      -38.374       31.766       26.921     0.163    2.00        0.000
  C      -39.535       31.186       25.351     0.200    4.00        0.150
  C      -38.876       31.159       23.938     0.199    4.00        0.150
 OA      -37.527       30.775       24.120    -0.398    3.20        0.200
 HD      -37.044       31.588       24.282     0.209    2.00        0.000
  C      -39.362       29.780       25.970     0.243    4.00        0.150
 OA      -38.459       29.538       26.750    -0.271    3.20        0.200
  N      -40.081       28.775       25.313    -0.346    3.50        0.160
 HD      -40.588       29.129       24.531     0.163    2.00        0.000
  C      -39.960       27.343       25.441     0.181    4.00        0.150
  C      -41.423       26.707       25.427     0.075    4.00        0.150
  A      -42.265       26.918       26.681    -0.028    4.00        0.150
  A      -42.054       27.923       27.587     0.096    4.00        0.150
  N      -42.996       27.758       28.621    -0.365    3.50        0.160
 HD      -43.459       28.474       29.095     0.165    2.00        0.000
  A      -43.700       26.618       28.451     0.042    4.00        0.150
  A      -43.410       26.137       27.190    -0.002    4.00        0.150
  A      -44.144       25.109       26.728     0.014    4.00        0.150
  A      -45.076       24.429       27.503     0.001    4.00        0.150
  A      -44.638       25.996       29.350     0.030    4.00        0.150
  A      -45.320       24.897       28.778     0.002    4.00        0.150
  C      -39.060       26.806       24.321     0.241    4.00        0.150
 OA      -39.045       25.624       24.031    -0.271    3.20        0.200
  N      -38.289       27.684       23.703    -0.345    3.50        0.160
 HD      -38.291       28.661       23.901     0.163    2.00        0.000
  C      -37.241       27.278       22.789     0.186    4.00        0.150
  C      -36.773       28.487       21.891     0.147    4.00        0.150
  C      -36.173       28.074       20.569     0.175    4.00        0.150
 OA      -36.157       26.852       20.284    -0.648    3.20        0.200
 OA      -35.837       28.983       19.767    -0.648    3.20        0.200
  C      -35.976       26.974       23.621     0.241    4.00        0.150
 OA      -35.047       26.251       23.232    -0.271    3.20        0.200
  N      -35.957       27.562       24.791    -0.345    3.50        0.160
 HD      -36.792       28.078       24.970     0.163    2.00        0.000
  C      -35.105       27.618       25.958     0.185    4.00        0.150
  C      -34.360       26.298       26.354     0.197    4.00        0.150
 OA      -33.454       25.929       25.347    -0.398    3.20        0.200
 HD      -33.898       26.047       24.503     0.209    2.00        0.000
  C      -34.310       28.932       25.872     0.177    4.00        0.150
 OA      -33.293       29.049       26.681    -0.175    3.20        0.200
  N      -34.611       29.775       24.919    -0.357    3.50        0.160
 HD      -35.448       29.700       24.384     0.162    2.00        0.000
  C      -33.786       30.954       24.733     0.179    4.00        0.150
  C      -33.197       30.869       23.308     0.073    4.00        0.150
  A      -32.541       29.566       23.086    -0.056    4.00        0.150
  A      -31.300       29.392       23.680     0.007    4.00        0.150
  A      -30.649       28.162       23.510     0.001    4.00        0.150
  A      -31.144       27.125       22.715     0.000    4.00        0.150
  A      -32.995       28.642       22.112     0.007    4.00        0.150
  A      -32.287       27.460       21.988     0.001    4.00        0.150
  C      -34.374       32.332       24.955     0.241    4.00        0.150
 OA      -35.619       32.568       24.837    -0.271    3.20        0.200
  N      -33.500       33.262       25.411    -0.346    3.50        0.160
 HD      -32.521       33.092       25.500     0.163    2.00        0.000
  C      -33.846       34.578       25.898     0.177    4.00        0.150
  C      -33.200       34.657       27.270     0.038    4.00        0.150
  C      -33.451       35.925       28.052    -0.020    4.00        0.150
  C      -34.930       36.035       28.469     0.009    4.00        0.150
  C      -32.632       35.984       29.340     0.009    4.00        0.150
  C      -33.227       35.649       24.936     0.241    4.00        0.150
 OA      -32.018       35.713       24.744    -0.271    3.20        0.200
  N      -34.168       36.412       24.251    -0.346    3.50        0.160
 HD      -35.154       36.292       24.331     0.163    2.00        0.000
  C      -33.743       37.605       23.414     0.176    4.00        0.150
  C      -34.248       37.463       21.921     0.035    4.00        0.150
  C      -33.508       36.302       21.289     0.004    4.00        0.150
  C      -34.331       35.942       19.978     0.027    4.00        0.150
  C      -33.707       34.769       19.244     0.229    4.00        0.150
  N      -32.285       35.074       18.755    -0.079    3.50        0.160
 HD      -32.226       35.757       17.973     0.274    2.00        0.000
 HD      -31.877       34.151       18.501     0.274    2.00        0.000
 HD      -31.648       35.392       19.514     0.274    2.00        0.000
  C      -33.980       39.012       23.864     0.241    4.00        0.150
 OA      -35.019       39.300       24.458    -0.271    3.20        0.200
  N      -33.055       39.942       23.613    -0.346    3.50        0.160
 HD      -32.312       39.621       23.031     0.163    2.00        0.000
  C      -33.175       41.395       24.018     0.180    4.00        0.150
  C      -31.960       41.913       24.849     0.013    4.00        0.150
  C      -32.158       43.336       25.349     0.012    4.00        0.150
  C      -31.531       40.913       26.064     0.002    4.00        0.150
  C      -32.605       40.632       27.138     0.005    4.00        0.150
  C      -33.263       42.110       22.748     0.241    4.00        0.150
 OA      -32.733       41.754       21.719    -0.271    3.20        0.200
  N      -34.076       43.125       22.670    -0.346    3.50        0.160
 HD      -34.603       43.499       23.430     0.163    2.00        0.000
  C      -34.480       43.740       21.439     0.181    4.00        0.150
  C      -35.828       43.088       21.009     0.075    4.00        0.150
  A      -36.022       41.642       20.752    -0.028    4.00        0.150
  A      -36.301       40.724       21.769     0.096    4.00        0.150
  N      -36.573       39.508       21.246    -0.365    3.50        0.160
 HD      -36.888       38.723       21.735     0.165    2.00        0.000
  A      -36.354       39.509       19.859     0.042    4.00        0.150
  A      -36.100       40.902       19.524    -0.002    4.00        0.150
  A      -35.954       41.219       18.163     0.014    4.00        0.150
  A      -36.164       40.250       17.173     0.001    4.00        0.150
  A      -36.561       38.586       18.864     0.030    4.00        0.150
  A      -36.532       39.003       17.526     0.002    4.00        0.150
  C      -34.666       45.265       21.510     0.241    4.00        0.150
 OA      -35.195       45.829       22.516    -0.271    3.20        0.200
  N      -34.232       45.953       20.456    -0.344    3.50        0.160
 HD      -33.787       45.602       19.635     0.163    2.00        0.000
  C      -34.351       47.418       20.309     0.194    4.00        0.150
  C      -33.091       48.186       20.767     0.138    4.00        0.150
  C      -33.120       49.708       20.541     0.217    4.00        0.150
 OA      -32.557       50.208       19.568    -0.274    3.20        0.200
  N      -33.759       50.444       21.463    -0.370    3.50        0.160
 HD      -33.905       51.397       21.200     0.159    2.00        0.000
 HD      -34.107       49.907       22.232     0.159    2.00        0.000
  C      -34.579       47.603       18.812     0.197    4.00        0.150
 OA      -33.788       47.147       17.993    -0.646    3.20        0.200
 OA      -35.634       48.169       18.381    -0.646    3.20        0.200
  N      -70.791       29.885       53.366    -0.067    3.50        0.160
 HD      -70.360       29.370       54.161     0.275    2.00        0.000
 HD      -71.796       29.958       53.628     0.275    2.00        0.000
 HD      -70.486       30.877       53.328     0.275    2.00        0.000
  C      -70.690       29.074       52.126     0.270    4.00        0.150
  C      -71.017       27.574       52.573     0.050    4.00        0.150
  C      -71.436       29.676       50.927     0.248    4.00        0.150
 OA      -71.492       30.896       50.739    -0.271    3.20        0.200
  N      -72.078       28.783       50.080    -0.344    3.50        0.160
 HD      -71.971       27.823       50.326     0.163    2.00        0.000
  C      -72.411       29.108       48.690     0.200    4.00        0.150
  C      -72.907       27.844       47.916     0.199    4.00        0.150
 OA      -72.236       27.821       46.644    -0.398    3.20        0.200
 HD      -72.884       28.173       46.030     0.209    2.00        0.000
  C      -73.402       30.235       48.529     0.243    4.00        0.150
 OA      -73.402       31.139       47.735    -0.271    3.20        0.200
  N      -74.431       30.238       49.399    -0.346    3.50        0.160
 HD      -74.564       29.436       49.976     0.163    2.00        0.000
  C      -75.430       31.287       49.588     0.180    4.00        0.150
  C      -76.601       30.872       50.512     0.013    4.00        0.150
  C      -77.193       32.100       51.216     0.012    4.00        0.150
  C      -77.569       29.959       49.683     0.002    4.00        0.150
  C      -78.533       30.777       48.762     0.005    4.00        0.150
  C      -74.785       32.657       49.953     0.241    4.00        0.150
 OA      -75.065       33.656       49.266    -0.271    3.20        0.200
  N      -73.788       32.716       50.962    -0.346    3.50        0.160
 HD      -73.457       31.870       51.374     0.163    2.00        0.000
  C      -73.212       33.878       51.476     0.172    4.00        0.150
  C      -72.304       33.611       52.688     0.042    4.00        0.150
  C      -72.346       34.585       50.378     0.240    4.00        0.150
 OA      -72.384       35.823       50.192    -0.271    3.20        0.200
  N      -71.667       33.750       49.566    -0.346    3.50        0.160
 HD      -71.736       32.802       49.868     0.163    2.00        0.000
  C      -70.874       34.082       48.378     0.177    4.00        0.150
  C      -70.343       32.719       47.765     0.044    4.00        0.150
  C      -69.128       32.037       48.458     0.105    4.00        0.150
  C      -68.138       33.034       49.030     0.215    4.00        0.150
 OA      -68.050       33.097       50.258    -0.274    3.20        0.200
  N      -67.324       33.675       48.141    -0.370    3.50        0.160
 HD      -66.536       34.159       48.524     0.159    2.00        0.000
 HD      -67.511       33.364       47.209     0.159    2.00        0.000
  C      -71.713       34.746       47.282     0.241    4.00        0.150
 OA      -71.305       35.744       46.714    -0.271    3.20        0.200
  N      -72.916       34.195       46.988    -0.346    3.50        0.160
 HD      -73.198       33.359       47.450     0.163    2.00        0.000
  C      -73.869       34.786       46.053     0.172    4.00        0.150
  C      -75.015       33.837       45.955     0.042    4.00        0.150
  C      -74.298       36.164       46.502     0.240    4.00        0.150
 OA      -74.348       37.117       45.763    -0.271    3.20        0.200
  N      -74.579       36.292       47.787    -0.346    3.50        0.160
 HD      -74.778       35.515       48.379     0.163    2.00        0.000
  C      -74.736       37.563       48.484     0.176    4.00        0.150
  C      -75.185       37.341       49.917     0.036    4.00        0.150
  C      -76.724       37.257       50.116     0.023    4.00        0.150
  C      -77.132       36.407       51.338     0.138    4.00        0.150
  N      -76.228       36.818       52.487    -0.227    3.50        0.160
 HD      -75.570       37.561       52.372     0.177    2.00        0.000
  C      -75.935       35.996       53.477     0.665    4.00        0.150
  N      -76.607       34.878       53.716    -0.235    3.50        0.160
 HD      -77.524       34.842       53.321     0.174    2.00        0.000
 HD      -76.353       34.366       54.535     0.174    2.00        0.000
  N      -75.031       36.357       54.343    -0.235    3.50        0.160
 HD      -74.350       36.908       53.860     0.174    2.00        0.000
 HD      -74.938       35.787       55.160     0.174    2.00        0.000
  C      -73.549       38.572       48.370     0.241    4.00        0.150
 OA      -73.844       39.709       48.082    -0.271    3.20        0.200
  N      -72.305       38.173       48.379    -0.346    3.50        0.160
 HD      -72.162       37.203       48.559     0.163    2.00        0.000
  C      -71.136       38.989       47.988     0.176    4.00        0.150
  C      -69.779       38.360       48.292     0.035    4.00        0.150
  C      -69.418       38.298       49.784     0.004    4.00        0.150
  C      -68.738       39.556       50.225     0.027    4.00        0.150
  C      -68.330       39.473       51.695     0.229    4.00        0.150
  N      -69.545       39.694       52.529    -0.079    3.50        0.160
 HD      -70.287       39.054       52.180     0.274    2.00        0.000
 HD      -69.933       40.648       52.387     0.274    2.00        0.000
 HD      -69.418       39.576       53.555     0.274    2.00        0.000
  C      -71.205       39.367       46.539     0.241    4.00        0.150
 OA      -71.018       40.558       46.217    -0.271    3.20        0.200
  N      -71.440       38.447       45.610    -0.346    3.50        0.160
 HD      -71.494       37.501       45.922     0.163    2.00        0.000
  C      -71.678       38.723       44.234     0.177    4.00        0.150
  C      -71.999       37.485       43.265     0.038    4.00        0.150
  C      -71.887       37.623       41.770    -0.020    4.00        0.150
  C      -70.425       37.824       41.464     0.009    4.00        0.150
  C      -72.475       36.443       41.025     0.009    4.00        0.150
  C      -72.753       39.794       44.081     0.241    4.00        0.150
 OA      -72.528       40.767       43.386    -0.271    3.20        0.200
  N      -73.928       39.650       44.696    -0.346    3.50        0.160
 HD      -74.068       38.923       45.362     0.163    2.00        0.000
  C      -75.010       40.652       44.664     0.180    4.00        0.150
  C      -76.348       40.160       45.255     0.009    4.00        0.150
  C      -77.365       41.327       45.259     0.012    4.00        0.150
  C      -76.899       38.998       44.334     0.012    4.00        0.150
  C      -74.612       41.952       45.217     0.241    4.00        0.150
 OA      -74.740       42.911       44.433    -0.271    3.20        0.200
  N      -74.055       42.087       46.413    -0.346    3.50        0.160
 HD      -73.851       41.284       46.969     0.163    2.00        0.000
  C      -73.575       43.423       46.770     0.177    4.00        0.150
  C      -73.077       43.428       48.246     0.045    4.00        0.150
  C      -74.254       43.315       49.281     0.116    4.00        0.150
  C      -73.938       42.974       50.657     0.172    4.00        0.150
 OA      -74.141       43.871       51.497    -0.648    3.20        0.200
 OA      -73.531       41.840       50.912    -0.648    3.20        0.200
  C      -72.576       44.100       45.893     0.241    4.00        0.150
 OA      -72.720       45.335       45.666    -0.271    3.20        0.200
  N      -71.575       43.415       45.364    -0.346    3.50        0.160
 HD      -71.375       42.539       45.795     0.163    2.00        0.000
  C      -70.683       43.803       44.265     0.177    4.00        0.150
  C      -69.718       42.550       43.907     0.044    4.00        0.150
  C      -68.569       42.886       42.904     0.105    4.00        0.150
  C      -67.666       44.096       43.096     0.215    4.00        0.150
 OA      -67.455       44.461       44.277    -0.274    3.20        0.200
  N      -67.202       44.722       41.978    -0.370    3.50        0.160
 HD      -66.935       45.685       41.978     0.159    2.00        0.000
 HD      -67.528       44.448       41.074     0.159    2.00        0.000
  C      -71.363       44.180       42.966     0.241    4.00        0.150
 OA      -71.086       45.192       42.342    -0.271    3.20        0.200
  N      -72.385       43.499       42.462    -0.346    3.50        0.160
 HD      -72.662       42.642       42.888     0.163    2.00        0.000
  C      -73.259       43.817       41.354     0.177    4.00        0.150
  C      -74.133       42.640       41.010     0.038    4.00        0.150
  C      -73.291       41.516       40.252    -0.020    4.00        0.150
  C      -74.275       40.306       40.199     0.009    4.00        0.150
  C      -72.839       41.931       38.885     0.009    4.00        0.150
  C      -74.095       45.075       41.641     0.241    4.00        0.150
 OA      -74.207       45.950       40.774    -0.271    3.20        0.200
  N      -74.642       45.243       42.837    -0.346    3.50        0.160
 HD      -74.529       44.532       43.527     0.163    2.00        0.000
  C      -75.276       46.454       43.279     0.176    4.00        0.150
  C      -75.923       46.178       44.705     0.035    4.00        0.150
  C      -77.085       45.231       44.736     0.004    4.00        0.150
  C      -78.307       45.753       43.982     0.027    4.00        0.150
  C      -79.237       46.680       44.836     0.229    4.00        0.150
  N      -80.528       46.981       44.159    -0.079    3.50        0.160
 HD      -80.392       47.709       43.429     0.274    2.00        0.000
 HD      -81.188       47.381       44.856     0.274    2.00        0.000
 HD      -80.854       46.053       43.822     0.274    2.00        0.000
  C      -74.389       47.674       43.231     0.241    4.00        0.150
 OA      -74.641       48.759       42.681    -0.271    3.20        0.200
  N      -73.194       47.486       43.849    -0.346    3.50        0.160
 HD      -73.145       46.648       44.386     0.163    2.00        0.000
  C      -72.191       48.504       43.975     0.177    4.00        0.150
  C      -71.123       47.986       44.988     0.045    4.00        0.150
  C      -70.031       48.991       45.475     0.076    4.00        0.150
 SA      -68.817       49.537       44.253    -0.173    4.00        0.200
  C      -68.070       47.957       43.704     0.089    4.00        0.150
  C      -71.644       48.778       42.565     0.241    4.00        0.150
 OA      -71.542       49.922       42.152    -0.271    3.20        0.200
  N      -71.442       47.835       41.648    -0.346    3.50        0.160
 HD      -71.429       46.908       42.014     0.163    2.00        0.000
  C      -71.163       48.028       40.197     0.177    4.00        0.150
  C      -70.837       46.715       39.497     0.045    4.00        0.150
  C      -69.431       46.087       39.859     0.116    4.00        0.150
  C      -69.199       44.736       39.339     0.172    4.00        0.150
 OA      -68.148       44.095       39.571    -0.648    3.20        0.200
 OA      -70.040       44.336       38.412    -0.648    3.20        0.200
  C      -72.321       48.651       39.378     0.241    4.00        0.150
 OA      -72.096       49.461       38.465    -0.271    3.20        0.200
  N      -73.627       48.396       39.703    -0.346    3.50        0.160
 HD      -73.726       47.779       40.480     0.163    2.00        0.000
  C      -74.738       49.048       39.051     0.172    4.00        0.150
  C      -76.073       48.320       39.348     0.042    4.00        0.150
  C      -74.891       50.485       39.509     0.240    4.00        0.150
 OA      -75.145       51.326       38.708    -0.271    3.20        0.200
  N      -74.599       50.849       40.782    -0.346    3.50        0.160
 HD      -74.541       50.237       41.566     0.163    2.00        0.000
  C      -74.680       52.294       41.169     0.185    4.00        0.150
  C      -74.461       52.286       42.789     0.137    4.00        0.150
  C      -74.205       53.647       43.331     0.217    4.00        0.150
 OA      -74.892       54.657       43.099    -0.274    3.20        0.200
  N      -73.072       53.830       44.096    -0.370    3.50        0.160
 HD      -72.813       54.761       44.354     0.159    2.00        0.000
 HD      -72.909       53.147       44.808     0.159    2.00        0.000
  C      -73.717       53.284       40.492     0.241    4.00        0.150
 OA      -74.147       54.311       39.889    -0.271    3.20        0.200
  N      -72.403       53.010       40.568    -0.346    3.50        0.160
 HD      -72.179       52.079       40.847     0.163    2.00        0.000
  C      -71.213       53.804       40.306     0.180    4.00        0.150
  C      -69.925       53.012       40.604     0.013    4.00        0.150
  C      -69.848       52.817       42.166     0.012    4.00        0.150
  C      -69.866       51.681       39.757     0.002    4.00        0.150
  C      -68.533       50.912       39.877     0.005    4.00        0.150
  C      -71.230       54.492       38.958     0.241    4.00        0.150
 OA      -71.883       54.089       38.036    -0.271    3.20        0.200
  N      -70.399       55.568       38.916    -0.345    3.50        0.160
 HD      -69.727       55.729       39.635     0.163    2.00        0.000
  C      -70.496       56.556       37.882     0.186    4.00        0.150
  C      -70.274       57.961       38.588     0.147    4.00        0.150
  C      -70.522       59.137       37.681     0.175    4.00        0.150
 OA      -71.376       58.990       36.759    -0.648    3.20        0.200
 OA      -70.045       60.241       37.956    -0.648    3.20        0.200
  C      -69.511       56.216       36.843     0.241    4.00        0.150
 OA      -68.372       55.784       37.137    -0.271    3.20        0.200
  N      -69.847       56.389       35.595    -0.346    3.50        0.160
 HD      -70.697       56.764       35.234     0.163    2.00        0.000
  C      -68.957       55.873       34.519     0.176    4.00        0.150
  C      -69.302       54.361       34.204     0.036    4.00        0.150
  C      -70.481       53.982       33.329     0.023    4.00        0.150
  C      -71.029       52.628       33.591     0.138    4.00        0.150
  N      -71.645       52.618       34.957    -0.227    3.50        0.160
 HD      -72.235       53.391       35.189     0.177    2.00        0.000
  C      -71.784       51.554       35.754     0.665    4.00        0.150
  N      -71.322       50.385       35.454    -0.235    3.50        0.160
 HD      -71.298       49.772       36.243     0.174    2.00        0.000
 HD      -70.578       50.150       34.826     0.174    2.00        0.000
  N      -72.397       51.707       36.938    -0.235    3.50        0.160
 HD      -72.513       52.660       37.219     0.174    2.00        0.000
 HD      -72.355       50.993       37.636     0.174    2.00        0.000
  C      -69.019       56.799       33.356     0.241    4.00        0.150
 OA      -70.115       57.275       33.019    -0.271    3.20        0.200
  N      -67.866       57.295       32.835    -0.346    3.50        0.160
 HD      -66.956       56.991       33.104     0.163    2.00        0.000
  C      -67.835       58.390       31.847     0.180    4.00        0.150
  C      -66.502       59.189       31.773     0.013    4.00        0.150
  C      -66.355       59.740       33.161     0.012    4.00        0.150
  C      -65.283       58.391       31.321     0.002    4.00        0.150
  C      -64.061       59.258       31.195     0.005    4.00        0.150
  C      -68.203       57.890       30.453     0.241    4.00        0.150
 OA      -68.060       56.734       30.053    -0.271    3.20        0.200
  N      -68.723       58.746       29.586    -0.346    3.50        0.160
 HD      -68.759       59.681       29.931     0.163    2.00        0.000
  C      -69.016       58.543       28.215     0.176    4.00        0.150
  C      -69.677       59.773       27.423     0.035    4.00        0.150
  C      -70.928       60.395       28.056     0.004    4.00        0.150
  C      -72.211       59.505       28.246     0.027    4.00        0.150
  C      -72.802       58.947       26.922     0.229    4.00        0.150
  N      -73.082       60.033       25.927    -0.079    3.50        0.160
 HD      -73.525       60.819       26.443     0.274    2.00        0.000
 HD      -73.818       59.697       25.274     0.274    2.00        0.000
 HD      -72.293       60.449       25.392     0.274    2.00        0.000
  C      -67.777       58.040       27.405     0.241    4.00        0.150
 OA      -66.664       58.565       27.519    -0.271    3.20        0.200
  N      -67.952       57.025       26.479    -0.346    3.50        0.160
 HD      -68.839       56.583       26.370     0.163    2.00        0.000
  C      -66.862       56.523       25.615     0.180    4.00        0.150
  C      -67.214       55.347       24.675     0.009    4.00        0.150
  C      -65.976       55.010       23.839     0.012    4.00        0.150
  C      -67.748       54.062       25.405     0.012    4.00        0.150
  C      -66.254       57.653       24.794     0.241    4.00        0.150
 OA      -65.029       57.804       24.765    -0.271    3.20        0.200
  N      -67.060       58.582       24.188    -0.344    3.50        0.160
 HD      -68.056       58.587       24.133     0.163    2.00        0.000
  C      -66.506       59.672       23.444     0.200    4.00        0.150
  C      -67.561       60.660       22.879     0.199    4.00        0.150
 OA      -68.594       60.013       22.126    -0.398    3.20        0.200
 HD      -69.048       59.443       22.750     0.209    2.00        0.000
  C      -65.423       60.533       24.161     0.243    4.00        0.150
 OA      -64.310       60.661       23.680    -0.271    3.20        0.200
  N      -65.628       61.020       25.379    -0.346    3.50        0.160
 HD      -66.494       60.750       25.793     0.163    2.00        0.000
  C      -64.814       61.882       26.153     0.176    4.00        0.150
  C      -65.530       62.256       27.489     0.035    4.00        0.150
  C      -64.936       63.506       28.154     0.004    4.00        0.150
  C      -63.603       63.326       28.924     0.027    4.00        0.150
  C      -62.913       64.576       29.473     0.229    4.00        0.150
  N      -61.826       64.178       30.363    -0.079    3.50        0.160
 HD      -61.279       63.407       29.928     0.274    2.00        0.000
 HD      -62.323       63.769       31.181     0.274    2.00        0.000
 HD      -61.125       64.876       30.682     0.274    2.00        0.000
  C      -63.619       61.032       26.524     0.241    4.00        0.150
 OA      -62.469       61.528       26.410    -0.271    3.20        0.200
  N      -63.805       59.757       26.901    -0.346    3.50        0.160
 HD      -64.766       59.506       26.819     0.163    2.00        0.000
  C      -62.753       58.782       27.364     0.172    4.00        0.150
  C      -63.560       57.609       27.897     0.042    4.00        0.150
  C      -61.732       58.376       26.310     0.240    4.00        0.150
 OA      -60.530       58.474       26.526    -0.271    3.20        0.200
  N      -62.212       57.986       25.089    -0.346    3.50        0.160
 HD      -63.206       58.057       25.054     0.163    2.00        0.000
  C      -61.417       57.681       23.856     0.172    4.00        0.150
  C      -62.434       57.216       22.825     0.042    4.00        0.150
  C      -60.551       58.849       23.437     0.240    4.00        0.150
 OA      -59.352       58.717       23.225    -0.271    3.20        0.200
  N      -61.164       59.992       23.403    -0.346    3.50        0.160
 HD      -62.142       59.950       23.594     0.163    2.00        0.000
  C      -60.442       61.228       22.968     0.172    4.00        0.150
  C      -61.449       62.409       22.847     0.042    4.00        0.150
  C      -59.245       61.554       23.964     0.240    4.00        0.150
 OA      -58.164       61.959       23.527    -0.271    3.20        0.200
  N      -59.446       61.284       25.281    -0.346    3.50        0.160
 HD      -60.352       60.910       25.462     0.163    2.00        0.000
  C      -58.420       61.359       26.384     0.186    4.00        0.150
  C      -59.131       61.020       27.692     0.147    4.00        0.150
  C      -59.679       62.256       28.467     0.175    4.00        0.150
 OA      -59.443       63.364       27.924    -0.648    3.20        0.200
 OA      -60.227       62.037       29.596    -0.648    3.20        0.200
  C      -57.314       60.322       26.189     0.241    4.00        0.150
 OA      -56.129       60.639       26.314    -0.271    3.20        0.200
  N      -57.656       59.093       25.894    -0.346    3.50        0.160
 HD      -58.639       58.937       25.825     0.163    2.00        0.000
  C      -56.652       58.057       25.642     0.177    4.00        0.150
  C      -57.447       56.787       25.264     0.038    4.00        0.150
  C      -56.725       55.465       25.320    -0.020    4.00        0.150
  C      -56.681       54.860       26.744     0.009    4.00        0.150
  C      -57.225       54.525       24.237     0.009    4.00        0.150
  C      -55.757       58.434       24.467     0.241    4.00        0.150
 OA      -54.552       58.385       24.527    -0.271    3.20        0.200
  N      -56.395       58.965       23.397    -0.346    3.50        0.160
 HD      -57.383       59.087       23.430     0.163    2.00        0.000
  C      -55.734       59.404       22.207     0.177    4.00        0.150
  C      -56.757       59.720       21.124     0.045    4.00        0.150
  C      -56.331       60.663       19.985     0.076    4.00        0.150
 SA      -57.592       60.663       18.656    -0.173    4.00        0.200
  C      -56.732       62.201       17.959     0.089    4.00        0.150
  C      -54.680       60.602       22.316     0.241    4.00        0.150
 OA      -53.542       60.663       21.831    -0.271    3.20        0.200
  N      -55.135       61.558       23.099    -0.346    3.50        0.160
 HD      -56.080       61.631       23.411     0.163    2.00        0.000
  C      -54.353       62.732       23.522     0.172    4.00        0.150
  C      -55.258       63.573       24.438     0.042    4.00        0.150
  C      -53.126       62.362       24.327     0.240    4.00        0.150
 OA      -52.035       62.912       24.060    -0.271    3.20        0.200
  N      -53.240       61.346       25.234    -0.346    3.50        0.160
 HD      -54.113       60.866       25.256     0.163    2.00        0.000
  C      -52.144       60.754       25.976     0.180    4.00        0.150
  C      -52.621       59.678       27.078     0.073    4.00        0.150
  A      -51.574       59.491       28.249    -0.056    4.00        0.150
  A      -51.732       60.253       29.484     0.010    4.00        0.150
  A      -50.781       60.043       30.518     0.037    4.00        0.150
  A      -49.883       58.993       30.393     0.065    4.00        0.150
 OA      -48.975       58.911       31.417    -0.361    3.20        0.200
 HD      -48.113       58.610       31.121     0.217    2.00        0.000
  A      -50.691       58.419       28.230     0.010    4.00        0.150
  A      -49.857       58.160       29.310     0.037    4.00        0.150
  C      -51.085       60.048       25.007     0.241    4.00        0.150
 OA      -49.901       60.291       25.037    -0.271    3.20        0.200
  N      -51.482       59.206       24.083    -0.345    3.50        0.160
 HD      -52.444       58.994       23.923     0.163    2.00        0.000
  C      -50.667       58.569       23.090     0.185    4.00        0.150
  C      -51.517       57.590       22.161     0.105    4.00        0.150
 SA      -52.434       56.241       22.855    -0.180    4.00        0.200
 HD      -53.395       56.883       23.504     0.101    2.00        0.000
  C      -49.952       59.524       22.152     0.241    4.00        0.150
 OA      -48.778       59.400       21.914    -0.271    3.20        0.200
  N      -50.656       60.581       21.704    -0.346    3.50        0.160
 HD      -51.618       60.608       21.964     0.163    2.00        0.000
  C      -50.049       61.685       21.051     0.177    4.00        0.150
  C      -51.251       62.603       20.507     0.045    4.00        0.150
  C      -52.055       61.903       19.409     0.116    4.00        0.150
  C      -51.233       61.877       18.075     0.172    4.00        0.150
 OA      -51.549       62.744       17.193    -0.648    3.20        0.200
 OA      -50.270       61.137       17.910    -0.648    3.20        0.200
  C      -49.146       62.556       21.824     0.241    4.00        0.150
 OA      -48.066       62.977       21.344    -0.271    3.20        0.200
  N      -49.470       62.807       23.131    -0.346    3.50        0.160
 HD      -50.402       62.618       23.432     0.163    2.00        0.000
  C      -48.658       63.465       24.115     0.172    4.00        0.150
  C      -49.417       63.589       25.465     0.042    4.00        0.150
  C      -47.317       62.844       24.337     0.240    4.00        0.150
 OA      -46.317       63.549       24.178    -0.271    3.20        0.200
  N      -47.148       61.517       24.353    -0.346    3.50        0.160
 HD      -47.953       60.931       24.398     0.163    2.00        0.000
  C      -45.913       60.949       24.743     0.182    4.00        0.150
  C      -46.209       59.677       25.526     0.093    4.00        0.150
  N      -48.067       60.286       27.089    -0.353    3.50        0.160
 HD      -48.743       60.488       26.380     0.166    2.00        0.000
  A      -46.739       59.976       26.833     0.030    4.00        0.150
  A      -48.161       60.633       28.419     0.207    4.00        0.150
 NA      -46.947       60.509       28.973    -0.254    3.50        0.160
  A      -46.050       60.120       28.036     0.143    4.00        0.150
  C      -45.146       60.502       23.470     0.241    4.00        0.150
 OA      -44.074       59.971       23.544    -0.271    3.20        0.200
  N      -45.667       60.681       22.236    -0.346    3.50        0.160
 HD      -46.514       61.152       22.001     0.163    2.00        0.000
  C      -45.192       59.910       21.059     0.172    4.00        0.150
  C      -46.126       60.110       19.856     0.042    4.00        0.150
  C      -43.745       60.254       20.685     0.240    4.00        0.150
 OA      -43.042       59.383       20.181    -0.271    3.20        0.200
  N      -43.284       61.508       20.967    -0.346    3.50        0.160
 HD      -44.032       62.122       21.202     0.163    2.00        0.000
  C      -41.912       62.071       20.881     0.176    4.00        0.150
  C      -42.005       63.583       21.079     0.035    4.00        0.150
  C      -40.638       64.313       21.040     0.004    4.00        0.150
  C      -40.794       65.819       21.543     0.027    4.00        0.150
  C      -39.794       66.788       20.938     0.229    4.00        0.150
  N      -38.460       66.325       21.407    -0.079    3.50        0.160
 HD      -37.855       67.154       21.239     0.274    2.00        0.000
 HD      -38.356       65.521       20.757     0.274    2.00        0.000
 HD      -38.618       66.081       22.405     0.274    2.00        0.000
  C      -40.928       61.464       21.730     0.241    4.00        0.150
 OA      -39.751       61.277       21.380    -0.271    3.20        0.200
  N      -41.327       61.197       23.011    -0.346    3.50        0.160
 HD      -42.292       61.301       23.238     0.163    2.00        0.000
  C      -40.418       60.951       24.159     0.177    4.00        0.150
  C      -40.786       61.793       25.319     0.045    4.00        0.150
  C      -40.665       63.392       25.076     0.116    4.00        0.150
  C      -40.785       64.150       26.361     0.172    4.00        0.150
 OA      -41.772       64.020       27.069    -0.648    3.20        0.200
 OA      -39.885       65.067       26.592    -0.648    3.20        0.200
  C      -40.169       59.425       24.442     0.241    4.00        0.150
 OA      -39.327       59.037       25.278    -0.271    3.20        0.200
  N      -40.972       58.559       23.828    -0.346    3.50        0.160
 HD      -41.658       58.936       23.210     0.163    2.00        0.000
  C      -40.928       57.151       23.920     0.186    4.00        0.150
  C      -42.311       56.492       23.665     0.147    4.00        0.150
  C      -42.414       55.033       23.467     0.175    4.00        0.150
 OA      -41.416       54.364       23.217    -0.648    3.20        0.200
 OA      -43.550       54.536       23.492    -0.648    3.20        0.200
  C      -39.837       56.541       22.875     0.243    4.00        0.150
 OA      -39.965       56.841       21.717    -0.271    3.20        0.200
  N      -38.864       55.815       23.311    -0.337    3.50        0.160
  C      -38.712       55.452       24.652     0.127    4.00        0.150
  C      -37.856       55.287       22.427     0.179    4.00        0.150
  C      -36.898       54.605       23.373     0.037    4.00        0.150
  C      -37.800       54.272       24.542     0.022    4.00        0.150
  C      -38.335       54.289       21.420     0.241    4.00        0.150
 OA      -37.616       54.179       20.454    -0.271    3.20        0.200
  N      -39.424       53.468       21.615    -0.346    3.50        0.160
 HD      -39.916       53.622       22.468     0.163    2.00        0.000
  C      -39.887       52.526       20.687     0.177    4.00        0.150
  C      -40.712       51.413       21.364     0.038    4.00        0.150
  C      -41.213       50.300       20.453    -0.020    4.00        0.150
  C      -39.971       49.650       19.765     0.009    4.00        0.150
  C      -42.025       49.255       21.260     0.009    4.00        0.150
  C      -40.463       53.160       19.421     0.241    4.00        0.150
 OA      -40.307       52.666       18.333    -0.271    3.20        0.200
  N      -41.242       54.223       19.685    -0.346    3.50        0.160
 HD      -41.281       54.666       20.577     0.163    2.00        0.000
  C      -42.038       55.060       18.698     0.177    4.00        0.150
  C      -43.311       55.413       19.324     0.038    4.00        0.150
  C      -44.245       56.309       18.576    -0.020    4.00        0.150
  C      -44.597       55.878       17.162     0.009    4.00        0.150
  C      -45.597       56.424       19.200     0.009    4.00        0.150
  C      -41.227       56.236       18.103     0.241    4.00        0.150
 OA      -41.644       56.826       17.067    -0.271    3.20        0.200
  N      -40.068       56.555       18.655    -0.344    3.50        0.160
 HD      -39.846       56.020       19.467     0.163    2.00        0.000
  C      -39.232       57.652       18.241     0.205    4.00        0.150
  C      -39.558       59.003       18.840     0.146    4.00        0.150
 OA      -40.870       59.410       18.494    -0.393    3.20        0.200
 HD      -41.403       59.200       19.264     0.210    2.00        0.000
  C      -38.718       60.122       18.202     0.042    4.00        0.150
  C      -37.753       57.225       18.525     0.245    4.00        0.150
 OA      -37.224       57.495       19.594    -0.271    3.20        0.200
  N      -37.116       56.490       17.597    -0.337    3.50        0.160
  C      -37.840       55.597       16.723     0.127    4.00        0.150
  C      -35.735       56.114       17.682     0.179    4.00        0.150
  C      -35.548       55.444       16.347     0.037    4.00        0.150
  C      -36.807       54.728       16.040     0.022    4.00        0.150
  C      -34.788       57.163       18.105     0.241    4.00        0.150
 OA      -35.020       58.339       17.802    -0.271    3.20        0.200
  N      -33.829       56.723       18.997    -0.346    3.50        0.160
 HD      -33.851       55.756       19.240     0.163    2.00        0.000
  C      -32.739       57.424       19.656     0.180    4.00        0.150
  C      -32.551       56.866       21.079     0.009    4.00        0.150
  C      -33.860       57.294       21.824     0.012    4.00        0.150
  C      -32.335       55.325       21.143     0.012    4.00        0.150
  C      -31.392       57.263       18.932     0.243    4.00        0.150
 OA      -31.134       56.128       18.428    -0.271    3.20        0.200
  N      -30.571       58.302       18.737    -0.337    3.50        0.160
  C      -30.965       59.739       19.020     0.127    4.00        0.150
  C      -29.312       58.235       17.999     0.179    4.00        0.150
  C      -28.789       59.759       17.930     0.037    4.00        0.150
  C      -29.671       60.582       18.932     0.022    4.00        0.150
  C      -28.267       57.348       18.571     0.241    4.00        0.150
 OA      -28.427       56.812       19.704    -0.271    3.20        0.200
  N      -27.313       57.015       17.783    -0.346    3.50        0.160
 HD      -27.212       57.576       16.964     0.163    2.00        0.000
  C      -26.394       56.025       18.110     0.172    4.00        0.150
  C      -25.417       56.108       16.941     0.042    4.00        0.150
  C      -25.583       56.251       19.442     0.240    4.00        0.150
 OA      -25.452       55.302       20.168    -0.271    3.20        0.200
  N      -25.318       57.520       19.827    -0.344    3.50        0.160
 HD      -25.579       58.208       19.155     0.163    2.00        0.000
  C      -24.688       57.908       21.066     0.200    4.00        0.150
  C      -24.252       59.464       21.043     0.199    4.00        0.150
 OA      -25.193       60.351       20.461    -0.398    3.20        0.200
 HD      -25.109       60.250       19.511     0.209    2.00        0.000
  C      -25.539       57.741       22.321     0.243    4.00        0.150
 OA      -25.024       57.623       23.448    -0.271    3.20        0.200
  N      -26.854       57.583       22.122    -0.346    3.50        0.160
 HD      -27.245       57.570       21.206     0.163    2.00        0.000
  C      -27.844       57.562       23.169     0.177    4.00        0.150
  C      -29.057       58.354       22.726     0.045    4.00        0.150
  C      -28.808       59.904       22.707     0.116    4.00        0.150
  C      -28.445       60.421       24.147     0.172    4.00        0.150
 OA      -27.425       61.092       24.382    -0.648    3.20        0.200
 OA      -29.283       60.093       25.046    -0.648    3.20        0.200
  C      -28.332       56.125       23.326     0.241    4.00        0.150
 OA      -29.006       55.814       24.241    -0.271    3.20        0.200
  N      -27.836       55.175       22.450    -0.346    3.50        0.160
 HD      -27.251       55.362       21.664     0.163    2.00        0.000
  C      -28.232       53.752       22.460     0.185    4.00        0.150
  C      -28.592       53.369       21.072     0.137    4.00        0.150
  C      -29.299       52.050       20.921     0.217    4.00        0.150
 OA      -29.202       51.215       21.751    -0.274    3.20        0.200
  N      -30.197       51.910       19.872    -0.370    3.50        0.160
 HD      -30.898       51.209       20.004     0.159    2.00        0.000
 HD      -30.367       52.721       19.312     0.159    2.00        0.000
  C      -27.067       52.891       23.071     0.243    4.00        0.150
 OA      -25.959       52.978       22.579    -0.271    3.20        0.200
  N      -27.313       51.886       23.974    -0.337    3.50        0.160
  C      -28.469       51.865       24.863     0.127    4.00        0.150
  C      -26.186       51.160       24.508     0.179    4.00        0.150
  C      -26.673       50.618       25.809     0.037    4.00        0.150
  C      -28.244       50.591       25.680     0.022    4.00        0.150
  C      -26.018       49.937       23.662     0.241    4.00        0.150
 OA      -24.907       49.393       23.554    -0.271    3.20        0.200
  N      -27.097       49.559       22.987    -0.346    3.50        0.160
 HD      -27.927       50.113       22.980     0.163    2.00        0.000
  C      -27.153       48.510       21.953     0.180    4.00        0.150
  C      -28.630       48.170       21.587     0.073    4.00        0.150
  A      -29.285       47.787       22.871    -0.056    4.00        0.150
  A      -28.930       46.570       23.508     0.007    4.00        0.150
  A      -29.630       46.183       24.708     0.001    4.00        0.150
  A      -30.553       47.012       25.276     0.000    4.00        0.150
  A      -30.303       48.533       23.392     0.007    4.00        0.150
  A      -30.918       48.191       24.569     0.001    4.00        0.150
  C      -26.459       48.883       20.682     0.241    4.00        0.150
 OA      -26.342       50.015       20.261    -0.271    3.20        0.200
  N      -25.869       47.876       20.054    -0.345    3.50        0.160
 HD      -25.780       46.973       20.468     0.163    2.00        0.000
  C      -25.168       47.952       18.774     0.185    4.00        0.150
  C      -23.979       47.034       18.829     0.038    4.00        0.150
  C      -22.845       47.279       19.914     0.023    4.00        0.150
  C      -22.060       48.574       19.722     0.138    4.00        0.150
  N      -21.312       48.603       18.480    -0.227    3.50        0.160
 HD      -21.799       48.804       17.631     0.177    2.00        0.000
  C      -20.228       47.946       18.284     0.665    4.00        0.150
  N      -19.585       47.226       19.170    -0.235    3.50        0.160
 HD      -19.694       47.285       20.163     0.174    2.00        0.000
 HD      -18.781       46.695       18.904     0.174    2.00        0.000
  N      -19.670       47.885       17.099    -0.235    3.50        0.160
 HD      -19.866       48.574       16.402     0.174    2.00        0.000
 HD      -18.790       47.443       16.918     0.174    2.00        0.000
  C      -26.111       47.648       17.567     0.196    4.00        0.150
 OA      -26.190       48.500       16.675    -0.646    3.20        0.200
 OA      -26.638       46.465       17.564    -0.646    3.20        0.200
